# Blender 5.1.1
# www.blender.org
mtllib gmod.mtl
o mesh2
v -0.006301 -0.056636 0.062363
v -0.004431 -0.056075 0.060105
v -0.009582 -0.055952 0.060926
v -0.007676 -0.054583 0.058903
v -0.002425 -0.054766 0.057929
v -0.012828 -0.054459 0.059725
v -0.005388 -0.052336 0.056681
v -0.000418 -0.053459 0.055751
v -0.010922 -0.053090 0.057700
v -0.016174 -0.052905 0.058676
v -0.011395 -0.046488 0.048659
v -0.013400 -0.047485 0.050942
v -0.008128 -0.048103 0.049791
v -0.010154 -0.048979 0.052143
v -0.004970 -0.050157 0.050912
v -0.006908 -0.050472 0.053346
v -0.001656 -0.050656 0.052372
v -0.003663 -0.051965 0.054548
v 0.001589 -0.052150 0.053574
v -0.008915 -0.051781 0.055523
v -0.014230 -0.051953 0.056455
v -0.019554 -0.051975 0.057455
v -0.017414 -0.050102 0.055297
v -0.012162 -0.050288 0.054321
v -0.015461 -0.049371 0.052990
v 0.008437 -0.082300 0.037854
v 0.008437 -0.082300 0.036875
v 0.008437 -0.074354 0.037854
v -0.003419 -0.082300 0.036875
v -0.003419 -0.082300 0.037854
v -0.003419 -0.074354 0.036875
v -0.003419 -0.074354 0.037854
v 0.008437 -0.074354 0.036875
v 0.012727 -0.070547 0.041666
v 0.011612 -0.071515 0.041667
v 0.013978 -0.070547 0.041666
v 0.015091 -0.080397 0.041672
v 0.015091 -0.071515 0.041667
v 0.012727 -0.081366 0.041673
v 0.011612 -0.080397 0.041672
v 0.013978 -0.081366 0.041673
v 0.012727 -0.081369 0.038898
v 0.011612 -0.080399 0.038896
v 0.013978 -0.081369 0.038903
v 0.012727 -0.082562 0.038870
v 0.011612 -0.081594 0.038869
v 0.013978 -0.082562 0.038876
v 0.015092 -0.081594 0.038874
v 0.015092 -0.080399 0.038902
v 0.015092 -0.071517 0.038896
v 0.012727 -0.070548 0.038895
v 0.011612 -0.071517 0.038896
v 0.011612 -0.070373 0.038868
v 0.012727 -0.069403 0.038867
v 0.013978 -0.070548 0.038895
v 0.013978 -0.069403 0.038867
v 0.015092 -0.070373 0.038868
v 0.011612 -0.070373 0.038868
v 0.011612 -0.070373 0.039661
v 0.012727 -0.069403 0.038867
v 0.012727 -0.069403 0.039660
v 0.013978 -0.069403 0.038867
v 0.011612 -0.071517 0.039661
v 0.012727 -0.070548 0.039661
v 0.011612 -0.071515 0.041667
v 0.012727 -0.070547 0.041666
v 0.013978 -0.070548 0.039661
v 0.013978 -0.070547 0.041666
v 0.015091 -0.071515 0.041667
v 0.015091 -0.071517 0.039661
v 0.015091 -0.070373 0.039661
v 0.013978 -0.069403 0.039660
v 0.015092 -0.070373 0.038868
v 0.011612 -0.080397 0.041672
v 0.011612 -0.080398 0.039661
v 0.012727 -0.081366 0.041673
v 0.012727 -0.081369 0.039662
v 0.011612 -0.081593 0.039662
v 0.012727 -0.082562 0.039663
v 0.011612 -0.081594 0.038869
v 0.012727 -0.082562 0.038870
v 0.013978 -0.082562 0.039669
v 0.013978 -0.082562 0.038876
v 0.015092 -0.081593 0.039668
v 0.015092 -0.081594 0.038874
v 0.015091 -0.080398 0.039667
v 0.013978 -0.081369 0.039668
v 0.013978 -0.081366 0.041673
v 0.015091 -0.080397 0.041672
v 0.014455 -0.068820 0.036271
v 0.015589 -0.069954 0.036260
v 0.012199 -0.068820 0.036271
v 0.011065 -0.081827 0.036242
v 0.011065 -0.069954 0.036260
v 0.014455 -0.082962 0.036231
v 0.015589 -0.081827 0.036242
v 0.012199 -0.082962 0.036231
v 0.011065 -0.081871 0.039037
v 0.012199 -0.083006 0.039026
v 0.011065 -0.069998 0.039054
v 0.015589 -0.081871 0.039037
v 0.014455 -0.083006 0.039026
v 0.014455 -0.068863 0.039065
v 0.012199 -0.068863 0.039065
v 0.015589 -0.069998 0.039054
v 0.015589 -0.069954 0.036260
v 0.015589 -0.081827 0.036242
v 0.014455 -0.082962 0.036231
v 0.012199 -0.082962 0.036231
v 0.011065 -0.081827 0.036242
v 0.011065 -0.069954 0.036260
v 0.012199 -0.068820 0.036271
v 0.014455 -0.068820 0.036271
v 0.013471 -0.081531 0.039278
v 0.013671 -0.081677 0.039276
v 0.013223 -0.081531 0.039278
v 0.012945 -0.081913 0.039272
v 0.013022 -0.081677 0.039276
v 0.013671 -0.082148 0.039268
v 0.013747 -0.081913 0.039272
v 0.013747 -0.081948 0.041396
v 0.013671 -0.081713 0.041400
v 0.013471 -0.081567 0.041402
v 0.013223 -0.081567 0.041402
v 0.013022 -0.081713 0.041400
v 0.012945 -0.081948 0.041396
v 0.013022 -0.082184 0.041391
v 0.013022 -0.082148 0.039268
v 0.013223 -0.082330 0.041389
v 0.013471 -0.082294 0.039265
v 0.013223 -0.082294 0.039265
v 0.013471 -0.082330 0.041389
v 0.013671 -0.082184 0.041391
v 0.008437 -0.082300 0.036875
v -0.003419 -0.082300 0.036875
v 0.008437 -0.074354 0.036875
v -0.003419 -0.074354 0.036875
v 0.011612 -0.070373 0.038868
v 0.011612 -0.071517 0.038896
v 0.011612 -0.070373 0.039661
v 0.011612 -0.071517 0.039661
v 0.011612 -0.071515 0.041667
v 0.011612 -0.080397 0.041672
v 0.011612 -0.080398 0.039661
v 0.011612 -0.080399 0.038896
v 0.011612 -0.081594 0.038869
v 0.011612 -0.081593 0.039662
v 0.013223 -0.081567 0.041402
v 0.013022 -0.081713 0.041400
v 0.013471 -0.081567 0.041402
v 0.013747 -0.081948 0.041396
v 0.013671 -0.081713 0.041400
v 0.013471 -0.082330 0.041389
v 0.013671 -0.082184 0.041391
v 0.013022 -0.082184 0.041391
v 0.012945 -0.081948 0.041396
v 0.013223 -0.082330 0.041389
v 0.013223 -0.069543 0.041387
v 0.013022 -0.069687 0.041385
v 0.013471 -0.069543 0.041387
v 0.013747 -0.069923 0.041380
v 0.013671 -0.069687 0.041385
v 0.013471 -0.070304 0.041374
v 0.013671 -0.070159 0.041376
v 0.013022 -0.070159 0.041376
v 0.012945 -0.069923 0.041380
v 0.013223 -0.070304 0.041374
v 0.018784 -0.091207 0.035918
v -0.023258 -0.091207 0.035918
v 0.018784 -0.061614 0.035918
v -0.023258 -0.061614 0.035918
v 0.010016 -0.082181 0.037219
v 0.010016 -0.074534 0.037219
v 0.008434 -0.082181 0.037719
v 0.008434 -0.074534 0.037719
v 0.010016 -0.074534 0.037219
v 0.010016 -0.082181 0.037219
v 0.010016 -0.074534 0.036815
v 0.010016 -0.082181 0.036815
v 0.008434 -0.082181 0.037719
v 0.008434 -0.082181 0.036815
v 0.008434 -0.074534 0.036815
v 0.008434 -0.074534 0.037719
v -0.003289 -0.082258 0.037719
v -0.003289 -0.083841 0.037219
v 0.008221 -0.082258 0.037719
v 0.008221 -0.083841 0.037219
v 0.008221 -0.072857 0.037219
v -0.003289 -0.072857 0.037219
v 0.008221 -0.074440 0.037719
v -0.003289 -0.074440 0.037719
v -0.003289 -0.072857 0.037219
v 0.008221 -0.072857 0.037219
v -0.003289 -0.072857 0.036815
v 0.008221 -0.072857 0.036815
v 0.008221 -0.074440 0.037719
v 0.008221 -0.074440 0.036815
v -0.003289 -0.074440 0.036815
v -0.003289 -0.074440 0.037719
v -0.004870 -0.074489 0.037219
v -0.004870 -0.082136 0.037219
v -0.003288 -0.074489 0.037719
v -0.003288 -0.082136 0.037719
v -0.004870 -0.082136 0.037219
v -0.004870 -0.074489 0.037219
v -0.004870 -0.082136 0.036815
v -0.004870 -0.074489 0.036815
v -0.003288 -0.074489 0.037719
v -0.003288 -0.074489 0.036815
v -0.003288 -0.082136 0.036815
v -0.003288 -0.082136 0.037719
v -0.018155 -0.082296 0.037674
v -0.018155 -0.083447 0.037243
v -0.012077 -0.082296 0.037674
v -0.012077 -0.083447 0.037243
v -0.011755 -0.082367 0.036751
v -0.018409 -0.082367 0.036751
v -0.011755 -0.080173 0.036751
v -0.018409 -0.080173 0.036751
v -0.018409 -0.080173 0.037795
v -0.018409 -0.082367 0.037795
v -0.011755 -0.080173 0.037795
v -0.011755 -0.082367 0.037795
v -0.011755 -0.082367 0.036751
v -0.018409 -0.082367 0.036751
v -0.018409 -0.080173 0.036751
v -0.011755 -0.080173 0.036751
v -0.012077 -0.079200 0.037243
v -0.018155 -0.079200 0.037243
v -0.012077 -0.080351 0.037674
v -0.018155 -0.080351 0.037674
v -0.018155 -0.079200 0.037243
v -0.012077 -0.079200 0.037243
v -0.018155 -0.079200 0.036754
v -0.012077 -0.079200 0.036754
v -0.012077 -0.080351 0.037674
v -0.012077 -0.080351 0.036754
v -0.018155 -0.080351 0.036754
v -0.018155 -0.080351 0.037674
v -0.020086 -0.068534 0.036985
v -0.020489 -0.067030 0.036985
v -0.018986 -0.069635 0.036985
v -0.015977 -0.069635 0.036985
v -0.017482 -0.070037 0.036985
v -0.014876 -0.068534 0.036985
v -0.014473 -0.067030 0.036985
v -0.015977 -0.064424 0.036985
v -0.018986 -0.064424 0.036985
v -0.020086 -0.065526 0.036985
v -0.014876 -0.065526 0.036985
v -0.017482 -0.064022 0.036985
v -0.012209 -0.055991 0.050656
v -0.012209 -0.053703 0.048386
v 0.016384 -0.055991 0.050656
v 0.016384 -0.053703 0.048386
v 0.016384 -0.053703 0.048386
v 0.016384 -0.051494 0.050611
v 0.016384 -0.055991 0.050656
v 0.016384 -0.053782 0.052882
v 0.015252 -0.050697 0.051414
v 0.016384 -0.051494 0.050611
v 0.012962 -0.050697 0.051414
v 0.016384 -0.053703 0.048386
v 0.005712 -0.050697 0.051414
v -0.001537 -0.050697 0.051414
v -0.008787 -0.050697 0.051414
v -0.011077 -0.050697 0.051414
v -0.012209 -0.053703 0.048386
v -0.012209 -0.051494 0.050611
v 0.013471 -0.069505 0.039264
v 0.013671 -0.069651 0.039261
v 0.013223 -0.069505 0.039264
v 0.013747 -0.069887 0.039256
v 0.013671 -0.070123 0.039253
v 0.012945 -0.069887 0.039256
v 0.013022 -0.069651 0.039261
v 0.013223 -0.070269 0.039251
v 0.013471 -0.070269 0.039251
v 0.013022 -0.070123 0.039253
v 0.013471 -0.070304 0.041374
v 0.013671 -0.070159 0.041376
v 0.013747 -0.069923 0.041380
v 0.013671 -0.069687 0.041385
v 0.013471 -0.069543 0.041387
v 0.013223 -0.069543 0.041387
v 0.013022 -0.069687 0.041385
v 0.012945 -0.069923 0.041380
v 0.013022 -0.070159 0.041376
v 0.013223 -0.070304 0.041374
v 0.018784 -0.091207 0.036425
v 0.018784 -0.088961 0.036426
v 0.015841 -0.090376 0.036427
v -0.021936 -0.088858 0.036427
v -0.021936 -0.088858 0.037071
v -0.021936 -0.065074 0.036427
v -0.023258 -0.061614 0.036423
v -0.023258 -0.091207 0.036425
v -0.023258 -0.091207 0.035918
v 0.018784 -0.091207 0.035918
v 0.018784 -0.061614 0.035918
v 0.018784 -0.061614 0.036425
v -0.023258 -0.061614 0.035918
v -0.020519 -0.089676 0.036427
v -0.021155 -0.089142 0.036427
v -0.020115 -0.090376 0.036427
v 0.015695 -0.091207 0.036426
v 0.016253 -0.089676 0.036427
v 0.016253 -0.089676 0.037072
v 0.015844 -0.090356 0.037072
v -0.020126 -0.090356 0.037071
v -0.020519 -0.089676 0.037071
v -0.021155 -0.089142 0.037071
v 0.015837 -0.063536 0.036427
v 0.015837 -0.063536 0.037072
v 0.016253 -0.064255 0.036427
v 0.015704 -0.062774 0.037072
v -0.020104 -0.063536 0.037071
v -0.019969 -0.062774 0.037071
v -0.019965 -0.062746 0.036427
v 0.015698 -0.062746 0.036427
v 0.017670 -0.065074 0.036427
v 0.017670 -0.088858 0.036427
v 0.016865 -0.089153 0.036428
v 0.016856 -0.089162 0.037072
v -0.021936 -0.065074 0.037071
v 0.016890 -0.064790 0.036427
v 0.016890 -0.064790 0.037072
v 0.016253 -0.064255 0.037072
v 0.017670 -0.065074 0.037072
v 0.017670 -0.088858 0.037072
v 0.016890 -0.089142 0.037072
v -0.021155 -0.064790 0.037071
v -0.020519 -0.064255 0.037071
v -0.020519 -0.064255 0.036427
v -0.020104 -0.063536 0.036427
v -0.021155 -0.064790 0.036427
v -0.012209 -0.055991 0.050656
v -0.012209 -0.053782 0.052882
v -0.012209 -0.053703 0.048386
v -0.012209 -0.051494 0.050611
v -0.001115 -0.057068 0.056266
v -0.001422 -0.057435 0.055898
v -0.001422 -0.058603 0.054720
v 0.013962 -0.057068 0.056266
v 0.014271 -0.058603 0.054720
v 0.014271 -0.057435 0.055898
v 0.008221 -0.083841 0.037219
v 0.008221 -0.083841 0.036815
v 0.008221 -0.082258 0.037719
v -0.003289 -0.083841 0.036815
v -0.003289 -0.083841 0.037219
v -0.003289 -0.082258 0.036815
v -0.003289 -0.082258 0.037719
v 0.008221 -0.082258 0.036815
v -0.012077 -0.083447 0.037243
v -0.012077 -0.083447 0.036754
v -0.012077 -0.082296 0.037674
v -0.018155 -0.083447 0.036754
v -0.018155 -0.083447 0.037243
v -0.018155 -0.082296 0.036754
v -0.018155 -0.082296 0.037674
v -0.012077 -0.082296 0.036754
v -0.015977 -0.064424 0.038375
v -0.017482 -0.064022 0.038375
v -0.014876 -0.065526 0.038375
v -0.015977 -0.069635 0.038375
v -0.014876 -0.068534 0.038375
v -0.017482 -0.070037 0.038375
v -0.020086 -0.065526 0.038375
v -0.014473 -0.067030 0.038375
v -0.020086 -0.065526 0.036985
v -0.018986 -0.064424 0.036985
v -0.018986 -0.064424 0.038375
v -0.017482 -0.064022 0.036985
v -0.015977 -0.064424 0.036985
v -0.014876 -0.065526 0.036985
v -0.014473 -0.067030 0.036985
v -0.014876 -0.068534 0.036985
v -0.015977 -0.069635 0.036985
v -0.017482 -0.070037 0.036985
v -0.018986 -0.069635 0.036985
v -0.018986 -0.069635 0.038375
v -0.020086 -0.068534 0.036985
v -0.020086 -0.068534 0.038375
v -0.020489 -0.067030 0.036985
v -0.020489 -0.067030 0.038375
v -0.001537 -0.050697 0.051414
v -0.008787 -0.050697 0.051414
v -0.001537 -0.051505 0.052216
v -0.008787 -0.051505 0.052216
v -0.008787 -0.051008 0.052717
v -0.011077 -0.050697 0.051414
v -0.012209 -0.051494 0.050611
v -0.012209 -0.053782 0.052882
v -0.011077 -0.052985 0.053685
v -0.008787 -0.052985 0.053685
v -0.008787 -0.051815 0.053518
v -0.001537 -0.051008 0.052717
v -0.001537 -0.052985 0.053685
v 0.005712 -0.052985 0.053685
v 0.005712 -0.051505 0.052216
v 0.005712 -0.050697 0.051414
v 0.012962 -0.050697 0.051414
v 0.012962 -0.051505 0.052216
v 0.015252 -0.052985 0.053685
v 0.012962 -0.052985 0.053685
v 0.012962 -0.051008 0.052717
v 0.005712 -0.051008 0.052717
v -0.001537 -0.051815 0.053518
v 0.012962 -0.051815 0.053518
v 0.005712 -0.051815 0.053518
v 0.015252 -0.050697 0.051414
v 0.016384 -0.051494 0.050611
v 0.016384 -0.053782 0.052882
v 0.014271 -0.055255 0.051397
v -0.001422 -0.055255 0.051397
v -0.012209 -0.055991 0.050656
v 0.016384 -0.055991 0.050656
v 0.014271 -0.054087 0.052574
v 0.016384 -0.053782 0.052882
v 0.013962 -0.053721 0.052943
v 0.015252 -0.052985 0.053685
v -0.001115 -0.053721 0.052943
v 0.012962 -0.052985 0.053685
v 0.005712 -0.052985 0.053685
v -0.001537 -0.052985 0.053685
v -0.008787 -0.052985 0.053685
v -0.011077 -0.052985 0.053685
v -0.001422 -0.054087 0.052574
v -0.012209 -0.053782 0.052882
v 0.014271 -0.055255 0.051397
v 0.014271 -0.058603 0.054720
v -0.001422 -0.055255 0.051397
v -0.001422 -0.058603 0.054720
v -0.001422 -0.055255 0.051397
v -0.001422 -0.058603 0.054720
v -0.001422 -0.054087 0.052574
v -0.001422 -0.057435 0.055898
v -0.001115 -0.053721 0.052943
v -0.001115 -0.057068 0.056266
v 0.013962 -0.053721 0.052943
v 0.013962 -0.057068 0.056266
v 0.014271 -0.054087 0.052574
v 0.014271 -0.057435 0.055898
v 0.014271 -0.055255 0.051397
v 0.014271 -0.058603 0.054720
v 0.014228 -0.031686 0.030105
v 0.014228 -0.031901 0.029888
v -0.010121 -0.031686 0.030105
v -0.010121 -0.031901 0.029888
v -0.006380 -0.032208 0.031397
v -0.002388 -0.032208 0.031397
v -0.006380 -0.032595 0.031008
v -0.002388 -0.032595 0.031008
v 0.006495 -0.032595 0.031008
v 0.006495 -0.032208 0.031397
v 0.010487 -0.032595 0.031008
v 0.010487 -0.032208 0.031397
v 0.000057 -0.032595 0.031008
v 0.000057 -0.032208 0.031397
v 0.004049 -0.032595 0.031008
v 0.004049 -0.032208 0.031397
v -0.002388 -0.033406 0.031813
v -0.002388 -0.032595 0.031008
v -0.002388 -0.033020 0.032203
v -0.002388 -0.032208 0.031397
v -0.006380 -0.033020 0.032203
v -0.006380 -0.032208 0.031397
v -0.006380 -0.033406 0.031813
v -0.006380 -0.032595 0.031008
v -0.002388 -0.033020 0.032203
v -0.002388 -0.032208 0.031397
v -0.006380 -0.033020 0.032203
v -0.006380 -0.032208 0.031397
v 0.006495 -0.033020 0.032203
v 0.006495 -0.032208 0.031397
v 0.006495 -0.033406 0.031813
v 0.006495 -0.032595 0.031008
v 0.010487 -0.033020 0.032203
v 0.010487 -0.032208 0.031397
v 0.006495 -0.033020 0.032203
v 0.006495 -0.032208 0.031397
v 0.010487 -0.033406 0.031813
v 0.010487 -0.032595 0.031008
v 0.010487 -0.033020 0.032203
v 0.010487 -0.032208 0.031397
v 0.000057 -0.033020 0.032203
v 0.000057 -0.032208 0.031397
v 0.000057 -0.033406 0.031813
v 0.000057 -0.032595 0.031008
v 0.004049 -0.033020 0.032203
v 0.004049 -0.032208 0.031397
v 0.000057 -0.033020 0.032203
v 0.000057 -0.032208 0.031397
v 0.004049 -0.033406 0.031813
v 0.004049 -0.032595 0.031008
v 0.004049 -0.033020 0.032203
v 0.004049 -0.032208 0.031397
v -0.010770 -0.031909 0.030325
v -0.010121 -0.031686 0.030105
v -0.010802 -0.031888 0.030306
v -0.011538 -0.032594 0.031007
v -0.011535 -0.032413 0.030827
v -0.011817 -0.032901 0.031312
v 0.001437 -0.057180 0.055825
v 0.001868 -0.057704 0.055298
v 0.000577 -0.057180 0.055825
v 0.000577 -0.058229 0.054769
v 0.001437 -0.058229 0.054769
v 0.000147 -0.057704 0.055298
v -0.011120 -0.033621 0.031596
v -0.011120 -0.034029 0.031185
v -0.011120 -0.052120 0.049959
v -0.010121 -0.031901 0.029888
v 0.015227 -0.033621 0.031596
v 0.015227 -0.034029 0.031185
v -0.011120 -0.052528 0.049547
v 0.015227 -0.052120 0.049959
v 0.015227 -0.052528 0.049547
v 0.015562 -0.032794 0.030774
v 0.015924 -0.033118 0.031095
v 0.015642 -0.032628 0.030610
v 0.014909 -0.032103 0.030089
v 0.014866 -0.032130 0.030115
v 0.014228 -0.031901 0.029888
v 0.015924 -0.052609 0.050444
v -0.011817 -0.052609 0.050444
v -0.011456 -0.032794 0.030774
v -0.010761 -0.032130 0.030115
v -0.010802 -0.032103 0.030089
v -0.011535 -0.032628 0.030610
v -0.011817 -0.033118 0.031095
v 0.015924 -0.052394 0.050661
v -0.011817 -0.052394 0.050661
v 0.014876 -0.031909 0.030325
v 0.014228 -0.031686 0.030105
v 0.015644 -0.032594 0.031007
v 0.015441 -0.033256 0.031664
v 0.014928 -0.033406 0.031813
v 0.015924 -0.052394 0.050661
v 0.015924 -0.032901 0.031312
v 0.015227 -0.051691 0.049963
v -0.010770 -0.031909 0.030325
v -0.011538 -0.032594 0.031007
v -0.010121 -0.031686 0.030105
v -0.006380 -0.032595 0.031008
v -0.002388 -0.032595 0.031008
v -0.010822 -0.033406 0.031813
v -0.011335 -0.033256 0.031664
v -0.011120 -0.033621 0.032026
v -0.011120 -0.051691 0.049963
v -0.011120 -0.051054 0.050605
v -0.010822 -0.051268 0.050818
v -0.010337 -0.050746 0.050308
v 0.014261 -0.050746 0.050308
v 0.014928 -0.051268 0.050818
v 0.015227 -0.051054 0.050605
v 0.014928 -0.051905 0.050176
v 0.015441 -0.052055 0.050325
v -0.011817 -0.052394 0.050661
v 0.014261 -0.033292 0.032976
v -0.010337 -0.033292 0.032976
v -0.011120 -0.032984 0.032668
v -0.011817 -0.032901 0.031312
v -0.011335 -0.052055 0.050325
v -0.010822 -0.051905 0.050176
v -0.010822 -0.032769 0.032455
v 0.014928 -0.032769 0.032455
v 0.015227 -0.032984 0.032668
v 0.015227 -0.033621 0.032026
v -0.006380 -0.033406 0.031813
v -0.006380 -0.033020 0.032203
v -0.002388 -0.033020 0.032203
v 0.004049 -0.033406 0.031813
v 0.004049 -0.033020 0.032203
v 0.006495 -0.033020 0.032203
v 0.006495 -0.033406 0.031813
v 0.004049 -0.032595 0.031008
v 0.006495 -0.032595 0.031008
v 0.010487 -0.032595 0.031008
v 0.010487 -0.033406 0.031813
v 0.010487 -0.033020 0.032203
v 0.000057 -0.033020 0.032203
v -0.002388 -0.033406 0.031813
v 0.000057 -0.033406 0.031813
v 0.000057 -0.032595 0.031008
v -0.011422 -0.046570 0.048669
v -0.008155 -0.048184 0.049801
v -0.013427 -0.047566 0.050952
v -0.010180 -0.049058 0.052155
v -0.004996 -0.050238 0.050922
v -0.006935 -0.050551 0.053357
v -0.001683 -0.050737 0.052381
v -0.003690 -0.052044 0.054559
v -0.008941 -0.051860 0.055535
v -0.005413 -0.052415 0.056692
v -0.010948 -0.053169 0.057711
v -0.007703 -0.054662 0.058914
v -0.012854 -0.054540 0.059734
v -0.009609 -0.056034 0.060937
v -0.016201 -0.052986 0.058687
v -0.014256 -0.052033 0.056467
v -0.012187 -0.050367 0.054332
v -0.015487 -0.049452 0.053000
v -0.017440 -0.050184 0.055306
v -0.019581 -0.052055 0.057464
v -0.004457 -0.056156 0.060116
v -0.002451 -0.054848 0.057938
v -0.000444 -0.053539 0.055762
v 0.001563 -0.052230 0.053584
v -0.001656 -0.050656 0.052372
v -0.004970 -0.050157 0.050912
v -0.008128 -0.048103 0.049791
v -0.011395 -0.046488 0.048659
v -0.013400 -0.047485 0.050942
v -0.015461 -0.049371 0.052990
v -0.017414 -0.050102 0.055297
v -0.019554 -0.051975 0.057455
v -0.016174 -0.052905 0.058676
v -0.012828 -0.054459 0.059725
v -0.009582 -0.055952 0.060926
v -0.006301 -0.056636 0.062363
v -0.006327 -0.056716 0.062373
v -0.004431 -0.056075 0.060105
v -0.002425 -0.054766 0.057929
v -0.000418 -0.053459 0.055751
v 0.001589 -0.052150 0.053574
v 0.015644 -0.032594 0.031007
v 0.015924 -0.032901 0.031312
v 0.015642 -0.032413 0.030827
v 0.014876 -0.031909 0.030325
v 0.014909 -0.031888 0.030306
v 0.014228 -0.031686 0.030105
v 0.001437 -0.058678 0.057313
v 0.001437 -0.059728 0.056255
v 0.001868 -0.059202 0.056784
v 0.000147 -0.059202 0.056784
v 0.000577 -0.058678 0.057313
v 0.000577 -0.059728 0.056255
v 0.001437 -0.058229 0.054769
v 0.000577 -0.058229 0.054769
v 0.000147 -0.057704 0.055298
v 0.000577 -0.057180 0.055825
v 0.001437 -0.057180 0.055825
v 0.001868 -0.057704 0.055298
v 0.011664 -0.073247 0.047962
v 0.009870 -0.075917 0.047962
v 0.011938 -0.073870 0.049702
v 0.010368 -0.075940 0.046222
v 0.011477 -0.072623 0.046222
v 0.011413 -0.076002 0.044281
v 0.011718 -0.072015 0.044281
v 0.012176 -0.076082 0.042972
v 0.012197 -0.071964 0.042972
v 0.009695 -0.075894 0.049702
v 0.007450 -0.077919 0.049702
v 0.009686 -0.075817 0.053048
v 0.008076 -0.078587 0.047962
v 0.008931 -0.079257 0.046222
v 0.010571 -0.079989 0.044281
v 0.011823 -0.080279 0.042972
v 0.013129 -0.080198 0.041505
v 0.013082 -0.076082 0.041505
v 0.013036 -0.071964 0.041505
v 0.012664 -0.074769 0.053048
v 0.010222 -0.074610 0.056170
v 0.012962 -0.074090 0.055633
v 0.013092 -0.072707 0.057943
v 0.010121 -0.073017 0.058587
v 0.012953 -0.070454 0.060061
v 0.009602 -0.070396 0.060243
v 0.012684 -0.067414 0.060543
v 0.009022 -0.067414 0.060543
v 0.012493 -0.064745 0.060102
v 0.008831 -0.064745 0.060102
v 0.012262 -0.062115 0.058839
v 0.008600 -0.062115 0.058839
v 0.012262 -0.059943 0.057249
v 0.008600 -0.059943 0.057249
v 0.012262 -0.057767 0.055169
v 0.008600 -0.057767 0.055169
v 0.004936 -0.057767 0.055169
v 0.004936 -0.059943 0.057249
v 0.005241 -0.062115 0.058839
v 0.005473 -0.064745 0.060102
v 0.005664 -0.067414 0.060543
v 0.006133 -0.070396 0.060243
v 0.006608 -0.073017 0.058587
v 0.006608 -0.074610 0.056170
v 0.006707 -0.076865 0.053048
v -0.010121 -0.031686 0.030105
v -0.010121 -0.031901 0.029888
v -0.010802 -0.031888 0.030306
v -0.010802 -0.032103 0.030089
v -0.011535 -0.032413 0.030827
v -0.011535 -0.032628 0.030610
v -0.011817 -0.032901 0.031312
v -0.011817 -0.033118 0.031095
v -0.011817 -0.052394 0.050661
v -0.011817 -0.052609 0.050444
v 0.014228 -0.031901 0.029888
v 0.014228 -0.031686 0.030105
v 0.014909 -0.032103 0.030089
v 0.014909 -0.031888 0.030306
v 0.015642 -0.032628 0.030610
v 0.015642 -0.032413 0.030827
v 0.015924 -0.033118 0.031095
v 0.015924 -0.032901 0.031312
v 0.015924 -0.052609 0.050444
v 0.015924 -0.052394 0.050661
v -0.002676 -0.050356 0.051987
v 0.000667 -0.050780 0.051700
v -0.002720 -0.051962 0.053843
v 0.000623 -0.052387 0.053555
v 0.000680 -0.052106 0.053799
v -0.002664 -0.051681 0.054087
v 0.000623 -0.052387 0.053555
v -0.002720 -0.051962 0.053843
v -0.002620 -0.050076 0.052231
v -0.002676 -0.050356 0.051987
v 0.000724 -0.050501 0.051944
v 0.000667 -0.050780 0.051700
v 0.015091 -0.080397 0.041672
v 0.015091 -0.080398 0.039667
v 0.015091 -0.071515 0.041667
v 0.015092 -0.080399 0.038902
v 0.015092 -0.081593 0.039668
v 0.015092 -0.081594 0.038874
v 0.015091 -0.071517 0.039661
v 0.015092 -0.071517 0.038896
v 0.015092 -0.070373 0.038868
v 0.015091 -0.070373 0.039661
v 0.012962 -0.074394 0.055687
v 0.013092 -0.072943 0.058141
v 0.010222 -0.074914 0.056224
v 0.012745 -0.075068 0.053048
v 0.009766 -0.076116 0.053048
v 0.012093 -0.074137 0.049702
v 0.009848 -0.076162 0.049702
v 0.010074 -0.076140 0.047962
v 0.011867 -0.073469 0.047962
v 0.010621 -0.076117 0.046222
v 0.011731 -0.072800 0.046222
v 0.011718 -0.076055 0.044281
v 0.012022 -0.072068 0.044281
v 0.012467 -0.075975 0.042972
v 0.012487 -0.071859 0.042972
v 0.013373 -0.075975 0.041505
v 0.013327 -0.071859 0.041505
v 0.013419 -0.080093 0.041505
v 0.012114 -0.080173 0.042972
v 0.010875 -0.080042 0.044281
v 0.009183 -0.079433 0.046222
v 0.008280 -0.078810 0.047962
v 0.007603 -0.078186 0.049702
v 0.006787 -0.077163 0.053048
v 0.006608 -0.074914 0.056224
v 0.010121 -0.073254 0.058785
v 0.006608 -0.073254 0.058785
v 0.009602 -0.070574 0.060497
v 0.006133 -0.070574 0.060497
v 0.009022 -0.067441 0.060851
v 0.005664 -0.067441 0.060851
v 0.008831 -0.064665 0.060400
v 0.005473 -0.064665 0.060400
v 0.008600 -0.061897 0.059057
v 0.005241 -0.061897 0.059057
v 0.004936 -0.059724 0.057468
v 0.012953 -0.070632 0.060315
v 0.012684 -0.067441 0.060851
v 0.012493 -0.064665 0.060400
v 0.012262 -0.061897 0.059057
v 0.008600 -0.059724 0.057468
v 0.008600 -0.057549 0.055388
v 0.004936 -0.057549 0.055388
v 0.012262 -0.059724 0.057468
v 0.012262 -0.057549 0.055388
v 0.018224 -0.083878 0.033767
v 0.019123 -0.083878 0.033943
v 0.018224 -0.088645 0.033767
v 0.019366 -0.083878 0.034133
v 0.020233 -0.083878 0.034135
v 0.020233 -0.088645 0.034135
v 0.009904 -0.083878 0.023310
v 0.009979 -0.083878 0.023032
v 0.008469 -0.083878 0.022144
v 0.017403 -0.083878 0.033534
v 0.018796 -0.083878 0.035803
v 0.017645 -0.083878 0.033723
v 0.018962 -0.083878 0.035565
v 0.017645 -0.088645 0.033723
v 0.018466 -0.088645 0.033957
v 0.019123 -0.088645 0.033943
v 0.019989 -0.083878 0.033946
v 0.019989 -0.088645 0.033946
v 0.019366 -0.088645 0.034133
v 0.018466 -0.083878 0.033957
v -0.022838 -0.088645 0.037049
v -0.022328 -0.088645 0.037237
v -0.023004 -0.088645 0.037286
v -0.022328 -0.083878 0.037237
v 0.017687 -0.083878 0.037053
v 0.017762 -0.083878 0.037333
v 0.018908 -0.083878 0.036834
v 0.018908 -0.088645 0.036834
v 0.019165 -0.088645 0.036256
v 0.018904 -0.088645 0.036234
v 0.018796 -0.088645 0.035803
v 0.009904 -0.088645 0.023310
v -0.023600 -0.088645 0.035908
v 0.003478 -0.088645 0.022460
v -0.023322 -0.088645 0.035982
v 0.003478 -0.083878 0.022460
v 0.004878 -0.083878 0.021812
v 0.005022 -0.083878 0.022062
v 0.006730 -0.083878 0.021663
v 0.006730 -0.088645 0.021663
v 0.008469 -0.088645 0.022144
v 0.009979 -0.088645 0.023032
v 0.017403 -0.088645 0.033534
v 0.018962 -0.088645 0.035565
v 0.019165 -0.083878 0.036256
v 0.018723 -0.083878 0.036613
v 0.017687 -0.088645 0.037053
v -0.022353 -0.088645 0.037526
v -0.023004 -0.083878 0.037286
v -0.023577 -0.083878 0.036543
v -0.023298 -0.083878 0.036468
v -0.023322 -0.083878 0.035982
v 0.003644 -0.088645 0.022696
v 0.004878 -0.088645 0.021812
v 0.006705 -0.083878 0.021374
v 0.008494 -0.083878 0.021861
v 0.006705 -0.088645 0.021374
v 0.008494 -0.088645 0.021861
v 0.005022 -0.088645 0.022062
v 0.003644 -0.083878 0.022696
v -0.023600 -0.083878 0.035908
v -0.023577 -0.088645 0.036543
v -0.023298 -0.088645 0.036468
v -0.022838 -0.083878 0.037049
v -0.022353 -0.083878 0.037526
v 0.017762 -0.088645 0.037333
v 0.018723 -0.088645 0.036613
v 0.018904 -0.083878 0.036234
v 0.012262 -0.057767 0.055169
v 0.008600 -0.057767 0.055169
v 0.012262 -0.057549 0.055388
v 0.008600 -0.057549 0.055388
v 0.004936 -0.057549 0.055388
v 0.004936 -0.057767 0.055169
v 0.013036 -0.071964 0.041505
v 0.012197 -0.071964 0.042972
v 0.013327 -0.071859 0.041505
v 0.012487 -0.071859 0.042972
v 0.011718 -0.072015 0.044281
v 0.012022 -0.072068 0.044281
v 0.011477 -0.072623 0.046222
v 0.011731 -0.072800 0.046222
v 0.011664 -0.073247 0.047962
v 0.011867 -0.073469 0.047962
v 0.011938 -0.073870 0.049702
v 0.012093 -0.074137 0.049702
v 0.012664 -0.074769 0.053048
v 0.012745 -0.075068 0.053048
v 0.012962 -0.074090 0.055633
v 0.012962 -0.074394 0.055687
v 0.013092 -0.072707 0.057943
v 0.013092 -0.072943 0.058141
v 0.012953 -0.070454 0.060061
v 0.012953 -0.070632 0.060315
v 0.012684 -0.067414 0.060543
v 0.012684 -0.067441 0.060851
v 0.012493 -0.064745 0.060102
v 0.012493 -0.064665 0.060400
v 0.012262 -0.062115 0.058839
v 0.012262 -0.061897 0.059057
v 0.012262 -0.059943 0.057249
v 0.012262 -0.059724 0.057468
v 0.012262 -0.057549 0.055388
v 0.012262 -0.057767 0.055169
v 0.006133 -0.070574 0.060497
v 0.005664 -0.067441 0.060851
v 0.006133 -0.070396 0.060243
v 0.005664 -0.067414 0.060543
v 0.005473 -0.064665 0.060400
v 0.005473 -0.064745 0.060102
v 0.005241 -0.061897 0.059057
v 0.005241 -0.062115 0.058839
v 0.004936 -0.059724 0.057468
v 0.004936 -0.059943 0.057249
v 0.004936 -0.057549 0.055388
v 0.004936 -0.057767 0.055169
v 0.013419 -0.080093 0.041505
v 0.012114 -0.080173 0.042972
v 0.013129 -0.080198 0.041505
v 0.011823 -0.080279 0.042972
v 0.010875 -0.080042 0.044281
v 0.010571 -0.079989 0.044281
v 0.009183 -0.079433 0.046222
v 0.008931 -0.079257 0.046222
v 0.008280 -0.078810 0.047962
v 0.008076 -0.078587 0.047962
v 0.007603 -0.078186 0.049702
v 0.007450 -0.077919 0.049702
v 0.006787 -0.077163 0.053048
v 0.006707 -0.076865 0.053048
v 0.006608 -0.074914 0.056224
v 0.006608 -0.074610 0.056170
v 0.006608 -0.073254 0.058785
v 0.006608 -0.073017 0.058587
vn 0.0505 0.4141 0.9088
vn 0.5645 0.4219 0.7095
vn -0.1023 0.5811 0.8074
vn 0.1179 0.7320 0.6710
vn 0.5711 0.3053 0.7620
vn -0.0530 0.5146 0.8558
vn 0.1398 0.8115 0.5674
vn 0.6083 0.3717 0.7013
vn 0.0793 0.7996 0.5953
vn -0.0775 0.5782 0.8122
vn -0.0465 0.2976 -0.9535
vn -0.5353 0.8444 -0.0210
vn 0.5259 0.7008 -0.4820
vn 0.1726 0.8201 0.5456
vn 0.5223 0.6525 -0.5491
vn 0.1546 0.8535 0.4977
vn 0.4570 0.7173 -0.5260
vn 0.1529 0.8469 0.5092
vn 0.7582 0.3712 0.5360
vn 0.0835 0.8412 0.5343
vn 0.1097 0.7913 0.6016
vn -0.5722 0.7571 0.3153
vn -0.5643 0.8255 -0.0057
vn 0.1094 0.8041 0.5844
vn -0.5783 0.8138 -0.0571
vn 0.4083 -0.8165 0.4083
vn 0.8165 -0.4082 -0.4083
vn 0.6667 0.3334 0.6667
vn -0.3333 -0.6666 -0.6667
vn -0.6667 -0.3334 0.6667
vn -0.8165 0.4082 -0.4083
vn -0.4083 0.8165 0.4083
vn 0.3333 0.6667 -0.6667
vn -0.2183 0.9175 0.3324
vn -0.5672 0.3707 0.7354
vn 0.1486 0.3979 0.9053
vn 0.5674 -0.3692 0.7360
vn 0.9221 0.3226 0.2138
vn -0.2680 -0.5112 0.8166
vn -0.9460 -0.1950 0.2589
vn 0.2187 -0.9168 0.3341
vn 0.0085 0.0182 -0.9998
vn -0.3094 0.0077 -0.9509
vn -0.0052 0.0119 -0.9999
vn -0.1498 -0.6597 -0.7365
vn -0.8784 -0.3967 -0.2665
vn 0.3188 -0.5984 -0.7350
vn 0.6058 -0.2661 -0.7498
vn 0.9282 0.0043 -0.3720
vn 0.3108 -0.0083 -0.9504
vn 0.0068 -0.0127 -0.9999
vn -0.9280 -0.0046 -0.3726
vn -0.6061 0.2644 -0.7501
vn -0.3173 0.5977 -0.7363
vn -0.0051 -0.0190 -0.9998
vn 0.1512 0.6587 -0.7370
vn 0.8789 0.3961 -0.2658
vn -0.6061 0.2644 -0.7502
vn -0.8775 0.3997 0.2649
vn -0.3172 0.5977 -0.7363
vn -0.1590 0.6680 0.7270
vn 0.1512 0.6586 -0.7371
vn -0.8633 0.1784 0.4720
vn -0.3183 0.6088 0.7267
vn -0.5672 0.3707 0.7355
vn -0.2184 0.9175 0.3324
vn 0.2736 0.7314 0.6246
vn 0.9221 0.3226 0.2139
vn 0.9655 0.1564 0.2080
vn 0.6121 0.2790 0.7399
vn 0.3181 0.6085 0.7270
vn -0.9460 -0.1950 0.2588
vn -0.9466 -0.2686 0.1783
vn -0.2679 -0.5112 0.8166
vn -0.1604 -0.6668 0.7278
vn -0.6125 -0.2783 0.7399
vn -0.3202 -0.6073 0.7271
vn -0.1498 -0.6596 -0.7365
vn 0.1583 -0.6674 0.7277
vn 0.3188 -0.5984 -0.7351
vn 0.8775 -0.3993 0.2655
vn 0.6058 -0.2661 -0.7499
vn 0.8632 -0.1773 0.4727
vn 0.3166 -0.6077 0.7283
vn 0.2187 -0.9168 0.3340
vn 0.2384 0.9159 -0.3229
vn 0.5911 0.3487 -0.7273
vn -0.2905 0.5003 -0.8157
vn -0.5860 -0.3407 -0.7352
vn -0.9116 0.2393 -0.3341
vn 0.2890 -0.4888 -0.8231
vn 0.9105 -0.2366 -0.3391
vn -0.2376 -0.9060 -0.3503
vn -0.9117 -0.2393 0.3340
vn -0.3452 -0.5949 0.7259
vn -0.4927 0.2857 0.8219
vn 0.4965 -0.2937 0.8168
vn 0.2385 -0.9159 0.3229
vn 0.3443 0.5821 0.7366
vn -0.2375 0.9060 0.3502
vn 0.9105 0.2366 0.3390
vn 0.5911 0.3486 -0.7274
vn 0.9106 -0.2366 -0.3390
vn -0.2376 -0.9061 -0.3502
vn -0.5859 -0.3406 -0.7353
vn -0.9117 0.2393 -0.3340
vn 0.2384 0.9159 -0.3228
vn 0.1944 0.9294 -0.3136
vn 0.4320 0.4042 -0.8062
vn -0.2839 0.6427 -0.7115
vn -0.4960 -0.0395 -0.8674
vn -0.8189 0.4760 -0.3205
vn 0.5054 -0.2753 -0.8178
vn 0.9385 0.1075 -0.3282
vn 0.5795 -0.0779 0.8113
vn 0.8194 0.4636 0.3372
vn 0.2837 0.6176 0.7336
vn -0.1934 0.9187 0.3445
vn -0.3689 0.3195 0.8729
vn -0.9388 0.0962 0.3308
vn -0.5996 -0.3567 0.7165
vn -0.6999 -0.6287 -0.3388
vn -0.3872 -0.8667 0.3145
vn 0.3891 -0.8545 -0.3443
vn -0.1432 -0.6640 -0.7339
vn 0.1204 -0.5844 0.8025
vn 0.7011 -0.6384 0.3175
vn -0.3333 -0.6667 -0.6666
vn 0.3333 0.6667 -0.6666
vn -0.6061 0.2645 -0.7501
vn -0.9280 -0.0046 -0.3725
vn -0.8775 0.3998 0.2649
vn -0.8633 0.1784 0.4721
vn -0.9461 -0.1950 0.2588
vn -0.9466 -0.2685 0.1783
vn -0.3095 0.0077 -0.9509
vn -0.6125 -0.2783 0.7398
vn -0.1933 0.9186 0.3446
vn -0.3688 0.3195 0.8729
vn 0.2837 0.6176 0.7335
vn 0.5795 -0.0779 0.8112
vn 0.8193 0.4636 0.3374
vn 0.1204 -0.5845 0.8024
vn 0.7010 -0.6385 0.3176
vn -0.5996 -0.3567 0.7164
vn -0.9388 0.0961 0.3309
vn -0.3872 -0.8667 0.3146
vn -0.1922 0.9187 0.3449
vn -0.3685 0.3196 0.8730
vn 0.2830 0.6179 0.7336
vn 0.5796 -0.0779 0.8112
vn 0.8190 0.4640 0.3376
vn 0.1197 -0.5846 0.8024
vn 0.7002 -0.6393 0.3179
vn -0.5994 -0.3569 0.7165
vn -0.9388 0.0957 0.3308
vn -0.3861 -0.8671 0.3148
vn 0.5773 -0.5774 -0.5774
vn -0.5774 -0.5773 -0.5774
vn 0.8018 0.2673 -0.5345
vn -0.4082 0.8165 -0.4083
vn 0.8574 -0.3726 0.3552
vn 0.5018 0.6261 0.5969
vn -0.1422 -0.7164 0.6831
vn -0.7757 0.4568 0.4355
vn 0.5018 0.6260 0.5969
vn 0.8574 -0.3725 0.3552
vn 0.6666 0.3334 -0.6667
vn 0.4082 -0.8165 -0.4083
vn -0.6666 -0.3334 -0.6667
vn -0.4083 0.8165 -0.4083
vn -0.7757 0.4567 0.4354
vn -0.4568 0.7757 0.4355
vn -0.6261 -0.5017 0.5969
vn 0.7164 0.1421 0.6830
vn 0.3726 -0.8574 0.3552
vn 0.3726 0.8573 0.3552
vn -0.6261 0.5017 0.5969
vn 0.7164 -0.1423 0.6831
vn -0.4568 -0.7757 0.4354
vn -0.6260 0.5017 0.5970
vn 0.3725 0.8573 0.3552
vn -0.3334 0.6666 -0.6667
vn 0.8165 0.4082 -0.4083
vn 0.7164 -0.1423 0.6830
vn 0.3334 -0.6666 -0.6667
vn -0.8165 -0.4083 -0.4083
vn -0.4567 -0.7758 0.4355
vn -0.8574 0.3726 0.3552
vn -0.5018 -0.6261 0.5969
vn 0.1422 0.7164 0.6831
vn 0.7757 -0.4568 0.4355
vn -0.5018 -0.6260 0.5969
vn -0.8574 0.3725 0.3552
vn -0.6667 -0.3333 -0.6667
vn 0.6667 0.3334 -0.6667
vn 0.4083 -0.8165 -0.4083
vn 0.7757 -0.4567 0.4354
vn -0.4664 0.7692 0.4368
vn -0.6201 -0.5276 0.5806
vn 0.7257 0.1082 0.6795
vn 0.3675 -0.8640 0.3441
vn 0.6666 0.3334 0.6667
vn 0.8165 -0.4083 -0.4083
vn -0.3332 -0.6667 -0.6667
vn -0.8165 0.4083 -0.4083
vn 0.3332 0.6667 -0.6667
vn 0.3676 0.8640 0.3441
vn -0.6201 0.5276 0.5806
vn 0.7256 -0.1083 0.6795
vn -0.4665 -0.7692 0.4368
vn -0.6201 0.5276 0.5807
vn 0.3675 0.8640 0.3441
vn 0.7256 -0.1082 0.6795
vn -0.4665 -0.7692 0.4367
vn -0.7737 -0.5438 -0.3251
vn -0.5009 -0.0447 -0.8643
vn -0.2929 -0.6316 -0.7179
vn 0.2891 -0.4116 -0.8643
vn 0.0841 -0.9419 -0.3251
vn 0.8578 -0.3981 -0.3251
vn 0.6935 0.0619 -0.7178
vn 0.2116 0.4563 -0.8643
vn -0.4005 0.5694 -0.7179
vn -0.8580 0.3978 -0.3251
vn 0.7737 0.5438 -0.3251
vn -0.0841 0.9419 -0.3251
vn -0.3014 -0.8545 0.4231
vn -0.5771 0.0031 -0.8166
vn 0.4850 -0.8582 0.1681
vn 0.1621 0.5765 -0.8009
vn 0.1622 0.5765 -0.8008
vn 0.8124 0.5751 -0.0963
vn 0.4851 -0.8582 0.1681
vn 0.4845 -0.4627 0.7424
vn 0.3362 0.9103 0.2415
vn -0.0000 0.9894 0.1450
vn -0.0000 1.0000 0.0036
vn -0.0000 0.9476 0.3196
vn -0.0000 0.9799 0.1996
vn -0.2560 0.9489 0.1846
vn -0.5772 0.0031 -0.8166
vn -0.8124 0.5751 -0.0965
vn 0.1939 0.9299 -0.3124
vn 0.4310 0.4066 -0.8056
vn -0.2815 0.6448 -0.7107
vn 0.9385 0.1074 -0.3280
vn 0.5050 -0.2772 -0.8174
vn -0.4944 -0.0394 -0.8683
vn -0.8187 0.4759 -0.3213
vn -0.1416 -0.6654 -0.7329
vn 0.3872 -0.8557 -0.3433
vn -0.6986 -0.6298 -0.3395
vn 0.1197 -0.5846 0.8025
vn 0.7003 -0.6393 0.3178
vn 0.5795 -0.0778 0.8112
vn 0.8190 0.4641 0.3374
vn 0.2829 0.6178 0.7337
vn -0.1923 0.9188 0.3448
vn -0.9389 0.0957 0.3307
vn -0.5993 -0.3570 0.7166
vn -0.3860 -0.8672 0.3147
vn 0.4851 -0.7277 0.4849
vn 0.4481 -0.0004 0.8940
vn 0.2284 -0.2698 0.9354
vn -0.3569 -0.3974 0.8454
vn -0.7273 -0.2919 0.6211
vn -0.4957 0.1988 0.8455
vn -0.4373 0.2189 0.8723
vn -0.2186 -0.4372 0.8724
vn -0.5774 -0.5773 -0.5773
vn 0.8018 0.2672 -0.5345
vn 0.2186 0.4373 0.8723
vn -0.7603 -0.5652 0.3203
vn -0.4558 -0.6919 0.5600
vn -0.1788 -0.5160 0.8377
vn 0.0002 -0.4413 0.8974
vn 0.6906 -0.6486 0.3200
vn 0.3532 -0.2662 0.8969
vn 0.2991 -0.8777 0.3745
vn -0.5194 -0.5995 0.6090
vn -0.6025 -0.5688 0.5599
vn -0.3715 -0.7406 0.5599
vn 0.9078 0.2712 0.3200
vn 0.7605 0.3286 0.5600
vn 0.5635 0.4192 0.7119
vn 0.6270 0.4285 0.6505
vn -0.3732 0.1115 0.9210
vn -0.3755 0.8284 0.4155
vn -0.3529 0.2424 0.9037
vn 0.2082 0.4593 0.8635
vn 0.3014 0.3355 0.8925
vn 0.5984 -0.2402 0.7643
vn 0.4146 -0.7904 0.4509
vn 0.5013 -0.6636 0.5553
vn -0.3006 0.3356 0.8928
vn 0.5213 0.7911 0.3201
vn 0.3717 0.7405 0.5600
vn 0.6024 0.5688 0.5599
vn 0.7274 0.2918 0.6211
vn 0.3010 -0.3352 0.8928
vn 0.2993 -0.6393 0.7084
vn -0.4558 0.6919 0.5600
vn -0.6652 0.4940 0.5599
vn -0.5108 0.4819 0.7119
vn -0.8699 0.3752 0.3201
vn -0.4248 0.8468 0.3201
vn -0.3016 -0.8544 0.4231
vn -0.7172 -0.2381 0.6549
vn -0.5772 0.0030 -0.8166
vn -0.8124 0.5751 -0.0964
vn -0.2588 0.1048 0.9602
vn -0.8856 0.0023 0.4645
vn -0.5343 -0.7574 0.3753
vn 0.4292 -0.1762 0.8858
vn 0.3330 -0.9429 -0.0036
vn 0.9308 -0.1141 0.3473
vn 0.3725 -0.8574 0.3552
vn 0.7164 0.1422 0.6831
vn -0.3334 -0.6667 -0.6667
vn -0.6260 -0.5017 0.5969
vn -0.4567 0.7758 0.4354
vn 0.3334 0.6667 -0.6667
vn 0.3675 -0.8640 0.3442
vn 0.7256 0.1082 0.6795
vn -0.3333 -0.6667 -0.6667
vn -0.4664 0.7692 0.4367
vn 0.5438 0.7737 0.3251
vn 0.0619 0.6934 0.7179
vn 0.4563 0.2116 0.8643
vn 0.3978 -0.8580 0.3251
vn 0.5694 -0.4005 0.7179
vn -0.0447 -0.5010 0.8643
vn -0.4116 0.2891 0.8643
vn 0.9419 -0.0841 0.3251
vn -0.8579 0.3979 -0.3250
vn -0.3981 0.8578 0.3251
vn -0.0841 0.9420 -0.3250
vn 0.2116 0.4562 -0.8643
vn 0.7737 0.5438 -0.3250
vn 0.6934 0.0619 -0.7179
vn 0.8578 -0.3981 -0.3250
vn 0.2890 -0.4116 -0.8643
vn 0.0841 -0.9420 -0.3250
vn -0.2930 -0.6315 -0.7179
vn -0.5437 -0.7737 0.3251
vn -0.7737 -0.5438 -0.3250
vn -0.6315 -0.2930 0.7179
vn -0.9419 0.0841 0.3251
vn -0.0000 0.9475 0.3196
vn 0.2182 0.9247 0.3121
vn -0.5344 0.7546 0.3808
vn -0.4083 0.8673 -0.2849
vn -0.2559 0.9489 0.1846
vn -0.8123 0.5751 -0.0964
vn -0.7173 -0.2381 0.6549
vn -0.2007 -0.2627 0.9438
vn -0.2033 0.0553 0.9775
vn -0.5724 0.4435 0.6897
vn 0.6666 0.7062 0.2386
vn 0.5347 -0.1534 0.8310
vn -0.1757 0.1716 0.9694
vn -0.4363 0.7699 0.4657
vn -0.0000 1.0000 0.0035
vn 0.2672 0.9442 0.1926
vn 0.2562 0.1776 0.9502
vn 0.8164 0.5774 0.0025
vn -0.3333 0.9428 0.0040
vn 0.3295 0.3252 0.8864
vn 0.2547 0.4307 0.8658
vn -0.7252 0.3066 0.6165
vn 0.3363 0.9103 0.2415
vn 0.8124 0.5751 -0.0964
vn 0.4844 -0.4628 0.7424
vn 0.5345 -0.7574 0.3750
vn -0.2673 -0.9456 0.1853
vn -0.3015 -0.8544 0.4232
vn 0.6514 -0.3377 0.6795
vn 0.2147 -0.0899 0.9725
vn 0.2561 0.1777 0.9502
vn -0.2300 -0.4738 0.8501
vn 0.5347 -0.1533 0.8310
vn -0.2034 0.0554 0.9775
vn -0.2006 -0.2628 0.9438
vn -0.6850 -0.4239 0.5925
vn -0.7172 -0.2380 0.6549
vn 0.5344 -0.7574 0.3751
vn 0.3330 -0.9429 -0.0035
vn -0.5343 -0.7574 0.3752
vn -0.6849 -0.4239 0.5926
vn -0.8856 0.0023 0.4644
vn -0.2299 -0.4737 0.8501
vn -0.2587 0.1048 0.9603
vn 0.2147 -0.0900 0.9725
vn 0.4291 -0.1762 0.8859
vn 0.6513 -0.3378 0.6795
vn 0.9308 -0.1140 0.3472
vn 0.0574 0.8380 0.5427
vn 0.1094 0.1895 -0.9758
vn -0.1067 0.9786 -0.1761
vn -0.1019 -0.3821 -0.9185
vn -0.8167 0.5771 0.0019
vn 0.3335 0.9427 0.0033
vn -0.2182 0.9248 0.3117
vn 0.4365 0.7699 0.4655
vn -0.3015 0.8513 0.4293
vn -0.6669 0.7076 -0.2335
vn 0.4852 0.8569 0.1743
vn 0.4084 0.8649 0.2919
vn -0.3015 0.8513 0.4294
vn 0.4083 0.8650 0.2916
vn 0.4081 0.8672 -0.2852
vn 0.4365 0.7699 0.4656
vn 0.5347 0.7570 -0.3756
vn 0.3336 0.9427 0.0033
vn -0.2674 0.9455 -0.1856
vn -0.8164 0.5775 0.0022
vn -0.2183 0.9248 0.3116
vn 0.5347 0.7569 -0.3757
vn 0.3335 0.9427 0.0032
vn -0.2673 0.9456 -0.1857
vn -0.8167 0.5771 0.0020
vn -0.2183 0.9268 -0.3055
vn -0.6668 0.7077 -0.2335
vn -0.6665 0.7064 0.2383
vn -0.3016 0.8513 0.4293
vn 0.5346 0.7570 -0.3757
vn -0.2184 0.9268 -0.3054
vn -0.6669 0.7077 -0.2334
vn 0.4081 0.8671 -0.2855
vn 0.5346 0.7570 -0.3756
vn 0.4085 0.8648 0.2920
vn -0.2184 0.9268 -0.3055
vn 0.4084 0.8650 0.2916
vn 0.4084 0.8649 0.2918
vn 0.0047 0.6999 0.7142
vn -0.1067 0.9786 -0.1759
vn -0.3495 0.9331 0.0842
vn 0.0012 0.7040 0.7102
vn -0.6585 0.7512 0.0453
vn -0.5739 0.6751 0.4635
vn 0.3061 0.8738 0.3779
vn 0.6495 0.6204 -0.4396
vn -0.4330 0.8845 -0.1735
vn -0.2167 0.0921 -0.9719
vn 0.6125 -0.2469 -0.7509
vn -0.9186 0.1267 -0.3743
vn -0.2178 -0.3053 -0.9270
vn -0.8165 0.0023 -0.5773
vn -0.5344 -0.7544 -0.3811
vn 0.4359 -0.4602 -0.7734
vn 0.3334 0.0036 -0.9428
vn -0.3334 -0.9428 -0.0036
vn 0.2667 -0.9443 -0.1928
vn 0.8165 -0.5774 -0.0022
vn 0.0008 -0.7038 -0.7104
vn 0.5729 -0.4590 -0.6791
vn 0.6585 -0.0392 -0.7516
vn 0.3543 -0.0687 -0.9326
vn 0.0034 -0.7014 -0.7128
vn 0.5343 -0.7544 -0.3814
vn -0.2173 -0.9248 -0.3124
vn 0.0012 -0.7049 -0.7094
vn -0.0029 -0.7015 -0.7127
vn -0.5082 0.0728 -0.8581
vn -0.6095 -0.2540 -0.7510
vn -0.8205 -0.3202 -0.4736
vn 0.1568 0.4381 0.8851
vn -0.4370 0.4599 0.7730
vn -0.0038 0.7003 0.7139
vn 0.0575 0.8380 0.5427
vn 0.0007 0.7049 0.7093
vn -0.0000 0.7044 0.7098
vn 0.1615 0.9141 0.3719
vn 0.1568 0.4382 0.8851
vn 0.8210 0.4708 0.3230
vn 0.5553 0.4751 0.6826
vn 0.0048 0.6999 0.7142
vn -0.2183 0.9248 0.3117
vn -0.2617 0.9617 0.0810
vn -0.0002 0.7045 0.7097
vn -0.7878 0.5541 0.2689
vn -0.4230 0.4408 0.7917
vn -0.7888 0.2628 0.5556
vn -0.3469 0.0956 0.9330
vn -0.0023 0.7033 0.7109
vn 0.0020 0.7021 0.7121
vn 0.2071 -0.1500 0.9667
vn 0.5913 0.2703 0.7598
vn 0.2477 0.3160 0.9159
vn 0.0010 0.7046 0.7096
vn -0.4371 0.4599 0.7729
vn 0.0014 0.7048 0.7094
vn -0.0006 0.7050 0.7092
vn -0.5923 0.7566 0.2771
vn -0.5739 0.6752 0.4635
vn -0.0008 0.7048 0.7095
vn -0.2070 -0.1480 0.9671
vn -0.0893 0.8599 -0.5026
vn 0.2578 0.9498 -0.1774
vn 0.7880 0.5542 0.2682
vn 0.7035 0.6996 0.1247
vn -0.6665 0.7063 0.2383
vn 0.4853 0.8568 0.1743
vn 0.4081 0.8672 -0.2854
vn 0.5347 0.7570 -0.3757
vn -0.6665 0.7064 0.2385
vn -0.4840 -0.2014 -0.8515
vn -0.0081 -0.5606 -0.8281
vn -0.5719 -0.3741 -0.7301
vn -0.1725 -0.8203 -0.5452
vn 0.0271 -0.6413 -0.7668
vn -0.1547 -0.8536 -0.4974
vn 0.1208 -0.6094 -0.7836
vn -0.1531 -0.8470 -0.5091
vn -0.0834 -0.8412 -0.5342
vn -0.1400 -0.8113 -0.5677
vn -0.0791 -0.7994 -0.5956
vn -0.1179 -0.7318 -0.6713
vn -0.4978 -0.7575 0.4223
vn -0.5008 -0.7210 0.4788
vn -0.4150 -0.7557 0.5066
vn -0.1094 -0.7913 -0.6016
vn -0.1091 -0.8042 -0.5843
vn -0.5371 -0.4145 -0.7347
vn -0.5580 -0.3641 -0.7457
vn -0.8476 -0.5284 0.0485
vn 0.5499 -0.8313 0.0813
vn 0.5537 -0.8295 -0.0729
vn 0.4917 -0.8691 0.0544
vn 0.2937 -0.6261 -0.7223
vn 0.4571 0.7172 -0.5260
vn 0.5260 0.7007 -0.4820
vn -0.0464 0.2976 -0.9536
vn -0.5783 0.8139 -0.0570
vn -0.5721 0.7572 0.3153
vn -0.0531 0.5145 0.8558
vn -0.1023 0.5810 0.8074
vn 0.4742 -0.4493 0.7572
vn 0.5645 0.4219 0.7094
vn 0.5712 0.3054 0.7619
vn 0.6080 0.3717 0.7015
vn 0.7582 0.3713 0.5360
vn 0.0006 0.7049 0.7093
vn 0.8209 0.4709 0.3230
vn 0.6079 0.7490 0.2635
vn -0.0039 0.7002 0.7139
vn 0.5057 0.8608 -0.0569
vn 0.0575 0.8379 0.5427
vn 0.4331 -0.1799 0.8832
vn 0.2168 -0.9725 0.0849
vn 0.9187 -0.3752 0.1237
vn -0.6496 -0.4440 0.6172
vn -0.3063 0.3719 0.8763
vn -0.6126 -0.7489 -0.2527
vn 0.6125 -0.2470 -0.7509
vn -0.2165 0.0922 -0.9719
vn -0.9186 0.1265 -0.3743
vn -0.4329 0.8846 -0.1736
vn 0.3061 0.8737 0.3780
vn 0.6495 0.6205 -0.4396
vn -0.1391 0.9634 0.2290
vn -0.7731 0.6201 -0.1335
vn 0.0043 0.9892 0.1464
vn -0.8554 0.3733 -0.3590
vn -0.4245 0.8917 0.1571
vn -0.8725 0.1407 -0.4680
vn -0.6791 0.7236 -0.1236
vn -0.8567 0.0337 -0.5147
vn -0.7401 0.5611 -0.3708
vn -0.6691 0.7416 -0.0480
vn -0.9293 0.2955 -0.2217
vn -0.3909 0.8987 -0.1987
vn -0.9490 -0.0946 -0.3007
vn -0.8315 -0.4159 -0.3682
vn -0.7460 -0.5079 -0.4307
vn -0.5544 -0.7510 -0.3587
vn -0.4411 -0.8350 -0.3290
vn -0.8566 -0.0050 -0.5160
vn -0.7247 0.5504 -0.4146
vn 0.4507 0.8832 -0.1299
vn -0.1692 0.8930 -0.4170
vn 0.7378 0.6029 -0.3037
vn 0.6212 0.6171 -0.4829
vn -0.0792 0.7177 -0.6918
vn 0.6848 0.3794 -0.6222
vn -0.0150 0.3331 -0.9428
vn 0.7096 0.0780 -0.7003
vn -0.0000 -0.0318 -0.9995
vn 0.7112 -0.1291 -0.6910
vn -0.0000 -0.3010 -0.9536
vn 0.7070 -0.3123 -0.6345
vn -0.0000 -0.5139 -0.8578
vn 0.8006 -0.3749 -0.4675
vn -0.0000 -0.6493 -0.7605
vn 0.4053 -0.2736 -0.8723
vn -0.0000 0.3205 -0.9473
vn -0.4052 -0.2735 -0.8724
vn -0.8329 -0.3790 -0.4033
vn -0.7126 -0.4380 -0.5481
vn -0.7108 -0.2923 -0.6397
vn -0.7035 -0.1222 -0.7001
vn -0.6969 0.0750 -0.7132
vn -0.7081 0.3997 -0.5821
vn -0.6378 0.6575 -0.4011
vn -0.9207 0.3003 -0.2494
vn -0.1067 0.9786 -0.1760
vn -0.1021 -0.3821 -0.9185
vn -0.3496 0.9331 0.0842
vn -0.5082 0.0727 -0.8582
vn -0.6585 0.7512 0.0454
vn -0.4372 0.4598 0.7729
vn -0.2173 -0.9247 -0.3125
vn 0.1093 0.1895 -0.9758
vn 0.5056 0.8609 -0.0570
vn 0.6585 -0.0393 -0.7516
vn 0.6078 0.7490 0.2636
vn 0.8209 0.4708 0.3231
vn 0.5342 -0.7545 -0.3812
vn -0.4502 0.2807 -0.8477
vn 0.2879 -0.3931 -0.8733
vn -0.7648 -0.6320 -0.1247
vn 0.5967 -0.7687 0.2305
vn 0.5192 0.2909 0.8037
vn -0.3568 -0.1788 0.9169
vn 0.5967 -0.7686 0.2305
vn -0.7648 -0.6320 -0.1248
vn -0.5531 0.7988 0.2367
vn -0.4502 0.2807 -0.8476
vn 0.7212 0.6008 -0.3450
vn 0.2878 -0.3931 -0.8733
vn 0.8632 -0.1773 0.4728
vn 0.9282 0.0043 -0.3719
vn 0.3109 -0.0084 -0.9504
vn 0.6121 0.2791 0.7399
vn 0.8754 -0.4638 0.1364
vn 0.7871 -0.4882 0.3770
vn 0.1689 -0.8949 0.4130
vn 0.8580 -0.5124 -0.0369
vn 0.3906 -0.8987 0.1994
vn 0.9459 -0.3050 -0.1111
vn 0.6987 -0.7011 0.1422
vn 0.8128 -0.5600 0.1604
vn 0.9954 0.0915 0.0302
vn 0.8732 -0.3480 0.3411
vn 0.9196 0.3126 0.2381
vn 0.8736 -0.1408 0.4658
vn 0.7620 0.5223 0.3828
vn 0.8602 -0.0338 0.5088
vn 0.5705 0.7469 0.3416
vn 0.8565 0.0050 0.5162
vn 0.1059 0.9925 0.0609
vn 0.7450 -0.3729 0.5531
vn 0.6343 -0.5707 0.5215
vn 0.4644 -0.7229 0.5117
vn 0.2296 -0.9066 0.3540
vn 0.0194 -0.9707 0.2394
vn -0.2169 -0.9645 0.1504
vn -0.6161 -0.7507 0.2386
vn -0.5369 -0.7308 0.4216
vn 0.0792 -0.7215 0.6879
vn -0.7154 -0.4824 0.5054
vn 0.0149 -0.3408 0.9400
vn -0.7308 -0.2772 0.6237
vn -0.0000 0.0242 0.9997
vn -0.7209 -0.0370 0.6921
vn -0.0000 0.3016 0.9534
vn -0.7138 0.1960 0.6724
vn -0.0000 0.5156 0.8568
vn -0.8263 0.2251 0.5163
vn -0.5967 0.4798 0.6433
vn 0.7539 -0.2639 0.6016
vn 0.7163 0.0253 0.6973
vn 0.7133 0.2282 0.6627
vn 0.6030 0.4245 0.6754
vn -0.0000 0.6321 0.7749
vn -0.0000 0.9428 0.3333
vn -0.6701 0.7052 -0.2316
vn 0.5554 0.5478 0.6256
vn 0.6700 0.7053 -0.2316
vn 0.1743 0.7074 -0.6850
vn 0.0913 0.7085 -0.6997
vn 0.1549 -0.7074 -0.6897
vn -0.0465 0.7085 0.7042
vn 0.5062 0.8282 -0.2405
vn 0.3609 -0.5943 0.7187
vn -0.5348 0.7100 0.4581
vn 0.5781 0.6040 -0.5486
vn -0.3639 0.6082 0.7054
vn 0.2041 0.9356 -0.2880
vn -0.5541 0.8045 0.2140
vn 0.0807 0.9099 0.4070
vn 0.6135 0.7115 -0.3427
vn 0.4105 -0.9099 -0.0607
vn -0.1743 -0.7074 0.6850
vn 0.0470 -0.7085 -0.7042
vn 0.2048 0.3302 -0.9214
vn 0.3522 -0.5733 -0.7398
vn -0.0911 -0.7085 0.6998
vn -0.1549 0.7074 0.6897
vn 0.3541 -0.7189 -0.5982
vn 0.0802 -0.7122 -0.6974
vn -0.4626 -0.7194 0.5182
vn 0.1636 0.7122 -0.6827
vn -0.0951 0.7133 -0.6944
vn 0.1910 0.7135 0.6741
vn 0.5410 0.7287 0.4199
vn 0.4160 -0.7287 0.5440
vn 0.6750 -0.7266 0.1282
vn -0.6878 -0.7258 0.0129
vn -0.4477 -0.8610 0.2414
vn -0.5790 -0.5578 0.5946
vn -0.4776 -0.7584 -0.4436
vn -0.3030 -0.7071 -0.6389
vn 0.6179 -0.7599 0.2021
vn -0.3087 0.7071 -0.6361
vn -0.2536 0.7086 -0.6584
vn 0.2063 0.7087 0.6747
vn -0.0088 0.8999 0.4359
vn -0.0160 -0.6121 0.7906
vn -0.2506 -0.8375 0.4857
vn 0.3217 -0.8963 -0.3053
vn 0.3966 -0.7275 -0.5598
vn 0.6480 -0.7115 -0.2718
vn 0.6860 0.7265 -0.0384
vn -0.4086 0.7277 -0.5509
vn -0.1870 -0.7133 -0.6754
vn -0.1633 -0.7122 0.6828
vn -0.3560 0.7194 0.5965
vn -0.6217 0.7223 0.3031
vn 0.6696 0.7222 -0.1734
vn 0.4769 0.7599 0.4418
vn 0.3069 -0.7071 0.6370
vn -0.2094 -0.7086 -0.6738
vn 0.0136 0.4586 -0.8885
vn 0.2461 0.8372 -0.4884
vn 0.0083 -0.8400 -0.5425
vn 0.3573 -0.6078 -0.7091
vn 0.2513 -0.7087 0.6592
vn 0.3013 0.7071 0.6397
vn -0.6177 0.7584 -0.2081
vn -0.6718 -0.7222 0.1647
vn 0.6179 -0.7222 -0.3109
vn 0.4587 0.7189 -0.5223
vn -0.0800 0.7121 0.6975
vn 0.0972 -0.7136 0.6938
vn -0.5327 -0.7277 -0.4321
vn -0.6714 0.7258 -0.1497
vn 0.4052 -0.2735 -0.8724
vn -0.0000 0.9428 0.3332
vn -0.6700 0.7053 -0.2316
vn -0.7401 0.5610 -0.3708
vn 0.1060 0.9925 0.0608
vn 0.5705 0.7468 0.3416
vn 0.9196 0.3126 0.2380
vn 0.9954 0.0914 0.0302
vn 0.0043 0.9892 0.1465
vn 0.9458 -0.3050 -0.1111
vn 0.4506 0.8832 -0.1299
vn 0.8579 -0.5125 -0.0368
vn 0.8753 -0.4639 0.1364
vn 0.6212 0.6172 -0.4829
vn 0.7870 -0.4883 0.3770
vn 0.6847 0.3795 -0.6222
vn 0.7539 -0.2640 0.6016
vn 0.7095 0.0780 -0.7004
vn 0.7163 0.0253 0.6974
vn 0.7112 -0.1291 -0.6911
vn 0.7132 0.2282 0.6628
vn 0.7069 -0.3124 -0.6345
vn 0.6029 0.4245 0.6755
vn 0.8005 -0.3747 -0.4677
vn -0.7308 -0.2771 0.6238
vn -0.7209 -0.0369 0.6921
vn -0.7034 -0.1222 -0.7002
vn -0.7137 0.1960 0.6724
vn -0.7108 -0.2923 -0.6398
vn -0.8263 0.2250 0.5163
vn -0.7125 -0.4381 -0.5481
vn -0.5966 0.4798 0.6433
vn -0.8329 -0.3790 -0.4032
vn -0.6700 0.7053 -0.2317
vn -0.4053 -0.2735 -0.8723
vn 0.7451 -0.3729 0.5530
vn -0.4412 -0.8349 -0.3290
vn -0.5544 -0.7510 -0.3588
vn 0.4644 -0.7228 0.5118
vn 0.2296 -0.9066 0.3541
vn 0.0195 -0.9707 0.2394
vn -0.9490 -0.0945 -0.3008
vn -0.2168 -0.9645 0.1505
vn -0.6161 -0.7507 0.2387
vn -0.9206 0.3003 -0.2495
vn -0.5368 -0.7308 0.4216
vn -0.6378 0.6575 -0.4012
vn -0.7154 -0.4824 0.5055
vt 0.111800 0.947500
vt 0.112100 0.874500
vt 0.186900 0.944300
vt 0.188900 0.872600
vt 0.114000 0.798500
vt 0.263700 0.942400
vt 0.192700 0.788400
vt 0.115900 0.722600
vt 0.265700 0.870700
vt 0.340700 0.944800
vt 0.424300 0.638000
vt 0.423100 0.715000
vt 0.347200 0.638700
vt 0.346300 0.716900
vt 0.269200 0.642200
vt 0.269500 0.718800
vt 0.194500 0.644700
vt 0.192700 0.720700
vt 0.117700 0.646600
vt 0.267600 0.794700
vt 0.341800 0.870100
vt 0.416300 0.946400
vt 0.419300 0.866900
vt 0.344400 0.792800
vt 0.420000 0.791200
vt 0.668900 0.169900
vt 0.654800 0.179300
vt 0.668900 0.075500
vt 0.823800 0.179300
vt 0.809700 0.169900
vt 0.823800 0.066000
vt 0.809700 0.075500
vt 0.654800 0.066000
vt 0.628600 0.015000
vt 0.645400 0.029600
vt 0.609700 0.015000
vt 0.592800 0.163900
vt 0.592800 0.029600
vt 0.628600 0.178500
vt 0.645400 0.163900
vt 0.609700 0.178500
vt 0.143700 0.431700
vt 0.144200 0.431600
vt 0.143200 0.431700
vt 0.143700 0.431900
vt 0.144200 0.431800
vt 0.143100 0.431900
vt 0.142600 0.431700
vt 0.142700 0.431600
vt 0.142700 0.430400
vt 0.143800 0.430300
vt 0.144300 0.430500
vt 0.144300 0.430300
vt 0.143800 0.430200
vt 0.143200 0.430300
vt 0.143200 0.430200
vt 0.142700 0.430300
vt 0.533500 0.184900
vt 0.533500 0.206400
vt 0.552800 0.184800
vt 0.552800 0.206400
vt 0.574300 0.184800
vt 0.533500 0.238100
vt 0.552800 0.238100
vt 0.533500 0.292500
vt 0.552800 0.292500
vt 0.574300 0.238100
vt 0.574300 0.292500
vt 0.593500 0.292500
vt 0.593500 0.238100
vt 0.593500 0.206400
vt 0.574300 0.206400
vt 0.593500 0.184900
vt 0.533500 0.292700
vt 0.552800 0.292700
vt 0.552800 0.184900
vt 0.574300 0.206600
vt 0.574300 0.185100
vt 0.593500 0.206600
vt 0.593500 0.185100
vt 0.593500 0.238300
vt 0.574300 0.238300
vt 0.574300 0.292700
vt 0.593500 0.292700
vt 0.143000 0.428400
vt 0.142500 0.428600
vt 0.144100 0.428500
vt 0.144500 0.430100
vt 0.144600 0.428600
vt 0.142900 0.430300
vt 0.142400 0.430100
vt 0.144000 0.430300
vt 0.572000 0.144800
vt 0.566600 0.154300
vt 0.572000 0.045200
vt 0.550600 0.144800
vt 0.556000 0.154300
vt 0.556000 0.035700
vt 0.566600 0.035700
vt 0.550600 0.045200
vt 0.534700 0.024700
vt 0.534700 0.164200
vt 0.548000 0.177600
vt 0.574600 0.177600
vt 0.587900 0.164200
vt 0.587900 0.024700
vt 0.574600 0.011400
vt 0.548000 0.011400
vt 0.546300 0.300300
vt 0.550900 0.300200
vt 0.540600 0.300300
vt 0.534200 0.300100
vt 0.536000 0.300200
vt 0.550900 0.299900
vt 0.552600 0.300100
vt 0.552600 0.376600
vt 0.550900 0.376700
vt 0.546300 0.376800
vt 0.540600 0.376800
vt 0.536000 0.376700
vt 0.534200 0.376600
vt 0.536000 0.376400
vt 0.536000 0.299900
vt 0.540600 0.376300
vt 0.546300 0.299800
vt 0.540600 0.299800
vt 0.546300 0.376300
vt 0.550900 0.376400
vt 0.145700 0.430600
vt 0.151100 0.430600
vt 0.145700 0.429600
vt 0.151100 0.429600
vt 0.597300 0.293200
vt 0.597800 0.282000
vt 0.609500 0.293200
vt 0.609500 0.282000
vt 0.640400 0.282100
vt 0.640500 0.195100
vt 0.609500 0.195100
vt 0.597800 0.195100
vt 0.597300 0.183400
vt 0.609500 0.183400
vt 0.569800 0.376500
vt 0.560800 0.369900
vt 0.581000 0.376500
vt 0.593500 0.359200
vt 0.590100 0.369900
vt 0.581000 0.342000
vt 0.590100 0.348600
vt 0.560800 0.348600
vt 0.557300 0.359200
vt 0.569800 0.342000
vt 0.140900 0.431100
vt 0.160000 0.431200
vt 0.141100 0.427300
vt 0.160300 0.427400
vt 0.743800 0.012700
vt 0.657000 0.012700
vt 0.743800 0.030700
vt 0.657000 0.030700
vt 0.145000 0.429800
vt 0.145000 0.430800
vt 0.145000 0.429500
vt 0.145000 0.430500
vt 0.145700 0.431100
vt 0.145700 0.430500
vt 0.145700 0.429500
vt 0.145700 0.430100
vt 0.654800 0.035900
vt 0.654800 0.061800
vt 0.823800 0.035900
vt 0.823800 0.061800
vt 0.145800 0.429600
vt 0.151100 0.429400
vt 0.145800 0.429300
vt 0.145800 0.430100
vt 0.145800 0.429500
vt 0.151100 0.430100
vt 0.656500 0.013100
vt 0.743300 0.013100
vt 0.656500 0.031000
vt 0.743300 0.031000
vt 0.151700 0.430800
vt 0.151800 0.429800
vt 0.151700 0.430600
vt 0.151800 0.429600
vt 0.151000 0.430600
vt 0.151000 0.431100
vt 0.821900 0.248500
vt 0.821900 0.280700
vt 0.652100 0.248500
vt 0.652100 0.280700
vt 0.154900 0.430600
vt 0.157900 0.430600
vt 0.154900 0.430300
vt 0.157900 0.430300
vt 0.808400 0.201100
vt 0.808400 0.231300
vt 0.665700 0.201100
vt 0.665700 0.231300
vt 0.652100 0.244200
vt 0.821900 0.244200
vt 0.821900 0.188200
vt 0.652100 0.188200
vt 0.157800 0.430500
vt 0.155000 0.430500
vt 0.157800 0.430200
vt 0.155000 0.430200
vt 0.155000 0.430900
vt 0.155000 0.430300
vt 0.157800 0.430300
vt 0.157800 0.430900
vt 0.158800 0.428900
vt 0.159000 0.428700
vt 0.158300 0.429100
vt 0.156900 0.429100
vt 0.157600 0.429100
vt 0.156400 0.428900
vt 0.156200 0.428700
vt 0.156900 0.428400
vt 0.158300 0.428400
vt 0.158800 0.428500
vt 0.156400 0.428500
vt 0.157600 0.428300
vt 0.155300 0.435800
vt 0.155300 0.434100
vt 0.142300 0.435800
vt 0.142300 0.434100
vt 0.926200 0.302000
vt 0.970000 0.300600
vt 0.926500 0.257000
vt 0.970300 0.255600
vt 0.916500 0.962800
vt 0.895600 0.978700
vt 0.916500 0.930700
vt 0.837500 0.978700
vt 0.916500 0.828900
vt 0.916500 0.727100
vt 0.916500 0.625400
vt 0.916500 0.593200
vt 0.837500 0.577300
vt 0.895600 0.577300
vt 0.546300 0.299700
vt 0.550900 0.299700
vt 0.540600 0.299700
vt 0.552600 0.299500
vt 0.550900 0.299400
vt 0.534200 0.299500
vt 0.536000 0.299700
vt 0.540600 0.299300
vt 0.546300 0.299300
vt 0.536000 0.299400
vt 0.546300 0.375800
vt 0.550900 0.375900
vt 0.552600 0.376000
vt 0.550900 0.376200
vt 0.546300 0.376200
vt 0.540600 0.376200
vt 0.536000 0.376200
vt 0.534200 0.376000
vt 0.536000 0.375900
vt 0.540600 0.375800
vt 0.017700 0.368600
vt 0.017700 0.342400
vt 0.052800 0.358900
vt 0.502800 0.341200
vt 0.488800 0.332700
vt 0.502800 0.063400
vt 0.518600 0.023000
vt 0.518600 0.368600
vt 0.529300 0.379000
vt 0.008400 0.379000
vt 0.008400 0.012400
vt 0.017700 0.023000
vt 0.529300 0.012400
vt 0.485900 0.350700
vt 0.493500 0.344500
vt 0.481100 0.358900
vt 0.054500 0.368600
vt 0.047900 0.350700
vt 0.059600 0.341800
vt 0.064200 0.349200
vt 0.468400 0.349200
vt 0.472900 0.341800
vt 0.480000 0.335900
vt 0.052800 0.045400
vt 0.064200 0.053700
vt 0.047900 0.053800
vt 0.065800 0.045300
vt 0.468200 0.053700
vt 0.466700 0.045300
vt 0.479300 0.036200
vt 0.054500 0.036200
vt 0.031000 0.063400
vt 0.031000 0.341200
vt 0.040600 0.344600
vt 0.052800 0.336100
vt 0.488800 0.070700
vt 0.040300 0.060000
vt 0.052400 0.067500
vt 0.059600 0.061600
vt 0.043700 0.070700
vt 0.043700 0.332700
vt 0.052400 0.335900
vt 0.480000 0.067500
vt 0.472900 0.061600
vt 0.485900 0.053800
vt 0.481000 0.045400
vt 0.493500 0.060000
vt 0.859600 0.205100
vt 0.866000 0.202200
vt 0.886600 0.202200
vt 0.859600 0.346600
vt 0.886600 0.349500
vt 0.866000 0.349500
vt 0.145800 0.431000
vt 0.145800 0.430800
vt 0.145800 0.431100
vt 0.151000 0.430800
vt 0.151000 0.431000
vt 0.151000 0.431200
vt 0.145800 0.430600
vt 0.155000 0.431000
vt 0.155000 0.430700
vt 0.155000 0.431100
vt 0.157800 0.430700
vt 0.157800 0.431000
vt 0.157800 0.430600
vt 0.157800 0.431200
vt 0.155000 0.430600
vt 0.631600 0.305600
vt 0.647100 0.301500
vt 0.620300 0.317000
vt 0.631600 0.359300
vt 0.620300 0.347900
vt 0.647100 0.363400
vt 0.673900 0.317000
vt 0.616100 0.332400
vt 0.687900 0.308900
vt 0.670600 0.291700
vt 0.662600 0.305600
vt 0.647100 0.285400
vt 0.623600 0.291700
vt 0.606300 0.308900
vt 0.600000 0.332400
vt 0.606300 0.356000
vt 0.623600 0.373200
vt 0.647100 0.379500
vt 0.670600 0.373200
vt 0.662600 0.359300
vt 0.687900 0.356000
vt 0.673900 0.347900
vt 0.694200 0.332400
vt 0.678100 0.332400
vt 0.926800 0.723600
vt 0.926800 0.615000
vt 0.949200 0.723600
vt 0.949200 0.615000
vt 0.958200 0.627600
vt 0.926800 0.580700
vt 0.916600 0.563800
vt 0.980000 0.563800
vt 0.990200 0.580700
vt 0.990200 0.615000
vt 0.975400 0.627600
vt 0.958200 0.711100
vt 0.990200 0.723600
vt 0.990200 0.832100
vt 0.949200 0.832100
vt 0.926800 0.832100
vt 0.926800 0.940700
vt 0.949200 0.940700
vt 0.990200 0.975000
vt 0.990200 0.940700
vt 0.958400 0.927200
vt 0.958400 0.845600
vt 0.975400 0.711100
vt 0.975200 0.927200
vt 0.975200 0.845600
vt 0.926800 0.975000
vt 0.916600 0.991900
vt 0.980000 0.991900
vt 0.855000 0.185500
vt 0.855000 0.410000
vt 0.835300 0.564300
vt 0.835300 0.155300
vt 0.886300 0.185500
vt 0.894500 0.155300
vt 0.896100 0.189900
vt 0.915900 0.171500
vt 0.896100 0.405600
vt 0.915900 0.204200
vt 0.915900 0.307900
vt 0.915900 0.411600
vt 0.915900 0.515400
vt 0.915900 0.548100
vt 0.886300 0.410000
vt 0.894500 0.564300
vt 0.920700 0.036000
vt 0.996500 0.036000
vt 0.920700 0.217200
vt 0.996500 0.217200
vt 0.921300 0.008000
vt 0.996500 0.008000
vt 0.921100 0.032000
vt 0.996300 0.032000
vt 0.921000 0.035700
vt 0.996200 0.035700
vt 0.921000 0.218500
vt 0.996200 0.218500
vt 0.921100 0.222200
vt 0.996300 0.222200
vt 0.921300 0.246200
vt 0.996500 0.246200
vt 0.029800 0.482900
vt 0.029800 0.475700
vt 0.466500 0.482900
vt 0.466500 0.475700
vt 0.355300 0.585300
vt 0.229400 0.585300
vt 0.355300 0.562400
vt 0.229400 0.562400
vt 0.206700 0.623600
vt 0.206300 0.579800
vt 0.225900 0.632300
vt 0.225500 0.588500
vt 0.229400 0.632600
vt 0.229400 0.585100
vt 0.355300 0.632600
vt 0.355300 0.585100
vt 0.154800 0.420000
vt 0.154500 0.419800
vt 0.154800 0.419900
vt 0.155100 0.420500
vt 0.155100 0.420300
vt 0.155300 0.420700
vt 0.149000 0.439200
vt 0.148800 0.438900
vt 0.149400 0.439200
vt 0.149400 0.438700
vt 0.149000 0.438700
vt 0.149600 0.438900
vt 0.154900 0.421000
vt 0.154900 0.420800
vt 0.154800 0.434900
vt 0.154500 0.419700
vt 0.143000 0.420900
vt 0.142900 0.420700
vt 0.154800 0.434700
vt 0.142800 0.434800
vt 0.142800 0.434600
vt 0.142800 0.420300
vt 0.142600 0.420500
vt 0.142800 0.420200
vt 0.143100 0.419800
vt 0.143400 0.419600
vt 0.142500 0.435200
vt 0.155100 0.435300
vt 0.155100 0.420400
vt 0.154800 0.419800
vt 0.155100 0.420200
vt 0.155300 0.420600
vt 0.142500 0.435300
vt 0.155100 0.435400
vt 0.027100 0.496200
vt 0.037900 0.490800
vt 0.014300 0.512700
vt 0.017700 0.528600
vt 0.026300 0.532200
vt 0.009900 0.989700
vt 0.009700 0.520100
vt 0.021400 0.972700
vt 0.454000 0.496100
vt 0.466800 0.512600
vt 0.443200 0.490700
vt 0.380900 0.512600
vt 0.314500 0.512600
vt 0.454800 0.532100
vt 0.463400 0.528500
vt 0.459800 0.537300
vt 0.460000 0.972600
vt 0.446400 0.963900
vt 0.441800 0.968800
vt 0.434300 0.957000
vt 0.055200 0.957100
vt 0.044900 0.968900
vt 0.040300 0.964000
vt 0.026400 0.977900
vt 0.017900 0.981500
vt 0.471600 0.989600
vt 0.055100 0.555900
vt 0.434200 0.555900
vt 0.446200 0.548700
vt 0.471400 0.520000
vt 0.463500 0.981400
vt 0.455000 0.977800
vt 0.441600 0.543800
vt 0.044800 0.543900
vt 0.040200 0.548800
vt 0.021300 0.537400
vt 0.380900 0.532200
vt 0.380900 0.536100
vt 0.314500 0.536200
vt 0.207300 0.532200
vt 0.207300 0.536200
vt 0.166600 0.536200
vt 0.166600 0.532200
vt 0.207300 0.512700
vt 0.166600 0.512700
vt 0.100200 0.512700
vt 0.100200 0.532200
vt 0.100200 0.536200
vt 0.273800 0.536200
vt 0.314500 0.532200
vt 0.273800 0.532200
vt 0.273800 0.512600
vt 0.155000 0.433400
vt 0.153500 0.434300
vt 0.155900 0.434900
vt 0.154400 0.435900
vt 0.152000 0.435200
vt 0.152900 0.436800
vt 0.150500 0.436200
vt 0.151400 0.437700
vt 0.153800 0.438300
vt 0.152200 0.439100
vt 0.154700 0.439900
vt 0.153200 0.440800
vt 0.155600 0.441300
vt 0.154100 0.442300
vt 0.157100 0.440500
vt 0.156200 0.439000
vt 0.155300 0.437400
vt 0.156800 0.436500
vt 0.157700 0.438000
vt 0.158700 0.439600
vt 0.151700 0.441800
vt 0.150800 0.440200
vt 0.149900 0.438700
vt 0.149000 0.437100
vt 0.155000 0.433300
vt 0.156800 0.436400
vt 0.158600 0.439600
vt 0.152600 0.443200
vt 0.152600 0.443300
vt 0.151700 0.441700
vt 0.142800 0.420400
vt 0.142600 0.420600
vt 0.143100 0.419900
vt 0.143400 0.419700
vt 0.400700 0.606300
vt 0.400700 0.586600
vt 0.405000 0.596500
vt 0.387800 0.596500
vt 0.392100 0.606300
vt 0.392100 0.586600
vt 0.411400 0.562600
vt 0.381500 0.562600
vt 0.366500 0.596800
vt 0.381500 0.630900
vt 0.411400 0.630900
vt 0.426300 0.596800
vt 0.734100 0.854500
vt 0.695500 0.855900
vt 0.734100 0.826100
vt 0.695600 0.889600
vt 0.734100 0.889100
vt 0.695600 0.928800
vt 0.734200 0.930000
vt 0.695600 0.954700
vt 0.734200 0.953100
vt 0.695500 0.825200
vt 0.616100 0.824300
vt 0.695500 0.766900
vt 0.616100 0.857200
vt 0.616100 0.889900
vt 0.616100 0.928600
vt 0.616100 0.954100
vt 0.616100 0.982800
vt 0.695600 0.983100
vt 0.734200 0.984500
vt 0.734100 0.765900
vt 0.695500 0.706400
vt 0.734100 0.706100
vt 0.734100 0.661400
vt 0.695500 0.658500
vt 0.734100 0.619400
vt 0.695500 0.617100
vt 0.734100 0.584800
vt 0.695500 0.584800
vt 0.734100 0.553600
vt 0.695400 0.553600
vt 0.734100 0.516300
vt 0.695400 0.516300
vt 0.734100 0.478200
vt 0.695400 0.478200
vt 0.734100 0.432900
vt 0.695400 0.432900
vt 0.616000 0.432900
vt 0.616000 0.478200
vt 0.616000 0.516300
vt 0.616000 0.553600
vt 0.616000 0.584800
vt 0.616100 0.617100
vt 0.616100 0.658500
vt 0.616100 0.705500
vt 0.616100 0.766900
vt 0.482300 0.486400
vt 0.487100 0.484200
vt 0.482300 0.491300
vt 0.487100 0.489100
vt 0.482300 0.504200
vt 0.487100 0.501900
vt 0.482300 0.516100
vt 0.487100 0.513800
vt 0.482500 0.991000
vt 0.487300 0.988700
vt 0.123900 0.420600
vt 0.149000 0.417800
vt 0.123600 0.438400
vt 0.148700 0.435600
vt 0.705100 0.370800
vt 0.807000 0.371500
vt 0.705000 0.370200
vt 0.806900 0.370900
vt 0.806200 0.292100
vt 0.806100 0.291500
vt 0.704400 0.291300
vt 0.704300 0.290700
vt 0.609600 0.195100
vt 0.609600 0.183400
vt 0.597400 0.183400
vt 0.503300 0.710800
vt 0.503300 0.662700
vt 0.541800 0.710800
vt 0.503300 0.772500
vt 0.541800 0.772600
vt 0.503300 0.833100
vt 0.541800 0.833100
vt 0.541800 0.864100
vt 0.503300 0.864100
vt 0.541800 0.896300
vt 0.503300 0.895900
vt 0.541800 0.934900
vt 0.503200 0.934700
vt 0.541800 0.959600
vt 0.503200 0.959300
vt 0.541800 0.986500
vt 0.503200 0.986600
vt 0.603600 0.986300
vt 0.603600 0.959700
vt 0.603600 0.934700
vt 0.603700 0.896100
vt 0.603700 0.864700
vt 0.603700 0.832700
vt 0.603700 0.772400
vt 0.603700 0.711200
vt 0.541800 0.662600
vt 0.603700 0.662400
vt 0.541800 0.619400
vt 0.603700 0.620000
vt 0.541800 0.584400
vt 0.603700 0.584400
vt 0.541800 0.552400
vt 0.603700 0.552400
vt 0.541800 0.513300
vt 0.603700 0.513300
vt 0.603700 0.475400
vt 0.503300 0.619400
vt 0.503300 0.584400
vt 0.503300 0.552400
vt 0.503300 0.513300
vt 0.541800 0.475400
vt 0.541800 0.431100
vt 0.603700 0.431100
vt 0.503300 0.475400
vt 0.503300 0.431100
vt 0.748900 0.773200
vt 0.748900 0.784100
vt 0.819800 0.773200
vt 0.748900 0.789800
vt 0.748900 0.797100
vt 0.819800 0.797100
vt 0.748900 0.501100
vt 0.748900 0.496300
vt 0.748900 0.466600
vt 0.748900 0.761900
vt 0.748900 0.817500
vt 0.748900 0.767600
vt 0.748900 0.814300
vt 0.819800 0.767600
vt 0.819800 0.778900
vt 0.819800 0.784100
vt 0.748900 0.791400
vt 0.819800 0.791400
vt 0.819800 0.789800
vt 0.748900 0.778900
vt 0.819800 0.496200
vt 0.819800 0.504100
vt 0.819800 0.499400
vt 0.748900 0.504100
vt 0.748900 0.832600
vt 0.748900 0.838600
vt 0.748900 0.838500
vt 0.819800 0.838500
vt 0.819800 0.829400
vt 0.819800 0.826800
vt 0.819800 0.817500
vt 0.819800 0.501100
vt 0.819800 0.467700
vt 0.819800 0.431300
vt 0.819800 0.471500
vt 0.748900 0.431300
vt 0.748900 0.430300
vt 0.748900 0.436400
vt 0.748900 0.442800
vt 0.819800 0.442800
vt 0.819800 0.466600
vt 0.819800 0.496300
vt 0.819800 0.761900
vt 0.819800 0.814300
vt 0.748900 0.829400
vt 0.819800 0.832600
vt 0.819800 0.509500
vt 0.748900 0.499400
vt 0.748900 0.480300
vt 0.748900 0.481100
vt 0.748900 0.471500
vt 0.819800 0.437300
vt 0.819800 0.430300
vt 0.748900 0.437000
vt 0.748900 0.461300
vt 0.819800 0.437000
vt 0.819800 0.461300
vt 0.819800 0.436400
vt 0.748900 0.437300
vt 0.748900 0.467700
vt 0.819800 0.480300
vt 0.819800 0.481100
vt 0.748900 0.496200
vt 0.748900 0.509500
vt 0.819800 0.838600
vt 0.748900 0.826800
vt 0.144100 0.438800
vt 0.145800 0.438800
vt 0.144100 0.438900
vt 0.145800 0.439000
vt 0.147500 0.439000
vt 0.147500 0.438900
vt 0.074300 0.649700
vt 0.074900 0.668300
vt 0.075200 0.684900
vt 0.074900 0.684800
vt 0.074300 0.709400
vt 0.073800 0.709400
vt 0.073100 0.731300
vt 0.072600 0.731300
vt 0.071800 0.753200
vt 0.071300 0.753200
vt 0.069800 0.795200
vt 0.069200 0.795200
vt 0.070700 0.827600
vt 0.070200 0.828300
vt 0.073000 0.856500
vt 0.072600 0.859000
vt 0.077000 0.883000
vt 0.076700 0.886200
vt 0.082400 0.888900
vt 0.082400 0.892800
vt 0.087200 0.883200
vt 0.087300 0.886900
vt 0.091900 0.867100
vt 0.092300 0.869800
vt 0.095600 0.846900
vt 0.096000 0.849700
vt 0.099800 0.823300
vt 0.099400 0.820600
vt 0.083200 0.890300
vt 0.086400 0.899500
vt 0.083500 0.887300
vt 0.086500 0.895700
vt 0.089300 0.898000
vt 0.089400 0.894200
vt 0.092600 0.885300
vt 0.092500 0.882200
vt 0.095400 0.868700
vt 0.095300 0.865600
vt 0.098200 0.845700
vt 0.098100 0.842600
vt 0.077100 0.633100
vt 0.077100 0.652300
vt 0.077100 0.633200
vt 0.077100 0.652400
vt 0.077300 0.669800
vt 0.077500 0.670100
vt 0.078000 0.696200
vt 0.078300 0.696600
vt 0.078400 0.719500
vt 0.078700 0.720000
vt 0.078700 0.742700
vt 0.079100 0.743200
vt 0.079000 0.786800
vt 0.079300 0.787300
vt 0.080200 0.830000
vt 0.080500 0.829800
vt 0.081000 0.864600
vt 0.081300 0.862400
s 1
usemtl toolgun3
f 1/1/1 2/2/2 3/3/3
f 4/4/4 3/3/3 2/2/2
f 2/2/2 5/5/5 4/4/4
f 3/3/3 4/4/4 6/6/6
f 7/7/7 4/4/4 5/5/5
f 5/5/5 8/8/8 7/7/7
f 9/9/9 6/6/6 4/4/4
f 4/4/4 7/7/7 9/9/9
f 6/6/6 9/9/9 10/10/10
f 11/11/11 12/12/12 13/13/13
f 14/14/14 13/13/13 12/12/12
f 13/13/13 14/14/14 15/15/15
f 16/16/16 15/15/15 14/14/14
f 15/15/15 16/16/16 17/17/17
f 18/18/18 7/7/7 8/8/8
f 18/18/18 17/17/17 16/16/16
f 8/8/8 19/19/19 18/18/18
f 17/17/17 18/18/18 19/19/19
f 7/7/7 18/18/18 20/20/20
f 20/20/20 9/9/9 7/7/7
f 16/16/16 20/20/20 18/18/18
f 21/21/21 10/10/10 9/9/9
f 9/9/9 20/20/20 21/21/21
f 10/10/10 21/21/21 22/22/22
f 23/23/23 22/22/22 21/21/21
f 20/20/20 16/16/16 24/24/24
f 24/24/24 21/21/21 20/20/20
f 14/14/14 24/24/24 16/16/16
f 21/21/21 24/24/24 23/23/23
f 24/24/24 14/14/14 25/25/25
f 25/25/25 23/23/23 24/24/24
f 12/12/12 25/25/25 14/14/14
f 26/26/26 27/27/27 28/28/28
f 27/27/27 26/26/26 29/29/29
f 30/30/30 29/29/29 26/26/26
f 26/26/26 28/28/28 30/30/30
f 29/29/29 30/30/30 31/31/31
f 32/32/32 31/31/31 30/30/30
f 32/32/32 30/30/30 28/28/28
f 28/28/28 33/33/33 32/32/32
f 31/31/31 32/32/32 33/33/33
f 33/33/33 28/28/28 27/27/27
f 34/34/34 35/35/35 36/36/36
f 36/36/36 37/37/37 38/38/38
f 35/35/35 39/39/39 36/36/36
f 39/39/39 37/37/37 36/36/36
f 40/40/40 39/39/39 35/35/35
f 41/41/41 37/37/37 39/39/39
f 42/42/42 43/43/43 44/44/44
f 42/42/42 45/45/45 43/43/43
f 46/46/46 43/43/43 45/45/45
f 45/45/45 42/42/42 47/47/47
f 44/44/44 47/47/47 42/42/42
f 47/47/47 44/44/44 48/48/48
f 49/49/49 48/48/48 44/44/44
f 44/44/44 43/43/43 50/50/50
f 49/49/49 44/44/44 50/50/50
f 43/43/43 51/51/51 50/50/50
f 52/52/52 51/51/51 43/43/43
f 52/52/52 53/53/53 51/51/51
f 54/54/54 51/51/51 53/53/53
f 50/50/50 51/51/51 55/55/55
f 51/51/51 54/54/54 55/55/55
f 55/55/55 56/56/56 50/50/50
f 56/56/56 55/55/55 54/54/54
f 57/57/57 50/50/50 56/56/56
f 58/58/58 59/59/59 60/60/60
f 61/61/61 60/60/60 59/59/59
f 60/60/60 61/61/61 62/62/62
f 59/59/59 63/63/63 61/61/61
f 64/64/64 61/61/61 63/63/63
f 63/63/63 65/65/65 64/64/64
f 66/66/66 64/64/64 65/65/65
f 64/64/64 66/66/66 67/67/67
f 68/68/36 67/67/67 66/66/66
f 68/68/36 69/69/68 67/67/67
f 70/70/69 67/67/67 69/69/68
f 70/70/69 71/71/70 67/67/67
f 72/72/71 67/67/67 71/71/70
f 67/67/67 72/72/71 64/64/64
f 61/61/61 64/64/64 72/72/71
f 72/72/71 62/62/62 61/61/61
f 71/71/70 73/73/57 72/72/71
f 62/62/62 72/72/71 73/73/57
f 74/74/72 75/63/73 76/75/74
f 77/64/75 76/75/74 75/63/73
f 75/63/73 78/59/76 77/64/75
f 79/61/77 77/64/75 78/59/76
f 78/59/76 80/58/46 79/61/77
f 81/76/78 79/61/77 80/58/46
f 79/61/77 81/76/78 82/77/79
f 83/78/80 82/77/79 81/76/78
f 82/77/79 83/78/80 84/79/81
f 85/80/82 84/79/81 83/78/80
f 84/79/81 86/81/83 82/77/79
f 82/77/79 87/82/84 79/61/77
f 77/64/75 79/61/77 87/82/84
f 87/82/84 82/77/79 86/81/83
f 76/75/74 77/64/75 88/83/85
f 87/82/84 88/83/85 77/64/75
f 86/81/83 89/84/37 87/82/84
f 88/83/85 87/82/84 89/84/37
f 90/85/86 91/86/87 92/87/88
f 92/87/88 93/88/89 94/89/90
f 91/86/87 95/90/91 92/87/88
f 95/90/91 93/88/89 92/87/88
f 96/91/92 95/90/91 91/86/87
f 97/92/93 93/88/89 95/90/91
f 98/93/94 99/94/95 100/95/96
f 99/94/95 101/96/97 100/95/96
f 102/97/98 101/96/97 99/94/95
f 101/96/97 103/98/99 100/95/96
f 100/95/96 103/98/99 104/99/100
f 105/100/101 103/98/99 101/96/97
f 105/100/101 106/101/102 103/98/99
f 101/96/97 107/102/103 105/100/101
f 106/101/102 105/100/101 107/102/103
f 102/97/98 108/103/91 101/96/97
f 107/102/103 101/96/97 108/103/91
f 108/103/91 102/97/98 109/104/104
f 99/94/95 109/104/104 102/97/98
f 98/93/94 110/105/105 99/94/95
f 109/104/104 99/94/95 110/105/105
f 100/95/96 111/106/106 98/93/94
f 110/105/105 98/93/94 111/106/106
f 104/99/100 112/107/88 100/95/96
f 111/106/106 100/95/96 112/107/88
f 112/107/88 104/99/100 113/108/107
f 103/98/99 113/108/107 104/99/100
f 113/108/107 103/98/99 106/101/102
f 114/109/108 115/110/109 116/111/110
f 115/110/109 117/112/111 116/111/110
f 116/111/110 117/112/111 118/113/112
f 119/114/113 117/112/111 115/110/109
f 120/115/114 119/114/113 115/110/109
f 120/115/114 121/116/115 119/114/113
f 115/110/109 122/117/116 120/115/114
f 121/116/115 120/115/114 122/117/116
f 122/117/116 115/110/109 123/118/117
f 114/109/108 123/118/117 115/110/109
f 116/111/110 124/119/118 114/109/108
f 123/118/117 114/109/108 124/119/118
f 118/113/112 125/120/119 116/111/110
f 124/119/118 116/111/110 125/120/119
f 125/120/119 118/113/112 126/121/120
f 117/112/111 126/121/120 118/113/112
f 126/121/120 117/112/111 127/122/121
f 128/123/122 127/122/121 117/112/111
f 127/122/121 128/123/122 129/124/123
f 130/125/124 131/126/125 119/114/113
f 131/126/125 117/112/111 119/114/113
f 128/123/122 117/112/111 131/126/125
f 131/126/125 129/124/123 128/123/122
f 130/125/124 132/127/126 131/126/125
f 129/124/123 131/126/125 132/127/126
f 119/114/113 133/128/127 130/125/124
f 133/128/127 119/114/113 121/116/115
f 132/127/126 130/125/124 133/128/127
f 134/129/27 135/130/128 136/131/129
f 137/132/31 136/131/129 135/130/128
f 138/133/130 139/134/131 140/135/132
f 141/136/133 140/135/132 139/134/131
f 142/137/65 141/136/133 143/138/134
f 143/138/134 141/136/133 139/134/131
f 144/139/135 143/138/134 139/134/131
f 145/140/136 144/139/135 139/134/131
f 145/140/136 146/141/46 144/139/135
f 147/142/137 144/139/135 146/141/46
f 148/143/138 149/144/139 150/145/140
f 150/145/140 149/144/139 151/146/141
f 152/147/142 150/145/140 151/146/141
f 151/146/141 149/144/139 153/148/143
f 154/149/144 151/146/141 153/148/143
f 153/148/143 149/144/139 155/150/145
f 155/150/145 149/144/139 156/151/146
f 157/152/147 153/148/143 155/150/145
f 158/143/148 159/144/149 160/145/150
f 160/145/150 159/144/149 161/146/151
f 162/147/152 160/145/150 161/146/151
f 161/146/151 159/144/149 163/148/153
f 164/149/154 161/146/151 163/148/153
f 163/148/153 159/144/149 165/150/155
f 165/150/155 159/144/149 166/151/156
f 167/152/157 163/148/153 165/150/155
f 168/153/158 169/154/159 170/155/160
f 171/156/161 170/155/160 169/154/159
f 172/157/162 173/158/163 174/159/164
f 175/160/165 174/159/164 173/158/163
f 176/161/166 177/162/167 178/163/168
f 179/164/169 178/163/168 177/162/167
f 177/162/167 180/165/164 179/164/169
f 179/164/169 181/166/170 178/163/168
f 181/166/170 179/164/169 180/165/164
f 178/163/168 182/167/171 176/161/166
f 182/167/171 178/163/168 181/166/170
f 183/168/172 176/161/166 182/167/171
f 182/167/171 181/166/170 183/168/172
f 180/165/164 183/168/172 181/166/170
f 184/169/173 185/170/174 186/171/175
f 187/172/176 186/171/175 185/170/174
f 188/170/177 189/172/178 190/169/179
f 191/171/180 190/169/179 189/172/178
f 192/132/181 193/173/182 194/174/183
f 195/175/184 194/174/183 193/173/182
f 193/173/182 196/176/185 195/175/184
f 195/175/184 197/177/186 194/174/183
f 197/177/186 195/175/184 196/176/185
f 198/132/187 194/174/183 197/177/186
f 194/174/183 198/132/187 192/132/181
f 198/132/187 197/177/186 199/178/188
f 196/176/185 199/178/188 197/177/186
f 199/178/188 192/132/181 198/132/187
f 200/179/189 201/180/190 202/181/191
f 203/182/192 202/181/191 201/180/190
f 204/183/193 205/184/194 206/185/195
f 207/186/161 206/185/195 205/184/194
f 205/184/194 208/178/191 207/186/161
f 207/186/161 209/132/196 206/185/195
f 209/132/196 207/186/161 208/178/191
f 206/185/195 210/187/197 204/183/193
f 210/187/197 206/185/195 209/132/196
f 211/188/198 204/183/193 210/187/197
f 210/187/197 209/132/196 211/188/198
f 208/178/191 211/188/198 209/132/196
f 212/189/199 213/190/200 214/191/201
f 215/192/202 214/191/201 213/190/200
f 216/193/27 217/194/128 218/195/129
f 219/196/31 218/195/129 217/194/128
f 220/197/32 221/198/30 222/199/203
f 223/200/26 222/199/203 221/198/30
f 223/200/26 224/201/204 222/199/203
f 221/198/30 225/202/205 223/200/26
f 224/201/204 223/200/26 225/202/205
f 220/197/32 226/203/206 221/198/30
f 225/202/205 221/198/30 226/203/206
f 226/203/206 220/197/32 227/204/207
f 222/199/203 227/204/207 220/197/32
f 227/204/207 222/199/203 224/201/204
f 228/192/208 229/190/209 230/191/210
f 231/189/211 230/191/210 229/190/209
f 232/205/212 233/206/213 234/207/183
f 235/208/184 234/207/183 233/206/213
f 233/206/213 236/209/214 235/208/184
f 235/208/184 237/210/186 234/207/183
f 237/210/186 235/208/184 236/209/214
f 234/207/183 238/211/187 232/205/212
f 238/211/187 234/207/183 237/210/186
f 239/212/215 232/205/212 238/211/187
f 238/211/187 237/210/186 239/212/215
f 236/209/214 239/212/215 237/210/186
f 240/213/216 241/214/217 242/215/218
f 242/215/218 241/214/217 243/216/219
f 244/217/220 242/215/218 243/216/219
f 245/218/221 243/216/219 246/219/222
f 243/216/219 241/214/217 247/220/223
f 246/219/222 243/216/219 247/220/223
f 247/220/223 241/214/217 248/221/224
f 248/221/224 241/214/217 249/222/225
f 250/223/226 246/219/222 247/220/223
f 251/224/227 247/220/223 248/221/224
f 252/225/228 253/226/229 254/227/230
f 255/228/231 254/227/230 253/226/229
f 256/229/232 257/230/233 258/231/234
f 259/232/235 258/231/234 257/230/233
f 260/233/236 261/234/233 262/235/237
f 262/235/237 261/234/233 263/236/231
f 264/237/238 262/235/237 263/236/231
f 265/238/239 264/237/238 263/236/231
f 266/239/240 265/238/239 263/236/231
f 267/240/241 266/239/240 263/236/231
f 268/241/242 267/240/241 263/236/231
f 269/242/243 267/240/241 268/241/242
f 270/243/244 271/244/245 272/245/246
f 273/246/247 274/247/248 271/244/245
f 274/247/248 275/248/249 271/244/245
f 271/244/245 275/248/249 272/245/246
f 272/245/246 275/248/249 276/249/250
f 277/250/251 275/248/249 274/247/248
f 278/251/252 277/250/251 274/247/248
f 279/252/253 275/248/249 277/250/251
f 278/251/252 280/253/254 277/250/251
f 274/247/248 281/254/255 278/251/252
f 280/253/254 278/251/252 281/254/255
f 281/254/255 274/247/248 282/255/256
f 273/246/247 282/255/256 274/247/248
f 271/244/245 283/256/257 273/246/247
f 282/255/256 273/246/247 283/256/257
f 270/243/244 284/257/258 271/244/245
f 283/256/257 271/244/245 284/257/258
f 272/245/246 285/258/259 270/243/244
f 284/257/258 270/243/244 285/258/259
f 276/249/250 286/259/149 272/245/246
f 285/258/259 272/245/246 286/259/149
f 286/259/149 276/249/250 287/260/260
f 275/248/249 287/260/260 276/249/250
f 279/252/253 288/261/261 275/248/249
f 287/260/260 275/248/249 288/261/261
f 288/261/261 279/252/253 289/262/262
f 277/250/251 289/262/262 279/252/253
f 289/262/262 277/250/251 280/253/254
f 290/263/263 291/264/264 292/265/265
f 293/266/266 294/267/267 295/268/268
f 293/266/266 295/268/268 296/269/269
f 297/270/270 293/266/266 296/269/269
f 297/270/270 296/269/269 298/271/271
f 297/270/270 298/271/271 290/263/263
f 298/271/271 299/272/158 290/263/263
f 290/263/263 300/273/272 291/264/264
f 299/272/158 300/273/272 290/263/263
f 300/273/272 301/274/273 291/264/264
f 296/269/269 301/274/273 302/275/161
f 302/275/161 298/271/271 296/269/269
f 300/273/272 302/275/161 301/274/273
f 303/276/274 304/277/275 305/278/276
f 304/277/275 293/266/266 305/278/276
f 305/278/276 293/266/266 297/270/270
f 292/265/265 305/278/276 297/270/270
f 306/279/277 290/263/263 292/265/265
f 306/279/277 297/270/270 290/263/263
f 306/279/277 292/265/265 297/270/270
f 307/280/278 308/281/279 292/265/265
f 292/265/265 309/282/280 305/278/276
f 309/282/280 292/265/265 308/281/279
f 310/283/281 305/278/276 309/282/280
f 305/278/276 310/283/281 303/276/274
f 309/282/280 308/281/279 310/283/281
f 311/284/282 303/276/274 310/283/281
f 310/283/281 308/281/279 311/284/282
f 303/276/274 311/284/282 304/277/275
f 312/285/283 308/281/279 294/267/267
f 311/284/282 308/281/279 312/285/283
f 294/267/267 293/266/266 312/285/283
f 304/277/275 312/285/283 293/266/266
f 312/285/283 304/277/275 311/284/282
f 313/286/284 314/287/285 315/288/286
f 314/287/285 313/286/284 316/289/287
f 316/289/287 317/290/288 314/287/285
f 318/291/289 317/290/288 316/289/287
f 318/291/289 319/292/290 317/290/288
f 319/292/290 301/274/273 296/269/269
f 295/268/268 319/292/290 296/269/269
f 319/292/290 318/291/289 320/293/291
f 313/286/284 315/288/286 320/293/291
f 320/293/291 316/289/287 313/286/284
f 316/289/287 320/293/291 318/291/289
f 320/293/291 301/274/273 319/292/290
f 321/294/292 301/274/273 320/293/291
f 315/288/286 321/294/292 320/293/291
f 291/264/264 301/274/273 321/294/292
f 322/295/293 291/264/264 321/294/292
f 291/264/264 322/295/293 292/265/265
f 322/295/293 323/296/294 292/265/265
f 323/296/294 307/280/278 292/265/265
f 308/281/279 307/280/278 324/297/295
f 323/296/294 324/297/295 307/280/278
f 308/281/279 324/297/295 325/298/296
f 294/267/267 308/281/279 325/298/296
f 325/298/296 295/268/268 294/267/267
f 326/299/297 321/294/292 315/288/286
f 326/299/297 327/300/298 321/294/292
f 328/301/299 315/288/286 314/287/285
f 315/288/286 328/301/299 326/299/297
f 314/287/285 317/290/288 328/301/299
f 328/301/299 317/290/288 327/300/298
f 327/300/298 326/299/297 328/301/299
f 329/302/300 321/294/292 327/300/298
f 327/300/298 317/290/288 329/302/300
f 321/294/292 329/302/300 322/295/293
f 317/290/288 330/303/301 329/302/300
f 330/303/301 322/295/293 329/302/300
f 322/295/293 330/303/301 323/296/294
f 331/304/302 330/303/301 325/298/296
f 324/297/295 331/304/302 325/298/296
f 324/297/295 323/296/294 331/304/302
f 331/304/302 323/296/294 330/303/301
f 325/298/296 330/303/301 332/305/303
f 332/305/303 330/303/301 333/306/304
f 333/306/304 330/303/301 317/290/288
f 333/306/304 334/307/305 332/305/303
f 334/307/305 319/292/290 295/268/268
f 334/307/305 333/306/304 335/308/306
f 335/308/306 319/292/290 334/307/305
f 317/290/288 335/308/306 333/306/304
f 335/308/306 317/290/288 319/292/290
f 336/309/307 332/305/303 334/307/305
f 332/305/303 336/309/307 325/298/296
f 295/268/268 325/298/296 336/309/307
f 336/309/307 334/307/305 295/268/268
f 337/231/308 338/232/309 339/229/310
f 340/230/311 339/229/310 338/232/309
f 341/310/312 342/311/313 343/312/314
f 344/313/315 341/310/312 343/312/314
f 345/314/316 344/313/315 343/312/314
f 346/315/317 344/313/315 345/314/316
f 347/316/318 348/317/27 349/318/319
f 348/317/27 347/316/318 350/319/320
f 351/320/321 350/319/320 347/316/318
f 350/319/320 351/320/321 352/187/206
f 353/321/322 352/187/206 351/320/321
f 352/187/206 353/321/322 354/322/323
f 349/318/319 354/322/323 353/321/322
f 354/322/323 349/318/319 348/317/27
f 348/317/27 350/319/320 354/322/323
f 352/187/206 354/322/323 350/319/320
f 355/323/324 356/324/27 357/325/325
f 356/324/27 355/323/324 358/326/326
f 359/327/200 358/326/326 355/323/324
f 358/326/326 359/327/200 360/328/206
f 361/329/327 360/328/206 359/327/200
f 360/328/206 361/329/327 362/330/323
f 357/325/325 362/330/323 361/329/327
f 362/330/323 357/325/325 356/324/27
f 356/324/27 358/326/326 362/330/323
f 360/328/206 362/330/323 358/326/326
f 363/331/328 364/332/329 365/333/330
f 366/334/331 367/335/332 368/336/333
f 367/335/332 365/333/330 368/336/333
f 364/332/329 369/337/334 365/333/330
f 365/333/330 369/337/334 368/336/333
f 370/338/335 365/333/330 367/335/332
f 371/339/336 369/337/334 372/340/224
f 373/341/337 369/337/334 364/332/329
f 373/341/337 372/340/224 369/337/334
f 364/332/329 374/342/338 373/341/337
f 372/340/224 373/341/337 374/342/338
f 374/342/338 364/332/329 375/343/339
f 363/331/328 375/343/339 364/332/329
f 375/343/339 363/331/328 376/344/340
f 365/333/330 376/344/340 363/331/328
f 376/344/340 365/333/330 377/345/341
f 370/338/335 377/345/341 365/333/330
f 367/335/332 378/346/342 370/338/335
f 377/345/341 370/338/335 378/346/342
f 366/334/331 379/347/343 367/335/332
f 378/346/342 367/335/332 379/347/343
f 368/336/333 380/348/344 366/334/331
f 379/347/343 366/334/331 380/348/344
f 380/348/344 368/336/333 381/349/345
f 382/350/346 381/349/345 368/336/333
f 381/349/345 382/350/346 383/351/347
f 384/352/348 383/351/347 382/350/346
f 368/336/333 369/337/334 384/352/348
f 382/350/346 368/336/333 384/352/348
f 383/351/347 384/352/348 385/353/217
f 384/352/348 369/337/334 386/354/349
f 369/337/334 371/339/336 386/354/349
f 386/354/349 385/353/217 384/352/348
f 385/353/217 386/354/349 371/339/336
f 387/355/350 388/356/240 389/357/351
f 390/358/352 389/357/351 388/356/240
f 390/358/352 391/359/353 389/357/351
f 392/360/354 390/358/352 388/356/240
f 393/361/355 394/362/356 392/360/354
f 395/363/357 392/360/354 394/362/356
f 395/363/357 396/364/358 392/360/354
f 396/364/358 390/358/352 392/360/354
f 391/359/353 390/358/352 397/365/359
f 396/364/358 397/365/359 390/358/352
f 398/366/360 389/357/351 391/359/353
f 391/359/353 397/365/359 398/366/360
f 389/357/351 398/366/360 399/367/361
f 389/357/351 400/368/362 387/355/350
f 399/367/361 400/368/362 389/357/351
f 400/368/362 401/369/363 387/355/350
f 387/355/350 401/369/363 402/370/364
f 402/370/364 401/369/363 403/371/237
f 404/372/365 403/371/237 401/369/363
f 403/371/237 404/372/365 405/373/366
f 405/373/366 404/372/365 406/374/361
f 404/372/365 407/375/367 406/374/361
f 401/369/363 408/376/368 404/372/365
f 407/375/367 404/372/365 408/376/368
f 409/377/369 399/367/361 398/366/360
f 409/377/369 398/366/360 397/365/359
f 397/365/359 396/364/358 409/377/369
f 399/367/361 409/377/369 396/364/358
f 407/375/367 408/376/368 410/378/370
f 406/374/361 410/378/370 400/368/362
f 410/378/370 406/374/361 407/375/367
f 400/368/362 411/379/371 401/369/363
f 411/379/371 400/368/362 410/378/370
f 408/376/368 401/369/363 411/379/371
f 411/379/371 410/378/370 408/376/368
f 412/380/372 403/371/237 405/373/366
f 412/380/372 405/373/366 413/381/373
f 414/382/374 413/381/373 405/373/366
f 415/383/375 416/384/376 417/385/377
f 418/386/234 415/383/375 417/385/377
f 419/387/378 415/383/375 418/386/234
f 420/388/374 419/387/378 418/386/234
f 421/389/379 419/387/378 420/388/374
f 422/390/380 421/389/379 420/388/374
f 423/391/381 421/389/379 422/390/380
f 424/392/382 423/391/381 422/390/380
f 425/393/362 423/391/381 424/392/382
f 426/394/361 423/391/381 425/393/362
f 427/395/383 423/391/381 426/394/361
f 428/396/384 423/391/381 427/395/383
f 429/397/385 423/391/381 428/396/384
f 430/398/386 429/397/385 428/396/384
f 416/384/376 429/397/385 430/398/386
f 417/385/377 416/384/376 430/398/386
f 431/399/387 432/400/388 433/401/376
f 434/402/389 433/401/376 432/400/388
f 435/403/376 436/404/314 437/405/390
f 438/406/391 437/405/390 436/404/314
f 437/405/390 438/406/391 439/407/392
f 440/408/393 439/407/392 438/406/391
f 439/407/392 440/408/393 441/409/394
f 442/410/395 441/409/394 440/408/393
f 441/409/394 442/410/395 443/411/396
f 444/412/397 443/411/396 442/410/395
f 443/411/396 444/412/397 445/413/375
f 446/414/388 445/413/375 444/412/397
f 447/415/398 448/416/399 449/417/400
f 450/418/401 449/417/400 448/416/399
f 451/419/402 452/420/403 453/421/404
f 454/422/405 453/421/404 452/420/403
f 455/421/406 456/419/407 457/422/408
f 458/420/409 457/422/408 456/419/407
f 459/421/410 460/419/407 461/422/411
f 462/420/409 461/422/411 460/419/407
f 463/423/412 464/424/413 465/425/414
f 466/426/415 465/425/414 464/424/413
f 467/425/416 468/426/402 469/423/417
f 470/424/418 469/423/417 468/426/402
f 471/427/419 472/428/420 473/429/421
f 474/430/422 473/429/421 472/428/420
f 475/425/423 476/426/424 477/423/425
f 478/424/426 477/423/425 476/426/424
f 479/427/427 480/428/409 481/429/428
f 482/430/429 481/429/428 480/428/409
f 483/423/430 484/424/408 485/425/431
f 486/426/432 485/425/431 484/424/408
f 487/425/423 488/426/424 489/423/425
f 490/424/426 489/423/425 488/426/424
f 491/427/419 492/428/409 493/429/433
f 494/430/429 493/429/433 492/428/409
f 495/423/412 496/424/434 497/425/414
f 498/426/435 497/425/414 496/424/434
f 499/431/436 500/432/437 501/433/438
f 499/431/436 501/433/438 502/434/439
f 502/434/439 501/433/438 503/435/440
f 502/434/439 503/435/440 504/436/441
f 505/437/442 506/438/443 507/439/444
f 507/439/444 506/438/443 508/440/445
f 508/440/445 506/438/443 509/441/446
f 510/442/447 507/439/444 508/440/445
f 511/443/448 512/444/449 513/445/450
f 511/443/448 514/446/401 515/447/451
f 512/444/449 511/443/448 516/448/452
f 515/447/451 516/448/452 511/443/448
f 512/444/449 516/448/452 517/449/453
f 517/449/453 513/445/450 512/444/449
f 513/445/450 517/449/453 518/450/454
f 519/451/455 518/450/454 517/449/453
f 518/450/454 519/451/455 515/447/451
f 516/448/452 515/447/451 519/451/455
f 519/451/455 517/449/453 516/448/452
f 514/446/401 520/452/456 515/447/451
f 515/447/451 521/453/457 518/450/454
f 520/452/456 521/453/457 515/447/451
f 520/452/456 522/454/458 521/453/457
f 522/454/458 520/452/456 523/455/459
f 524/455/460 520/452/456 514/446/401
f 524/455/460 523/455/459 520/452/456
f 524/455/460 525/456/399 523/455/459
f 525/456/399 524/455/460 514/446/401
f 518/450/454 526/457/461 513/445/450
f 521/453/457 526/457/461 518/450/454
f 513/445/450 527/458/462 511/443/448
f 527/458/462 513/445/450 526/457/461
f 527/458/462 528/459/463 511/443/448
f 528/459/463 514/446/401 511/443/448
f 529/433/464 514/446/401 528/459/463
f 530/460/465 514/446/401 529/433/464
f 531/461/466 529/433/464 528/459/463
f 530/460/465 529/433/464 531/461/466
f 528/459/463 532/462/467 531/461/466
f 532/462/467 528/459/463 527/458/462
f 526/457/461 533/463/468 527/458/462
f 534/464/469 527/458/462 533/463/468
f 535/465/470 536/466/471 537/467/472
f 537/467/472 536/466/471 538/468/473
f 538/468/473 536/466/471 539/469/474
f 540/470/475 537/467/472 538/468/473
f 541/471/476 537/467/472 540/470/475
f 542/472/477 540/470/475 538/468/473
f 543/473/478 544/474/439 536/466/471
f 545/475/400 543/473/478 536/466/471
f 544/474/439 546/476/479 536/466/471
f 546/476/479 547/477/405 536/466/471
f 548/478/480 546/476/479 544/474/439
f 549/479/481 548/478/480 544/474/439
f 549/479/481 550/480/482 548/478/480
f 550/480/482 549/479/481 551/481/483
f 551/481/483 552/482/484 550/480/482
f 552/482/484 551/481/483 553/483/485
f 553/483/485 554/484/486 552/482/484
f 554/484/486 553/483/485 555/485/487
f 556/486/488 555/485/487 553/483/485
f 557/487/489 555/485/487 556/486/488
f 542/472/477 557/487/489 558/488/490
f 556/486/488 558/488/490 557/487/489
f 559/489/491 540/470/475 542/472/477
f 558/488/490 540/470/475 559/489/491
f 559/489/491 542/472/477 558/488/490
f 560/490/492 540/470/475 558/488/490
f 555/485/487 557/487/489 561/491/493
f 562/492/494 563/493/495 554/484/486
f 552/482/484 554/484/486 563/493/495
f 563/493/495 550/480/482 552/482/484
f 550/480/482 563/493/495 548/478/480
f 549/479/481 564/494/496 551/481/483
f 544/474/439 564/494/496 549/479/481
f 564/494/496 560/490/492 551/481/483
f 565/495/497 560/490/492 558/488/490
f 551/481/483 560/490/492 565/495/497
f 553/483/485 566/496/498 556/486/488
f 558/488/490 556/486/488 566/496/498
f 566/496/498 565/495/497 558/488/490
f 566/496/498 553/483/485 551/481/483
f 565/495/497 566/496/498 551/481/483
f 563/493/495 562/492/494 567/497/499
f 567/497/499 548/478/480 563/493/495
f 561/491/493 568/498/500 562/492/494
f 567/497/499 562/492/494 568/498/500
f 569/499/501 561/491/493 557/487/489
f 557/487/489 542/472/477 569/499/501
f 568/498/500 561/491/493 569/499/501
f 570/500/502 569/499/501 542/472/477
f 570/500/502 542/472/477 538/468/473
f 538/468/473 539/469/474 570/500/502
f 539/469/474 568/498/500 570/500/502
f 569/499/501 570/500/502 568/498/500
f 571/501/417 546/476/479 548/478/480
f 548/478/480 567/497/499 572/502/421
f 571/501/417 548/478/480 572/502/421
f 572/502/421 567/497/499 573/503/419
f 574/504/412 575/505/419 576/506/423
f 575/505/419 567/497/499 576/506/423
f 577/507/503 574/504/412 576/506/423
f 574/504/412 577/507/503 578/508/411
f 577/507/503 579/509/410 578/508/411
f 578/508/411 579/509/410 536/466/471
f 579/509/410 580/510/504 536/466/471
f 536/466/471 580/510/504 539/469/474
f 580/510/504 581/511/505 539/469/474
f 539/469/474 581/511/505 568/498/500
f 576/506/423 567/497/499 582/512/506
f 582/512/506 567/497/499 568/498/500
f 581/511/505 582/512/506 568/498/500
f 583/513/423 567/497/499 575/505/419
f 573/503/419 567/497/499 583/513/423
f 584/514/412 573/503/419 583/513/423
f 584/514/412 585/515/507 547/477/405
f 585/515/507 584/514/412 583/513/423
f 585/515/507 586/516/410 547/477/405
f 547/477/405 586/516/410 536/466/471
f 586/516/410 578/508/411 536/466/471
f 587/517/508 588/518/509 589/519/510
f 590/520/511 589/519/510 588/518/509
f 588/518/509 591/521/512 590/520/511
f 592/522/513 590/520/511 591/521/512
f 591/521/512 593/523/514 592/522/513
f 594/524/515 592/522/513 593/523/514
f 592/522/513 594/524/515 595/525/516
f 596/526/517 595/525/516 594/524/515
f 595/525/516 596/526/517 597/527/518
f 598/528/519 597/527/518 596/526/517
f 597/527/518 598/528/519 599/529/520
f 600/530/521 599/529/520 598/528/519
f 599/529/520 601/531/522 597/527/518
f 597/527/518 602/532/523 595/525/516
f 602/532/523 597/527/518 601/531/522
f 603/533/524 595/525/516 602/532/523
f 595/525/516 603/533/524 592/522/513
f 590/520/511 592/522/513 603/533/524
f 589/519/510 590/520/511 604/534/525
f 603/533/524 604/534/525 590/520/511
f 602/532/523 605/535/526 603/533/524
f 604/534/525 603/533/524 605/535/526
f 605/535/526 602/532/523 606/536/527
f 601/531/522 606/536/527 602/532/523
f 598/528/519 607/537/528 600/530/521
f 596/526/517 608/538/529 598/528/519
f 607/537/528 598/528/519 608/538/529
f 594/524/515 609/539/530 596/526/517
f 608/538/529 596/526/517 609/539/530
f 593/523/514 610/540/531 594/524/515
f 609/539/530 594/524/515 610/540/531
f 593/523/514 611/523/532 610/540/531
f 591/521/512 612/521/15 593/523/514
f 611/523/532 593/523/514 612/521/15
f 588/518/509 613/518/533 591/521/512
f 612/521/15 591/521/512 613/518/533
f 587/517/508 614/541/534 588/518/509
f 613/518/533 588/518/509 614/541/534
f 589/519/510 615/519/12 587/517/508
f 614/541/534 587/517/508 615/519/12
f 615/519/12 589/519/510 616/542/535
f 604/534/525 616/542/535 589/519/510
f 605/535/526 617/535/23 604/534/525
f 616/542/535 604/534/525 617/535/23
f 606/536/527 618/543/536 605/535/526
f 617/535/23 605/535/526 618/543/536
f 601/531/522 619/531/10 606/536/527
f 618/543/536 606/536/527 619/531/10
f 599/529/520 620/529/537 601/531/522
f 619/531/10 601/531/522 620/529/537
f 620/529/537 599/529/520 621/530/538
f 600/530/521 621/530/538 599/529/520
f 621/530/538 600/530/521 622/544/1
f 623/545/539 622/544/1 600/530/521
f 623/545/539 600/530/521 607/537/528
f 622/544/1 623/545/539 624/546/540
f 607/537/528 624/546/540 623/545/539
f 608/538/529 625/538/541 607/537/528
f 624/546/540 607/537/528 625/538/541
f 609/539/530 626/539/542 608/538/529
f 625/538/541 608/538/529 626/539/542
f 627/540/543 610/540/531 611/523/532
f 610/540/531 627/540/543 609/539/530
f 626/539/542 609/539/530 627/540/543
f 628/547/544 629/548/545 630/452/546
f 628/547/544 630/452/546 631/549/547
f 631/549/547 630/452/546 632/549/548
f 631/549/547 632/549/548 633/550/549
f 634/551/550 635/552/551 636/553/552
f 637/554/553 635/552/551 634/551/550
f 638/555/554 637/554/553 634/551/550
f 639/556/555 635/552/551 637/554/553
f 635/552/551 640/557/556 636/553/552
f 639/556/555 641/558/557 635/552/551
f 640/557/556 635/552/551 641/558/557
f 641/558/557 639/556/555 642/559/558
f 637/554/553 642/559/558 639/556/555
f 638/555/554 643/560/559 637/554/553
f 642/559/558 637/554/553 643/560/559
f 634/551/550 644/561/560 638/555/554
f 643/560/559 638/555/554 644/561/560
f 644/561/560 634/551/550 645/562/561
f 636/553/552 645/562/561 634/551/550
f 645/562/561 636/553/552 640/557/556
f 646/563/562 647/564/563 648/565/564
f 647/564/563 646/563/562 649/566/565
f 650/567/566 649/566/565 646/563/562
f 649/566/565 650/567/566 651/568/567
f 652/569/568 651/568/567 650/567/566
f 651/568/567 652/569/568 653/570/569
f 654/571/570 653/570/569 652/569/568
f 655/572/571 648/565/564 647/564/563
f 655/572/571 647/564/563 656/573/572
f 655/572/571 657/574/573 648/565/564
f 655/572/571 656/573/572 657/574/573
f 658/575/574 656/573/572 647/564/563
f 647/564/563 649/566/565 658/575/574
f 659/576/575 658/575/574 649/566/565
f 651/568/567 660/577/576 649/566/565
f 659/576/575 649/566/565 660/577/576
f 653/570/569 661/578/577 651/568/567
f 660/577/576 651/568/567 661/578/577
f 661/578/577 653/570/569 662/579/578
f 653/570/569 654/571/570 663/580/579
f 663/580/579 662/579/578 653/570/569
f 664/581/580 663/580/579 654/571/570
f 665/582/581 648/565/564 657/574/573
f 657/574/573 666/583/582 665/582/581
f 667/584/583 665/582/581 666/583/582
f 667/584/583 666/583/582 668/585/584
f 669/586/585 668/585/584 666/583/582
f 668/585/584 669/586/585 670/587/586
f 671/588/587 670/587/586 669/586/585
f 670/587/586 671/588/587 672/589/588
f 673/590/589 672/589/588 671/588/587
f 672/589/588 673/590/589 674/591/590
f 675/592/591 674/591/590 673/590/589
f 674/591/590 675/592/591 676/593/592
f 677/594/593 676/593/592 675/592/591
f 676/593/592 677/594/593 678/595/594
f 679/596/595 678/595/594 677/594/593
f 678/595/594 679/596/595 680/597/596
f 681/598/597 680/597/596 679/596/595
f 681/598/597 679/596/595 682/599/598
f 683/600/599 682/599/598 679/596/595
f 677/594/593 684/601/600 679/596/595
f 683/600/599 679/596/595 684/601/600
f 675/592/591 685/602/601 677/594/593
f 684/601/600 677/594/593 685/602/601
f 685/602/601 675/592/591 686/603/602
f 673/590/589 686/603/602 675/592/591
f 671/588/587 687/604/603 673/590/589
f 686/603/602 673/590/589 687/604/603
f 669/586/585 688/605/604 671/588/587
f 687/604/603 671/588/587 688/605/604
f 688/605/604 669/586/585 689/606/605
f 666/583/582 689/606/605 669/586/585
f 666/583/582 657/574/573 689/606/605
f 690/607/606 657/574/573 656/573/572
f 690/607/606 689/606/605 657/574/573
f 691/608/607 692/609/608 693/610/609
f 694/611/610 693/610/609 692/609/608
f 693/610/609 694/611/610 695/612/611
f 696/613/466 695/612/611 694/611/610
f 695/612/611 696/613/466 697/614/441
f 698/615/467 697/614/441 696/613/466
f 697/614/441 698/615/467 699/616/612
f 700/617/613 699/616/612 698/615/467
f 701/609/614 702/608/471 703/611/459
f 704/610/615 703/611/459 702/608/471
f 703/611/459 704/610/615 705/613/616
f 706/612/617 705/613/616 704/610/615
f 705/613/616 706/612/617 707/615/457
f 708/614/618 707/615/457 706/612/617
f 707/615/457 708/614/618 709/617/619
f 710/616/475 709/617/619 708/614/618
f 711/618/620 712/619/621 713/620/622
f 714/621/623 713/620/622 712/619/621
f 715/622/624 716/623/625 717/624/626
f 718/625/627 717/624/626 716/623/625
f 716/623/625 719/626/628 718/625/627
f 716/623/625 715/622/624 719/626/628
f 720/627/629 718/625/627 719/626/628
f 721/628/630 719/626/628 715/622/624
f 715/622/624 717/624/626 721/628/630
f 719/626/628 721/628/630 720/627/629
f 722/629/631 721/628/630 717/624/626
f 722/629/631 720/627/629 721/628/630
f 723/138/37 724/630/632 725/137/38
f 725/137/38 724/630/632 726/140/633
f 724/630/632 727/631/81 726/140/633
f 728/632/48 726/140/633 727/631/81
f 729/136/69 725/137/38 726/140/633
f 730/134/634 729/136/69 726/140/633
f 730/134/634 731/133/57 729/136/69
f 732/135/635 729/136/69 731/133/57
f 733/633/636 734/634/637 735/635/638
f 733/633/636 735/635/638 736/636/639
f 737/637/640 736/636/639 735/635/638
f 736/636/639 737/637/640 738/638/641
f 739/639/642 738/638/641 737/637/640
f 739/639/642 740/640/643 738/638/641
f 741/641/644 738/638/641 740/640/643
f 740/640/643 742/642/645 741/641/644
f 743/643/646 741/641/644 742/642/645
f 742/642/645 744/644/647 743/643/646
f 745/645/648 743/643/646 744/644/647
f 744/644/647 746/646/649 745/645/648
f 747/647/650 745/645/648 746/646/649
f 746/646/649 748/648/651 747/647/650
f 749/649/652 747/647/650 748/648/651
f 748/648/651 746/646/649 750/650/653
f 751/651/654 750/650/653 746/646/649
f 746/646/649 744/644/647 751/651/654
f 744/644/647 742/642/645 752/652/655
f 752/652/655 751/651/654 744/644/647
f 742/642/645 740/640/643 753/653/656
f 753/653/656 752/652/655 742/642/645
f 754/654/657 753/653/656 740/640/643
f 740/640/643 739/639/642 754/654/657
f 739/639/642 737/637/640 755/655/658
f 755/655/658 754/654/657 739/639/642
f 756/656/659 755/655/658 737/637/640
f 735/635/638 757/657/660 737/637/640
f 756/656/659 737/637/640 757/657/660
f 758/658/661 735/635/638 734/634/637
f 735/635/638 758/658/661 757/657/660
f 759/659/662 757/657/660 758/658/661
f 758/658/661 760/660/663 759/659/662
f 761/661/664 759/659/662 760/660/663
f 760/660/663 762/662/665 761/661/664
f 763/663/666 761/661/664 762/662/665
f 762/662/665 764/664/667 763/663/666
f 765/665/668 763/663/666 764/664/667
f 764/664/667 766/666/669 765/665/668
f 767/667/670 765/665/668 766/666/669
f 767/667/670 766/666/669 768/668/671
f 760/660/663 758/658/661 769/669/672
f 734/634/637 769/669/672 758/658/661
f 762/662/665 760/660/663 770/670/673
f 769/669/672 770/670/673 760/660/663
f 764/664/667 762/662/665 771/671/674
f 770/670/673 771/671/674 762/662/665
f 766/666/669 764/664/667 772/672/675
f 771/671/674 772/672/675 764/664/667
f 766/666/669 772/672/675 773/673/676
f 773/673/676 768/668/671 766/666/669
f 773/673/676 774/674/677 768/668/671
f 775/675/678 768/668/671 774/674/677
f 773/673/676 776/676/679 774/674/677
f 776/676/679 773/673/676 772/672/675
f 777/677/680 774/674/677 776/676/679
f 778/678/681 779/679/682 780/680/683
f 779/679/682 778/678/681 781/681/684
f 781/681/684 782/682/685 779/679/682
f 782/682/685 781/681/684 783/683/686
f 784/684/687 785/685/688 786/686/689
f 784/684/687 787/687/690 785/685/688
f 788/688/691 787/687/690 784/684/687
f 789/689/692 787/687/690 788/688/691
f 790/690/693 789/689/692 788/688/691
f 789/689/692 790/690/693 791/691/694
f 792/692/695 791/691/694 780/680/683
f 791/691/694 792/692/695 789/689/692
f 780/680/683 793/693/696 792/692/695
f 793/693/696 780/680/683 779/679/682
f 794/694/697 779/679/682 782/682/685
f 779/679/682 794/694/697 793/693/696
f 794/694/697 782/682/685 795/695/698
f 783/683/686 795/695/698 782/682/685
f 795/695/698 793/693/696 794/694/697
f 793/693/696 795/695/698 796/696/699
f 783/683/686 796/696/699 795/695/698
f 796/696/699 792/692/695 793/693/696
f 796/696/699 783/683/686 781/681/684
f 792/692/695 796/696/699 797/697/700
f 797/697/700 789/689/692 792/692/695
f 789/689/692 797/697/700 787/687/690
f 781/681/684 797/697/700 796/696/699
f 797/697/700 781/681/684 778/678/681
f 778/678/681 787/687/690 797/697/700
f 798/698/701 799/699/702 800/700/703
f 799/699/702 798/698/701 801/701/704
f 801/701/704 802/702/705 799/699/702
f 802/702/705 801/701/704 803/703/706
f 803/703/706 804/704/707 802/702/705
f 804/704/707 803/703/706 805/705/708
f 805/705/708 806/706/709 804/704/707
f 806/706/709 805/705/708 807/707/710
f 788/688/691 784/684/687 808/708/711
f 808/708/711 807/707/710 788/688/691
f 807/707/710 808/708/711 806/706/709
f 784/684/687 786/686/689 809/709/712
f 809/709/712 808/708/711 784/684/687
f 810/710/713 811/711/714 812/712/715
f 811/711/714 810/710/713 813/713/716
f 813/713/716 814/714/717 811/711/714
f 814/714/717 813/713/716 815/715/718
f 815/715/718 816/716/719 814/714/717
f 816/716/719 817/717/720 786/686/689
f 816/716/719 815/715/718 817/717/720
f 818/718/721 809/709/712 786/686/689
f 818/718/721 786/686/689 817/717/720
f 809/709/712 818/718/721 819/719/722
f 819/719/722 808/708/711 809/709/712
f 819/719/722 785/685/688 820/720/723
f 787/687/690 820/720/723 785/685/688
f 787/687/690 778/678/681 820/720/723
f 820/720/723 780/680/683 791/691/694
f 820/720/723 808/708/711 819/719/722
f 780/680/683 820/720/723 778/678/681
f 791/691/694 821/721/724 820/720/723
f 821/721/724 791/691/694 790/690/693
f 821/721/724 806/706/709 808/708/711
f 821/721/724 808/708/711 820/720/723
f 806/706/709 821/721/724 822/722/725
f 790/690/693 822/722/725 821/721/724
f 822/722/725 804/704/707 806/706/709
f 823/702/726 802/702/705 804/704/707
f 804/704/707 822/722/725 823/702/726
f 802/702/705 823/702/726 824/723/727
f 824/723/727 799/699/702 802/702/705
f 799/699/702 824/723/727 825/724/728
f 825/724/728 800/700/703 799/699/702
f 800/700/703 825/724/728 826/725/729
f 826/725/729 827/726/730 800/700/703
f 827/726/730 826/725/729 828/727/731
f 828/727/731 829/728/732 827/726/730
f 829/728/732 828/727/731 812/712/715
f 830/729/733 812/712/715 811/711/714
f 812/712/715 830/729/733 829/728/732
f 811/711/714 831/730/734 830/729/733
f 831/730/734 811/711/714 814/714/717
f 832/731/735 814/714/717 816/716/719
f 814/714/717 832/731/735 831/730/734
f 832/731/735 816/716/719 833/732/736
f 786/686/689 833/732/736 816/716/719
f 833/732/736 786/686/689 785/685/688
f 834/733/737 831/730/734 832/731/735
f 835/734/738 819/719/722 818/718/721
f 834/733/737 832/731/735 835/734/738
f 818/718/721 817/717/720 835/734/738
f 819/719/722 835/734/738 785/685/688
f 833/732/736 835/734/738 832/731/735
f 833/732/736 785/685/688 835/734/738
f 834/733/737 835/734/738 817/717/720
f 836/735/739 830/729/733 831/730/734
f 817/717/720 836/735/739 834/733/737
f 831/730/734 834/733/737 836/735/739
f 836/735/739 817/717/720 815/715/718
f 837/736/740 815/715/718 813/713/716
f 837/736/740 829/728/732 830/729/733
f 815/715/718 837/736/740 836/735/739
f 830/729/733 836/735/739 837/736/740
f 838/737/741 813/713/716 810/710/713
f 813/713/716 838/737/741 837/736/740
f 838/737/741 827/726/730 829/728/732
f 829/728/732 837/736/740 838/737/741
f 827/726/730 838/737/741 839/738/742
f 839/738/742 800/700/703 827/726/730
f 800/700/703 839/738/742 798/698/701
f 810/710/713 839/738/742 838/737/741
f 840/739/743 812/712/715 828/727/731
f 840/739/743 798/698/701 839/738/742
f 812/712/715 840/739/743 810/710/713
f 839/738/742 810/710/713 840/739/743
f 841/740/744 801/701/704 798/698/701
f 798/698/701 840/739/743 841/740/744
f 841/740/744 828/727/731 826/725/729
f 828/727/731 841/740/744 840/739/743
f 842/741/745 803/703/706 801/701/704
f 842/741/745 826/725/729 825/724/728
f 826/725/729 842/741/745 841/740/744
f 801/701/704 841/740/744 842/741/745
f 843/742/746 805/705/708 803/703/706
f 803/703/706 842/741/745 843/742/746
f 825/724/728 843/742/746 842/741/745
f 843/742/746 825/724/728 824/723/727
f 844/723/747 824/723/727 823/702/726
f 844/723/747 807/707/710 805/705/708
f 805/705/708 843/742/746 844/723/747
f 824/723/727 844/723/747 843/742/746
f 788/688/691 845/743/748 790/690/693
f 823/702/726 845/743/748 844/723/747
f 807/707/710 844/723/747 845/743/748
f 845/743/748 788/688/691 807/707/710
f 822/722/725 790/690/693 845/743/748
f 845/743/748 823/702/726 822/722/725
f 846/744/749 847/745/597 848/746/680
f 849/747/750 848/746/680 847/745/597
f 849/747/750 847/745/597 850/748/751
f 851/749/598 850/748/751 847/745/597
f 852/750/580 853/751/752 854/750/753
f 855/751/754 854/750/753 853/751/752
f 853/751/752 856/752/568 855/751/754
f 857/753/648 855/751/754 856/752/568
f 856/752/568 858/754/566 857/753/648
f 859/755/755 857/753/648 858/754/566
f 858/754/566 860/756/562 859/755/755
f 861/757/756 859/755/755 860/756/562
f 860/756/562 862/758/757 861/757/756
f 863/759/758 861/757/756 862/758/757
f 862/758/757 864/760/759 863/759/758
f 865/761/760 863/759/758 864/760/759
f 864/760/759 866/762/583 865/761/760
f 867/763/761 865/761/760 866/762/583
f 866/762/583 868/764/762 867/763/761
f 869/765/763 867/763/761 868/764/762
f 868/764/762 870/766/764 869/765/763
f 871/767/765 869/765/763 870/766/764
f 870/766/764 872/768/766 871/767/765
f 873/769/767 871/767/765 872/768/766
f 872/768/766 874/770/768 873/769/767
f 875/771/769 873/769/767 874/770/768
f 874/770/768 876/772/770 875/771/769
f 877/773/771 875/771/769 876/772/770
f 876/772/770 878/774/772 877/773/771
f 879/775/679 877/773/771 878/774/772
f 879/775/679 878/774/772 880/776/680
f 881/777/596 880/776/680 878/774/772
f 882/778/773 883/779/774 884/780/603
f 885/781/775 884/780/603 883/779/774
f 883/779/774 886/782/776 885/781/775
f 887/783/777 885/781/775 886/782/776
f 886/782/776 888/784/778 887/783/777
f 889/785/779 887/783/777 888/784/778
f 888/784/778 890/786/780 889/785/779
f 891/787/781 889/785/779 890/786/780
f 890/786/780 892/788/782 891/787/781
f 893/789/783 891/787/781 892/788/782
f 894/790/784 895/791/654 896/792/785
f 897/793/786 896/792/785 895/791/654
f 895/791/654 898/794/787 897/793/786
f 899/795/576 897/793/786 898/794/787
f 898/794/787 900/796/788 899/795/576
f 901/797/575 899/795/576 900/796/788
f 900/796/788 902/798/789 901/797/575
f 903/799/790 901/797/575 902/798/789
f 902/798/789 904/800/791 903/799/790
f 905/801/572 903/799/790 904/800/791
f 904/800/791 906/802/792 905/801/572
f 907/803/793 905/801/572 906/802/792
f 906/802/792 908/804/794 907/803/793
f 909/805/795 907/803/793 908/804/794
f 908/804/794 910/806/796 909/805/795
f 911/807/604 909/805/795 910/806/796
f 910/806/796 882/778/773 911/807/604
f 884/780/603 911/807/604 882/778/773
o mesh3
v 0.011150 -0.107232 0.022757
v 0.006706 -0.107232 0.023948
v 0.011150 -0.091038 0.022757
v 0.006706 -0.091038 0.023948
v 0.013590 -0.039901 0.004854
v 0.013180 -0.039688 0.004854
v 0.013590 -0.040045 0.005200
v 0.013777 -0.040225 0.005020
v 0.013777 -0.040392 0.005089
v 0.013777 -0.040156 0.004854
v 0.013180 -0.039895 0.005350
v 0.013590 -0.040392 0.005345
v 0.013777 -0.040557 0.005020
v 0.013777 -0.040225 0.004688
v 0.013590 -0.040045 0.004508
v 0.013180 -0.039895 0.004357
v 0.011737 -0.039895 0.004357
v 0.011737 -0.039688 0.004854
v 0.011737 -0.040392 0.004151
v 0.011737 -0.041094 0.004854
v 0.011737 -0.040889 0.004357
v 0.013180 -0.040889 0.004357
v 0.013180 -0.040392 0.004151
v 0.013777 -0.040557 0.004688
v 0.013590 -0.040392 0.004364
v 0.013777 -0.040392 0.004618
v 0.013590 -0.040738 0.004508
v 0.013590 -0.040882 0.004854
v 0.013180 -0.041094 0.004854
v 0.013180 -0.040889 0.005350
v 0.011737 -0.040889 0.005350
v 0.011737 -0.040392 0.005556
v 0.011737 -0.039895 0.005350
v 0.013180 -0.040392 0.005556
v 0.013590 -0.040738 0.005200
v 0.013777 -0.040626 0.004854
v 0.013777 -0.042192 0.005089
v 0.013777 -0.042358 0.005020
v 0.013777 -0.042025 0.005020
v 0.013777 -0.042025 0.004688
v 0.013777 -0.041956 0.004854
v 0.013777 -0.042358 0.004688
v 0.013777 -0.042427 0.004854
v 0.013777 -0.042192 0.004618
v 0.013590 -0.041845 0.004508
v 0.013590 -0.042192 0.004364
v 0.013590 -0.042539 0.004508
v 0.013590 -0.042682 0.004854
v 0.013590 -0.042539 0.005200
v 0.013590 -0.042192 0.005345
v 0.013590 -0.041845 0.005200
v 0.013590 -0.041702 0.004854
v 0.013180 -0.041695 0.004357
v 0.013180 -0.042192 0.004151
v 0.013180 -0.042689 0.004357
v 0.011737 -0.042689 0.004357
v 0.011737 -0.042192 0.004151
v 0.011737 -0.042894 0.004854
v 0.013180 -0.042894 0.004854
v 0.013180 -0.042689 0.005350
v 0.013180 -0.042192 0.005556
v 0.013180 -0.041695 0.005350
v 0.013180 -0.041489 0.004854
v 0.011737 -0.041695 0.004357
v 0.011737 -0.041489 0.004854
v 0.011737 -0.041695 0.005350
v 0.011737 -0.042192 0.005556
v 0.011737 -0.042689 0.005350
v 0.007631 -0.072451 0.007304
v 0.007631 -0.056812 0.007304
v 0.008184 -0.072451 0.005605
v 0.008184 -0.056812 0.005605
v 0.009629 -0.072451 0.004555
v 0.009629 -0.056812 0.004555
v 0.011415 -0.072451 0.004555
v 0.011415 -0.056812 0.004555
v 0.012861 -0.072451 0.005605
v 0.012861 -0.056812 0.005605
v 0.013413 -0.072451 0.007304
v 0.013413 -0.056812 0.007304
v 0.012861 -0.072451 0.009004
v 0.012861 -0.056812 0.009004
v 0.011415 -0.072451 0.010054
v 0.011415 -0.056812 0.010054
v 0.009629 -0.072451 0.010054
v 0.009629 -0.056812 0.010054
v 0.008184 -0.072451 0.009004
v 0.008184 -0.056812 0.009004
v 0.007631 -0.072451 0.007304
v 0.007631 -0.056812 0.007304
v 0.008184 -0.072451 0.009004
v 0.007631 -0.072451 0.007304
v 0.009629 -0.072451 0.010054
v 0.012861 -0.072451 0.009004
v 0.011415 -0.072451 0.010054
v 0.012861 -0.072451 0.005605
v 0.013413 -0.072451 0.007304
v 0.009629 -0.072451 0.004555
v 0.008184 -0.072451 0.005605
v 0.011415 -0.072451 0.004555
v 0.009629 -0.056812 0.004555
v 0.008184 -0.056812 0.005605
v 0.011415 -0.056812 0.004555
v 0.013413 -0.056812 0.007304
v 0.012861 -0.056812 0.005605
v 0.011415 -0.056812 0.010054
v 0.012861 -0.056812 0.009004
v 0.008184 -0.056812 0.009004
v 0.007631 -0.056812 0.007304
v 0.009629 -0.056812 0.010054
v 0.007441 -0.073437 0.009997
v 0.007441 -0.055990 0.009997
v 0.007441 -0.073437 0.004500
v 0.007441 -0.055990 0.004500
v 0.008400 -0.056831 0.009997
v 0.008400 -0.072596 0.009997
v 0.008400 -0.056831 0.004500
v 0.008400 -0.072596 0.004500
v 0.010776 -0.072596 0.005424
v 0.009825 -0.072596 0.004724
v 0.008400 -0.072596 0.004500
v 0.011223 -0.072596 0.007248
v 0.010776 -0.072596 0.009073
v 0.009825 -0.072596 0.009773
v 0.008400 -0.072596 0.009997
v 0.010776 -0.073437 0.009073
v 0.009825 -0.073437 0.009773
v 0.008400 -0.073437 0.009997
v 0.011223 -0.073437 0.007248
v 0.010776 -0.073437 0.005424
v 0.009825 -0.073437 0.004724
v 0.008400 -0.073437 0.004500
v 0.007441 -0.073437 0.009997
v 0.007441 -0.073437 0.004500
v 0.007441 -0.055990 0.004500
v 0.008400 -0.055990 0.004500
v 0.007441 -0.073437 0.004500
v 0.007441 -0.073437 0.009997
v 0.008400 -0.073437 0.009997
v 0.007441 -0.055990 0.009997
v 0.008400 -0.072596 0.009997
v 0.009825 -0.073437 0.009773
v 0.009825 -0.072596 0.009773
v 0.010776 -0.073437 0.009073
v 0.010776 -0.072596 0.009073
v 0.011223 -0.073437 0.007248
v 0.011223 -0.072596 0.007248
v 0.010776 -0.073437 0.005424
v 0.010776 -0.072596 0.005424
v 0.009825 -0.073437 0.004724
v 0.009825 -0.072596 0.004724
v 0.008400 -0.073437 0.004500
v 0.008400 -0.072596 0.004500
v 0.008400 -0.056831 0.004500
v 0.009825 -0.055990 0.004724
v 0.009825 -0.056831 0.004724
v 0.010776 -0.055990 0.005424
v 0.010776 -0.056831 0.005424
v 0.010999 -0.055990 0.006334
v 0.010999 -0.056831 0.006334
v 0.010999 -0.055990 0.008162
v 0.009849 -0.055990 0.008162
v 0.010776 -0.055990 0.009073
v 0.008400 -0.055990 0.009997
v 0.009825 -0.055990 0.009773
v 0.007441 -0.055990 0.009997
v 0.007441 -0.055990 0.004500
v 0.008400 -0.055990 0.004500
v 0.009825 -0.055990 0.004724
v 0.009849 -0.055990 0.006334
v 0.010776 -0.055990 0.005424
v 0.010999 -0.055990 0.006334
v 0.011094 -0.056923 0.007644
v 0.010696 -0.056923 0.007809
v 0.011259 -0.056923 0.007246
v 0.010132 -0.056923 0.007246
v 0.010696 -0.056923 0.006682
v 0.010297 -0.056923 0.006847
v 0.010297 -0.056923 0.007644
v 0.011094 -0.056923 0.006847
v 0.011588 -0.079595 0.029361
v 0.008840 -0.083214 0.023697
v 0.011854 -0.079579 0.029351
v 0.013946 -0.075424 0.034486
v 0.013680 -0.075435 0.034500
v 0.014859 -0.073297 0.035999
v 0.014592 -0.073304 0.036015
v 0.015600 -0.071825 0.036193
v 0.015335 -0.071828 0.036212
v 0.015833 -0.068783 0.036665
v 0.015568 -0.068786 0.036682
v 0.013769 -0.063693 0.038103
v 0.013503 -0.063703 0.038119
v 0.013887 -0.063588 0.037888
v 0.015952 -0.068780 0.036425
v 0.015718 -0.071822 0.035954
v 0.014976 -0.073231 0.035768
v 0.014064 -0.075302 0.034281
v 0.011972 -0.079394 0.029200
v 0.009106 -0.083202 0.023682
v 0.009224 -0.083063 0.023488
v 0.008506 -0.084497 0.022575
v 0.008624 -0.084357 0.022381
v 0.008506 -0.085944 0.022154
v 0.008624 -0.085879 0.021924
v 0.008506 -0.087570 0.022163
v 0.008624 -0.087629 0.021930
v 0.010339 -0.058907 0.040531
v 0.010072 -0.058919 0.040544
v 0.010456 -0.058767 0.040337
v 0.010308 -0.058639 0.040156
v 0.013737 -0.063494 0.037687
v 0.015802 -0.068779 0.036203
v 0.015570 -0.071821 0.035732
v 0.014828 -0.073174 0.035555
v 0.013915 -0.075190 0.034089
v 0.011823 -0.079224 0.029057
v 0.009076 -0.082934 0.023307
v 0.010041 -0.058651 0.040169
v 0.013472 -0.063504 0.037703
v 0.015536 -0.068781 0.036222
v 0.015303 -0.071824 0.035750
v 0.014561 -0.073181 0.035571
v 0.013650 -0.075201 0.034103
v 0.011556 -0.079238 0.029067
v 0.008809 -0.082946 0.023320
v 0.008476 -0.084229 0.022200
v 0.008210 -0.084241 0.022213
v 0.008476 -0.085821 0.021710
v 0.008210 -0.085827 0.021726
v 0.008210 -0.087684 0.021734
v 0.008092 -0.085893 0.021958
v 0.008092 -0.084381 0.022407
v 0.008692 -0.083087 0.023514
v 0.011439 -0.079425 0.029218
v 0.013532 -0.075323 0.034309
v 0.014444 -0.073245 0.035801
v 0.015186 -0.071827 0.035990
v 0.015418 -0.068785 0.036461
v 0.013353 -0.063608 0.037918
v 0.009924 -0.058791 0.040363
v 0.008593 -0.055318 0.043917
v 0.008445 -0.055174 0.043748
v 0.008241 -0.051465 0.048677
v 0.008092 -0.051322 0.048507
v 0.008562 -0.055019 0.043567
v 0.008209 -0.051166 0.048326
v 0.008829 -0.055004 0.043555
v 0.008476 -0.051152 0.048314
v 0.008977 -0.055148 0.043724
v 0.008860 -0.055304 0.043905
v 0.008624 -0.051296 0.048483
v 0.008506 -0.051452 0.048665
v 0.011391 -0.090135 0.024953
v 0.011259 -0.089519 0.025340
v 0.012889 -0.090135 0.030492
v 0.010616 -0.089519 0.024697
v 0.009736 -0.089519 0.024461
v 0.010661 -0.090135 0.024222
v 0.011891 -0.090135 0.032220
v 0.008213 -0.089519 0.025340
v 0.007936 -0.090135 0.024953
v 0.007978 -0.089519 0.026220
v 0.009297 -0.089519 0.031102
v 0.007668 -0.090135 0.025950
v 0.008665 -0.090135 0.024222
v 0.008857 -0.089519 0.024697
v 0.009664 -0.090135 0.023956
v 0.009896 -0.090135 0.032220
v 0.010894 -0.090135 0.032488
v 0.010821 -0.089519 0.031982
v 0.011700 -0.089519 0.031746
v 0.012344 -0.089519 0.031102
v 0.009941 -0.089519 0.031746
v 0.012622 -0.090135 0.031491
v 0.012580 -0.089519 0.030223
v 0.009166 -0.090135 0.031491
v 0.008660 -0.091038 0.033376
v 0.009336 -0.091038 0.033766
v 0.009134 -0.090486 0.033012
v 0.006908 -0.090486 0.024703
v 0.006315 -0.091038 0.024625
v 0.007069 -0.090486 0.024422
v 0.006706 -0.091038 0.023948
v 0.011073 -0.090486 0.023350
v 0.011150 -0.091038 0.022757
v 0.011353 -0.090486 0.023511
v 0.011827 -0.091038 0.023147
v 0.013579 -0.090486 0.031821
v 0.014172 -0.091038 0.031899
v 0.013418 -0.090486 0.032101
v 0.013781 -0.091038 0.032576
v 0.009414 -0.090486 0.033174
v 0.006420 -0.061676 0.035776
v -0.000381 -0.061676 0.035776
v 0.006420 -0.046129 0.035776
v -0.000381 -0.046127 0.035776
v 0.006420 -0.046129 0.035776
v -0.000381 -0.046127 0.035776
v 0.006420 -0.046129 0.037764
v 0.000666 -0.046127 0.038810
v 0.005374 -0.046129 0.038810
v 0.005374 -0.061676 0.038810
v 0.006420 -0.046129 0.037764
v 0.006420 -0.061676 0.037764
v 0.006420 -0.046129 0.035776
v 0.006420 -0.061676 0.035776
v -0.000381 -0.046127 0.037764
v 0.006420 -0.061676 0.037764
v 0.006420 -0.061676 0.035776
v -0.000381 -0.061676 0.037764
v -0.000381 -0.061676 0.035776
v 0.000666 -0.061676 0.038810
v -0.000381 -0.061676 0.037764
v -0.000381 -0.046127 0.037764
v -0.000381 -0.046127 0.035776
v -0.000381 -0.061676 0.035776
v 0.010999 -0.055990 0.008162
v 0.010776 -0.055990 0.009073
v 0.010999 -0.056831 0.008162
v 0.010776 -0.056831 0.009073
v 0.009825 -0.055990 0.009773
v 0.009825 -0.056831 0.009773
v 0.008400 -0.055990 0.009997
v 0.008400 -0.056831 0.009997
v -0.012373 -0.052695 0.049442
v 0.005284 -0.052695 0.049442
v 0.005284 -0.047693 0.044440
v -0.013864 -0.052417 0.049165
v -0.015067 -0.051591 0.048337
v -0.015525 -0.050195 0.046941
v -0.015067 -0.048798 0.045544
v -0.013864 -0.047971 0.044718
v -0.012373 -0.047693 0.044440
v 0.004938 -0.054415 0.040971
v 0.003105 -0.055748 0.040971
v 0.004238 -0.055380 0.040971
v 0.004238 -0.052260 0.040971
v 0.001972 -0.052260 0.040971
v 0.003105 -0.051893 0.040971
v 0.003105 -0.051893 0.039358
v 0.004238 -0.052260 0.039358
v 0.004938 -0.053225 0.039358
v 0.004938 -0.053225 0.040971
v 0.004938 -0.054415 0.039358
v 0.004238 -0.055380 0.039358
v 0.003105 -0.055748 0.039358
v 0.001972 -0.055380 0.039358
v 0.001972 -0.055380 0.040971
v 0.001272 -0.054415 0.039358
v 0.001272 -0.054415 0.040971
v 0.001272 -0.053225 0.040971
v 0.001272 -0.053225 0.039358
v 0.001972 -0.052260 0.039358
v 0.010999 -0.056831 0.008162
v 0.009849 -0.056831 0.008162
v 0.010999 -0.055990 0.008162
v 0.009849 -0.055990 0.008162
v 0.009849 -0.055990 0.006334
v 0.009849 -0.056831 0.006334
v 0.010999 -0.056831 0.006334
v 0.010999 -0.055990 0.006334
v 0.010999 -0.056831 0.006334
v 0.009849 -0.056831 0.006334
v 0.010776 -0.056831 0.005424
v 0.008400 -0.056831 0.004500
v 0.009825 -0.056831 0.004724
v 0.009825 -0.056831 0.009773
v 0.009849 -0.056831 0.008162
v 0.010776 -0.056831 0.009073
v 0.010999 -0.056831 0.008162
v 0.008400 -0.056831 0.009997
v 0.008055 -0.036303 0.011544
v 0.010782 -0.036303 0.011544
v 0.008055 -0.035599 0.011544
v 0.010782 -0.035599 0.011544
v 0.008055 -0.035599 0.007417
v 0.010782 -0.035599 0.007417
v 0.010782 -0.036303 0.011544
v 0.008055 -0.036303 0.011544
v 0.010782 -0.036303 0.007417
v 0.010782 -0.035599 0.011544
v 0.010782 -0.035599 0.007417
v 0.008055 -0.036303 0.007417
v 0.008055 -0.035599 0.007417
v 0.008055 -0.035599 0.011544
v 0.007494 -0.043916 0.012343
v 0.007494 -0.035073 0.012343
v 0.007494 -0.043916 0.003126
v 0.007494 -0.035073 0.003126
v 0.007494 -0.035073 0.003126
v 0.011320 -0.035394 0.003460
v 0.007494 -0.043916 0.003126
v 0.011320 -0.043595 0.003460
v 0.007494 -0.043916 0.003126
v 0.011320 -0.043595 0.003460
v 0.007494 -0.043916 0.012343
v 0.011320 -0.043595 0.012009
v 0.012114 -0.035897 0.003963
v 0.012114 -0.035897 0.011506
v 0.012114 -0.043093 0.003963
v 0.012114 -0.043093 0.011506
v 0.011320 -0.043093 0.011506
v 0.011320 -0.035897 0.011506
v 0.011320 -0.035897 0.003963
v 0.011320 -0.043093 0.003963
v 0.011320 -0.043595 0.012009
v 0.011320 -0.035394 0.012009
v 0.011320 -0.035394 0.003460
v 0.011320 -0.043595 0.003460
v 0.011059 -0.035372 0.007886
v 0.011059 -0.036158 0.007886
v 0.011059 -0.035372 0.012032
v 0.011059 -0.036158 0.012032
v 0.008022 -0.035118 0.007886
v 0.008022 -0.035118 0.012297
v 0.008022 -0.036158 0.007886
v 0.008022 -0.036158 0.012297
v 0.008022 -0.035118 0.007886
v 0.011059 -0.035372 0.007886
v 0.011737 -0.037489 0.010773
v 0.011737 -0.036992 0.010980
v 0.011737 -0.037694 0.010276
v 0.011737 -0.036288 0.010276
v 0.011737 -0.036992 0.009574
v 0.011737 -0.036495 0.009779
v 0.011737 -0.036495 0.010773
v 0.011737 -0.037489 0.009779
v 0.013777 -0.036992 0.010512
v 0.013777 -0.037157 0.010443
v 0.013777 -0.036825 0.010443
v 0.013777 -0.036825 0.010111
v 0.013777 -0.036756 0.010276
v 0.013777 -0.037157 0.010111
v 0.013777 -0.037226 0.010276
v 0.013777 -0.036992 0.010042
v 0.013590 -0.036645 0.009930
v 0.013590 -0.036992 0.009786
v 0.013590 -0.037338 0.009930
v 0.013590 -0.037482 0.010276
v 0.013590 -0.037338 0.010624
v 0.013590 -0.036992 0.010767
v 0.013590 -0.036645 0.010624
v 0.013590 -0.036501 0.010276
v 0.013180 -0.036495 0.009780
v 0.013180 -0.036992 0.009574
v 0.013180 -0.037489 0.009780
v 0.013180 -0.037694 0.010276
v 0.013180 -0.037489 0.010773
v 0.013180 -0.036992 0.010980
v 0.013180 -0.036495 0.010773
v 0.013180 -0.036288 0.010276
v 0.011737 -0.036992 0.009574
v 0.011737 -0.037489 0.009779
v 0.011737 -0.037694 0.010276
v 0.011737 -0.037489 0.010773
v 0.011737 -0.036992 0.010980
v 0.011737 -0.036495 0.010773
v 0.011737 -0.036288 0.010276
v 0.011737 -0.036495 0.009779
v 0.009399 -0.043148 0.013313
v 0.009199 -0.045636 0.012327
v 0.009148 -0.043232 0.013625
v 0.008948 -0.045720 0.012639
v 0.010297 -0.056297 0.007644
v 0.010297 -0.056297 0.006847
v 0.010132 -0.056297 0.007246
v 0.011094 -0.056297 0.007644
v 0.011094 -0.056297 0.006847
v 0.011259 -0.056297 0.007246
v 0.011259 -0.056923 0.007246
v 0.011094 -0.056923 0.007644
v 0.010696 -0.056923 0.007809
v 0.010696 -0.056297 0.007809
v 0.010297 -0.056923 0.007644
v 0.010132 -0.056923 0.007246
v 0.010297 -0.056923 0.006847
v 0.010696 -0.056923 0.006682
v 0.010696 -0.056297 0.006682
v 0.011094 -0.056923 0.006847
v 0.013579 -0.107783 0.031821
v 0.013418 -0.107783 0.032101
v 0.011353 -0.107783 0.023511
v 0.009414 -0.107783 0.033174
v 0.009336 -0.107232 0.033766
v 0.008660 -0.107232 0.033376
v 0.009134 -0.107783 0.033012
v 0.006315 -0.107232 0.024625
v 0.006908 -0.107783 0.024703
v 0.006706 -0.107232 0.023948
v 0.007069 -0.107783 0.024422
v 0.011150 -0.107232 0.022757
v 0.011073 -0.107783 0.023350
v 0.011827 -0.107232 0.023147
v 0.014172 -0.107232 0.031899
v 0.013781 -0.107232 0.032576
v -0.013864 -0.048799 0.043889
v -0.015067 -0.049625 0.044717
v -0.013864 -0.047971 0.044718
v -0.015067 -0.048798 0.045544
v -0.015525 -0.051023 0.046113
v -0.015525 -0.050195 0.046941
v -0.015067 -0.052420 0.047510
v -0.015067 -0.051591 0.048337
v -0.013864 -0.053246 0.048336
v -0.013864 -0.052417 0.049165
v 0.000432 -0.050769 0.038823
v -0.000581 -0.052002 0.038823
v 0.000432 -0.050769 0.039995
v -0.000581 -0.052002 0.039995
v -0.000818 -0.053829 0.038823
v -0.000818 -0.053829 0.039995
v -0.000581 -0.055657 0.038823
v -0.000581 -0.055657 0.039995
v 0.000432 -0.056889 0.038823
v 0.000432 -0.056889 0.039995
v 0.000432 -0.056889 0.038823
v -0.000581 -0.055657 0.038823
v 0.001649 -0.057367 0.038823
v 0.005796 -0.050258 0.038823
v 0.005796 -0.057331 0.038823
v 0.001649 -0.050293 0.038823
v -0.000581 -0.052002 0.038823
v -0.000818 -0.053829 0.038823
v 0.000432 -0.050769 0.038823
v 0.014621 -0.071144 0.036383
v 0.015894 -0.070771 0.036699
v 0.015855 -0.070137 0.036671
v 0.014621 -0.070180 0.036383
v 0.013957 -0.070662 0.035778
v 0.016065 -0.069814 0.036509
v 0.015744 -0.071295 0.036594
v 0.016127 -0.071071 0.036412
v 0.015997 -0.071699 0.036426
v 0.015795 -0.072098 0.036169
v 0.016246 -0.070733 0.036105
v 0.015519 -0.071828 0.035443
v 0.015504 -0.070733 0.035216
v 0.014523 -0.070662 0.035334
v 0.014542 -0.069793 0.035541
v 0.014586 -0.069579 0.036009
v 0.015795 -0.069368 0.036169
v 0.016184 -0.070375 0.036484
v 0.015964 -0.070694 0.036705
v 0.015519 -0.069638 0.035443
v 0.014586 -0.071746 0.036009
v 0.015081 -0.072098 0.035404
v 0.000432 -0.050769 0.039995
v -0.000581 -0.052002 0.039995
v 0.001649 -0.050293 0.039995
v 0.005796 -0.057331 0.039995
v 0.005796 -0.050258 0.039995
v 0.006121 -0.057325 0.040116
v 0.001649 -0.057367 0.039995
v -0.000581 -0.055657 0.039995
v -0.000818 -0.053829 0.039995
v 0.000432 -0.056889 0.039995
v -0.012373 -0.053523 0.048614
v -0.013864 -0.053246 0.048336
v 0.005284 -0.053523 0.048614
v -0.015067 -0.052420 0.047510
v -0.015525 -0.051023 0.046113
v -0.015067 -0.049625 0.044717
v -0.013864 -0.048799 0.043889
v -0.012373 -0.048521 0.043612
v 0.005284 -0.048521 0.043612
v 0.005906 -0.048632 0.043501
v 0.005906 -0.053634 0.048503
v 0.006173 -0.048962 0.043172
v 0.006173 -0.053963 0.048174
v 0.006333 -0.049573 0.042562
v 0.006333 -0.054574 0.047563
v 0.006333 -0.050246 0.040401
v 0.006333 -0.057319 0.040401
v 0.006121 -0.050252 0.040116
v 0.001272 -0.054415 0.039358
v 0.001272 -0.053225 0.039358
v 0.001972 -0.055380 0.039358
v 0.001972 -0.052260 0.039358
v 0.003105 -0.051893 0.039358
v 0.004238 -0.055380 0.039358
v 0.003105 -0.055748 0.039358
v 0.004938 -0.054415 0.039358
v 0.004938 -0.053225 0.039358
v 0.004238 -0.052260 0.039358
v 0.011320 -0.035394 0.012009
v 0.011059 -0.035372 0.007886
v 0.011059 -0.035372 0.012032
v 0.011320 -0.035394 0.003460
v 0.008022 -0.035118 0.007886
v 0.007494 -0.035073 0.003126
v 0.007494 -0.035073 0.012343
v 0.008022 -0.035118 0.012297
v 0.007494 -0.035073 0.012343
v 0.007494 -0.043916 0.012343
v 0.008022 -0.035118 0.012297
v 0.008022 -0.036158 0.012297
v 0.011320 -0.043595 0.012009
v 0.011059 -0.036158 0.012032
v 0.011059 -0.035372 0.012032
v 0.011320 -0.035394 0.012009
v 0.009036 -0.089585 0.024159
v 0.008615 -0.089317 0.023322
v 0.008908 -0.089816 0.024194
v 0.009068 -0.089816 0.024792
v 0.009196 -0.089585 0.024756
v 0.009196 -0.090047 0.024756
v 0.008241 -0.084509 0.022588
v 0.008241 -0.085951 0.022171
v 0.008241 -0.087568 0.022180
v 0.008295 -0.088534 0.022434
v 0.008561 -0.088536 0.022416
v 0.008873 -0.089274 0.023270
v 0.009294 -0.089585 0.024089
v 0.009454 -0.089585 0.024687
v 0.009454 -0.090047 0.024687
v 0.009036 -0.090047 0.024159
v 0.008485 -0.089517 0.023201
v 0.008146 -0.088590 0.022220
v 0.008092 -0.087625 0.021966
v 0.008679 -0.088594 0.022184
v 0.009001 -0.089428 0.023094
v 0.009422 -0.089816 0.024055
v 0.009583 -0.089816 0.024653
v 0.009294 -0.090047 0.024089
v 0.008615 -0.089672 0.023025
v 0.008264 -0.088649 0.021987
v 0.008476 -0.087686 0.021716
v 0.008530 -0.088651 0.021970
v 0.008873 -0.089627 0.022972
v 0.013781 -0.091038 0.032576
v 0.009336 -0.091038 0.033766
v 0.013781 -0.107232 0.032576
v 0.009336 -0.107232 0.033766
v 0.009399 -0.040389 0.012770
v 0.009287 -0.040884 0.013277
v 0.009148 -0.040067 0.012770
v 0.009195 -0.040067 0.011790
v 0.009289 -0.040389 0.011790
v 0.009289 -0.039743 0.011790
v 0.009187 -0.041912 0.013579
v 0.009437 -0.041803 0.013883
v 0.009539 -0.040656 0.013505
v 0.009650 -0.040067 0.012770
v 0.009382 -0.040067 0.011790
v 0.009399 -0.039743 0.012770
v 0.009037 -0.040656 0.013505
v 0.008936 -0.041803 0.013883
v 0.009399 -0.043148 0.013313
v 0.009148 -0.043232 0.013625
v 0.009187 -0.041692 0.014187
v 0.009399 -0.043315 0.013938
v 0.009287 -0.040427 0.013735
v 0.006109 -0.045681 0.012773
v 0.007292 -0.046763 0.012380
v 0.006203 -0.045847 0.012371
v 0.007226 -0.047168 0.012575
v 0.006244 -0.046085 0.012969
v 0.007120 -0.047333 0.012172
v 0.006138 -0.046251 0.012566
v 0.007185 -0.046928 0.011977
v 0.008171 -0.046753 0.012383
v 0.008296 -0.047127 0.012589
v 0.008995 -0.046499 0.012817
v 0.009172 -0.046606 0.012437
v 0.009450 -0.045720 0.012639
v 0.009199 -0.045636 0.012327
v 0.009650 -0.043232 0.013625
v 0.009199 -0.045804 0.012951
v 0.008788 -0.046215 0.012579
v 0.008256 -0.046929 0.011977
v 0.008382 -0.047304 0.012183
v 0.008966 -0.046321 0.012199
v 0.008948 -0.045720 0.012639
v -0.001074 -0.058109 0.034886
v -0.001074 -0.060485 0.034886
v -0.001135 -0.058109 0.035837
v -0.000460 -0.060485 0.034682
v -0.000460 -0.058109 0.034682
v 0.006550 -0.060485 0.034682
v 0.006550 -0.058109 0.034682
v 0.007035 -0.060485 0.034923
v 0.007035 -0.058109 0.034923
v 0.007104 -0.060485 0.035840
v 0.007104 -0.058109 0.035840
v 0.006662 -0.060485 0.037852
v 0.006662 -0.058109 0.037852
v 0.005664 -0.060485 0.038894
v 0.005664 -0.058109 0.038894
v 0.005374 -0.060485 0.039049
v 0.005374 -0.058109 0.039049
v 0.000655 -0.060485 0.039061
v 0.000655 -0.058109 0.039061
v 0.000363 -0.060485 0.038890
v 0.000363 -0.058109 0.038890
v -0.000644 -0.060485 0.037827
v -0.000420 -0.060485 0.037709
v -0.000884 -0.060485 0.035841
v 0.000504 -0.060485 0.038681
v 0.000698 -0.060485 0.038817
v 0.005354 -0.060485 0.038805
v 0.005535 -0.060485 0.038667
v 0.006435 -0.060485 0.037743
v 0.006853 -0.060485 0.035850
v 0.006829 -0.060485 0.035087
v 0.006486 -0.060485 0.034926
v 0.006853 -0.058109 0.035850
v 0.006435 -0.058109 0.037743
v 0.005535 -0.058109 0.038667
v 0.005354 -0.058109 0.038805
v 0.000698 -0.058109 0.038817
v 0.000504 -0.058109 0.038681
v -0.000420 -0.058109 0.037709
v -0.000884 -0.058109 0.035841
v -0.000873 -0.058109 0.035077
v -0.000644 -0.058109 0.037827
v -0.001135 -0.060485 0.035837
v -0.000873 -0.060485 0.035077
v -0.000420 -0.058109 0.034927
v -0.000420 -0.060485 0.034927
v 0.006486 -0.058109 0.034926
v 0.006829 -0.058109 0.035087
v 0.013781 -0.091038 0.032576
v 0.013781 -0.107232 0.032576
v 0.014172 -0.091038 0.031899
v 0.014172 -0.107232 0.031899
v 0.011827 -0.107232 0.023147
v 0.011827 -0.091038 0.023147
v 0.011150 -0.091038 0.022757
v 0.011150 -0.107232 0.022757
v 0.009336 -0.107232 0.033766
v 0.009336 -0.091038 0.033766
v 0.008660 -0.107232 0.033376
v 0.008660 -0.091038 0.033376
v 0.006315 -0.107232 0.024625
v 0.006315 -0.091038 0.024625
v 0.006706 -0.107232 0.023948
v 0.006706 -0.091038 0.023948
v 0.011226 -0.061629 0.010276
v -0.001677 -0.061705 0.010486
v 0.011226 -0.068397 0.010264
v 0.012040 -0.068398 0.010401
v 0.012041 -0.061629 0.010414
v 0.012648 -0.068399 0.010595
v 0.012648 -0.061630 0.010607
v 0.013267 -0.068399 0.010965
v 0.013268 -0.061631 0.010977
v 0.012842 -0.068442 0.009002
v 0.013404 -0.068442 0.007282
v 0.013018 -0.068398 0.009145
v 0.011449 -0.068442 0.010034
v 0.011669 -0.068398 0.010117
v 0.012430 -0.068399 0.010243
v 0.012952 -0.068399 0.010490
v 0.013571 -0.068400 0.010861
v 0.013572 -0.061630 0.010874
v 0.012953 -0.061629 0.010504
v 0.012431 -0.061628 0.010256
v 0.011670 -0.061627 0.010129
v 0.013641 -0.061627 0.007322
v 0.013027 -0.061627 0.005452
v 0.013416 -0.061672 0.007284
v 0.012851 -0.061672 0.009009
v 0.011450 -0.061672 0.010046
v -0.001677 -0.068365 0.010239
v -0.001677 -0.068365 0.010486
v -0.001977 -0.068365 0.010216
v -0.001977 -0.061705 0.010216
v -0.001977 -0.061705 0.004876
v -0.001730 -0.061705 0.004876
v -0.000729 -0.061705 0.003055
v -0.000728 -0.068364 0.004287
v -0.000052 -0.068364 0.003893
v -0.000137 -0.068364 0.003662
v 0.006200 -0.068364 0.003626
v 0.006200 -0.061705 0.002392
v 0.011566 -0.061627 0.004324
v -0.001677 -0.061705 0.010239
v -0.001730 -0.068365 0.010215
v -0.001977 -0.068364 0.006108
v -0.000942 -0.061705 0.002932
v -0.000055 -0.061705 0.002660
v 0.006205 -0.068364 0.003857
v 0.011570 -0.068398 0.004323
v 0.012841 -0.061672 0.005585
v -0.001730 -0.061705 0.010215
v -0.001730 -0.068364 0.006108
v -0.000941 -0.068364 0.004164
v -0.000139 -0.061705 0.002429
v 0.006205 -0.061705 0.002624
v 0.011494 -0.068442 0.004538
v 0.013017 -0.068398 0.005460
v 0.011491 -0.061672 0.004538
v 0.012831 -0.068442 0.005592
v 0.013629 -0.068398 0.007320
v 0.013027 -0.061627 0.009154
v 0.000432 -0.050769 0.039995
v 0.001649 -0.050293 0.039995
v 0.000432 -0.050769 0.038823
v 0.001649 -0.050293 0.038823
v 0.005796 -0.050258 0.039995
v 0.005796 -0.050258 0.038823
v 0.006980 -0.050252 0.039258
v 0.006121 -0.050252 0.040116
v 0.006333 -0.050246 0.040401
v 0.007505 -0.050246 0.040401
v 0.007505 -0.049573 0.042562
v 0.006333 -0.049573 0.042562
v 0.006173 -0.048962 0.043172
v 0.007304 -0.048747 0.043386
v 0.005906 -0.048632 0.043501
v 0.006492 -0.047915 0.044219
v 0.005284 -0.048521 0.043612
v 0.005284 -0.047693 0.044440
v -0.012373 -0.047693 0.044440
v -0.012373 -0.048521 0.043612
v -0.013864 -0.048799 0.043889
v -0.013864 -0.047971 0.044718
v 0.005796 -0.050258 0.038823
v 0.006980 -0.050252 0.039258
v 0.005796 -0.057331 0.038823
v 0.006980 -0.057325 0.039258
v 0.007505 -0.050246 0.040401
v 0.007505 -0.057319 0.040401
v 0.007505 -0.054574 0.047563
v 0.007505 -0.049573 0.042562
v 0.007304 -0.048747 0.043386
v 0.007304 -0.053749 0.048388
v 0.006492 -0.047915 0.044219
v 0.006492 -0.052917 0.049220
v 0.005284 -0.047693 0.044440
v 0.005284 -0.052695 0.049442
v 0.000432 -0.056889 0.038823
v 0.001649 -0.057367 0.038823
v 0.000432 -0.056889 0.039995
v 0.001649 -0.057367 0.039995
v 0.005796 -0.057331 0.038823
v 0.005796 -0.057331 0.039995
v 0.006980 -0.057325 0.039258
v 0.006121 -0.057325 0.040116
v 0.006333 -0.057319 0.040401
v 0.007505 -0.057319 0.040401
v 0.006333 -0.054574 0.047563
v 0.007505 -0.054574 0.047563
v 0.007304 -0.053749 0.048388
v 0.006173 -0.053963 0.048174
v 0.006492 -0.052917 0.049220
v 0.005906 -0.053634 0.048503
v 0.005284 -0.052695 0.049442
v 0.005284 -0.053523 0.048614
v -0.012373 -0.052695 0.049442
v -0.012373 -0.053523 0.048614
v -0.013864 -0.052417 0.049165
v -0.013864 -0.053246 0.048336
v 0.000655 -0.049696 0.039061
v 0.000655 -0.047321 0.039061
v 0.000363 -0.049696 0.038890
v 0.005374 -0.047321 0.039049
v 0.005374 -0.049696 0.039049
v 0.005664 -0.047321 0.038894
v 0.005664 -0.049696 0.038894
v 0.006662 -0.047321 0.037852
v 0.006662 -0.049696 0.037852
v 0.007104 -0.047321 0.035840
v 0.007104 -0.049696 0.035840
v 0.007035 -0.047321 0.034923
v 0.007035 -0.049696 0.034923
v 0.006550 -0.047321 0.034682
v 0.006550 -0.049696 0.034682
v -0.000460 -0.047321 0.034682
v -0.000460 -0.049696 0.034682
v -0.001074 -0.047321 0.034886
v -0.001074 -0.049696 0.034886
v -0.001135 -0.047321 0.035837
v -0.001135 -0.049696 0.035837
v -0.000644 -0.047321 0.037827
v -0.000873 -0.049696 0.035077
v -0.000420 -0.049696 0.034927
v -0.000884 -0.049696 0.035841
v -0.000644 -0.049696 0.037827
v 0.000363 -0.047321 0.038890
v 0.006853 -0.047321 0.035850
v 0.006829 -0.047321 0.035087
v 0.006486 -0.047321 0.034926
v -0.000420 -0.047321 0.034927
v -0.000873 -0.047321 0.035077
v -0.000884 -0.047321 0.035841
v -0.000420 -0.047321 0.037709
v 0.000504 -0.047321 0.038681
v 0.000698 -0.047321 0.038817
v -0.000420 -0.049696 0.037709
v 0.000504 -0.049696 0.038681
v 0.000698 -0.049696 0.038817
v 0.005354 -0.049696 0.038805
v 0.005354 -0.047321 0.038804
v 0.005535 -0.049696 0.038667
v 0.005535 -0.047321 0.038667
v 0.006435 -0.049696 0.037743
v 0.006435 -0.047321 0.037743
v 0.006853 -0.049696 0.035850
v 0.006829 -0.049696 0.035087
v 0.006486 -0.049696 0.034926
v 0.010683 -0.055589 0.007502
v 0.010683 -0.056385 0.007502
v 0.010920 -0.055589 0.007265
v 0.010920 -0.053055 0.006816
v 0.010683 -0.053173 0.006611
v 0.010683 -0.049820 0.005312
v 0.010446 -0.049739 0.005535
v 0.010446 -0.047052 0.003841
v 0.010683 -0.046884 0.004008
v 0.010401 -0.044843 0.002974
v 0.010638 -0.044864 0.002738
v 0.010339 -0.043201 0.002347
v 0.010100 -0.043181 0.002112
v 0.009723 -0.041882 0.002222
v 0.009486 -0.041943 0.002452
v 0.009155 -0.040228 0.003519
v 0.009281 -0.040364 0.003713
v 0.010446 -0.056385 0.007265
v 0.010920 -0.056385 0.007265
v 0.010683 -0.055589 0.007028
v 0.010446 -0.053055 0.006816
v 0.010683 -0.049658 0.005757
v 0.010920 -0.047052 0.003841
v 0.010401 -0.044883 0.002501
v 0.009863 -0.043201 0.002347
v 0.009723 -0.042004 0.002681
v 0.009409 -0.040228 0.003519
v 0.010683 -0.056385 0.007028
v 0.010446 -0.055589 0.007265
v 0.010683 -0.052936 0.007021
v 0.010920 -0.049739 0.005535
v 0.010683 -0.047220 0.003673
v 0.010164 -0.044864 0.002738
v 0.010100 -0.043222 0.002583
v 0.009960 -0.041943 0.002452
v 0.009281 -0.040092 0.003325
v 0.011359 -0.095441 0.022534
v 0.011231 -0.095441 0.022838
v 0.012147 -0.095441 0.022941
v 0.012147 -0.100557 0.022941
v 0.011359 -0.100557 0.022534
v 0.011866 -0.100557 0.023167
v 0.014150 -0.100557 0.032060
v 0.014150 -0.095441 0.032060
v 0.013879 -0.095441 0.032523
v 0.014105 -0.095441 0.032791
v 0.009459 -0.095441 0.034121
v 0.009459 -0.100557 0.034121
v 0.003014 -0.100557 0.034804
v 0.003010 -0.100557 0.034464
v 0.000881 -0.100557 0.033922
v 0.000881 -0.095441 0.033922
v -0.000673 -0.095441 0.032376
v -0.000965 -0.095441 0.032552
v -0.001579 -0.095441 0.030282
v -0.001579 -0.100557 0.030282
v 0.014504 -0.100557 0.032107
v 0.013879 -0.100557 0.032523
v 0.009357 -0.095441 0.033807
v 0.003014 -0.095441 0.034804
v 0.000714 -0.100557 0.034220
v -0.000673 -0.100557 0.032376
v -0.001237 -0.095441 0.030273
v -0.001084 -0.095441 0.028036
v -0.001084 -0.100557 0.028036
v -0.000368 -0.100557 0.024956
v -0.000047 -0.100557 0.025030
v 0.014105 -0.100557 0.032791
v 0.009357 -0.100557 0.033807
v 0.003010 -0.095441 0.034464
v 0.000714 -0.095441 0.034220
v -0.000965 -0.100557 0.032552
v -0.001237 -0.100557 0.030273
v -0.000761 -0.095441 0.028104
v -0.000368 -0.095441 0.024956
v 0.000122 -0.100557 0.023230
v 0.000417 -0.100557 0.023398
v 0.001571 -0.100557 0.022304
v 0.001571 -0.095441 0.022304
v -0.000761 -0.100557 0.028104
v -0.000047 -0.095441 0.025030
v 0.000122 -0.095441 0.023230
v 0.001407 -0.100557 0.022002
v 0.003150 -0.100557 0.021895
v 0.003150 -0.095441 0.021895
v 0.003171 -0.095441 0.021555
v 0.000417 -0.095441 0.023398
v 0.001407 -0.095441 0.022002
v 0.003171 -0.100557 0.021555
v 0.011231 -0.100557 0.022838
v 0.011866 -0.095441 0.023167
v 0.014504 -0.095441 0.032107
v 0.007332 -0.114259 0.030613
v 0.007332 -0.120595 0.030824
v 0.006743 -0.114474 0.032521
v 0.006073 -0.118546 0.023468
v 0.005910 -0.112206 0.023468
v 0.004827 -0.118258 0.022377
v 0.004733 -0.111917 0.022377
v 0.003154 -0.118258 0.021928
v 0.003153 -0.111917 0.021928
v 0.001426 -0.118258 0.022358
v 0.001521 -0.111917 0.022358
v 0.000212 -0.118546 0.023472
v 0.000374 -0.112206 0.023472
v -0.001268 -0.120595 0.030828
v -0.001268 -0.114259 0.030617
v -0.000820 -0.120843 0.032825
v -0.000820 -0.114507 0.032614
v 0.000848 -0.120887 0.034171
v 0.000848 -0.114551 0.033960
v 0.003020 -0.120867 0.034682
v 0.006269 -0.118546 0.023366
v 0.004934 -0.118258 0.022197
v 0.003157 -0.118258 0.021720
v 0.001318 -0.118258 0.022177
v 0.000018 -0.118546 0.023370
v -0.001480 -0.120595 0.030828
v -0.001008 -0.120838 0.032928
v 0.000750 -0.120880 0.034348
v 0.003020 -0.120859 0.034881
v 0.005309 -0.120880 0.034348
v 0.006928 -0.114507 0.032624
v 0.006928 -0.120843 0.032835
v 0.007545 -0.114259 0.030622
v 0.005309 -0.114544 0.034137
v 0.003020 -0.114523 0.034670
v 0.000750 -0.114544 0.034137
v -0.001008 -0.114502 0.032717
v -0.001480 -0.114259 0.030617
v 0.000190 -0.112206 0.023370
v 0.001419 -0.111917 0.022177
v 0.003156 -0.111917 0.021720
v 0.004834 -0.111917 0.022197
v 0.005204 -0.120887 0.034173
v 0.006743 -0.120846 0.032733
v 0.007545 -0.120595 0.030833
v 0.006096 -0.112206 0.023366
v 0.003020 -0.114531 0.034472
v 0.005204 -0.114551 0.033963
v -0.001354 -0.124757 0.030458
v -0.001354 -0.118418 0.030458
v 0.000190 -0.124757 0.023370
v -0.000896 -0.118418 0.032633
v -0.000896 -0.124757 0.032633
v 0.000813 -0.118418 0.034106
v 0.000813 -0.124757 0.034106
v 0.003020 -0.118418 0.034663
v 0.003020 -0.124757 0.034663
v 0.005246 -0.118418 0.034106
v 0.005246 -0.124757 0.034106
v 0.006818 -0.118418 0.032535
v 0.006818 -0.124757 0.032535
v 0.007418 -0.118418 0.030464
v 0.007418 -0.124757 0.030464
v 0.006096 -0.118418 0.023366
v 0.006096 -0.124757 0.023366
v 0.004834 -0.118418 0.022197
v 0.004834 -0.124757 0.022197
v 0.003156 -0.118418 0.021720
v 0.003156 -0.124757 0.021720
v 0.001419 -0.118418 0.022177
v 0.004733 -0.124757 0.022377
v 0.005910 -0.124757 0.023468
v 0.003153 -0.124757 0.021928
v 0.001419 -0.124757 0.022177
v 0.000190 -0.118418 0.023370
v 0.000374 -0.118418 0.023472
v -0.001149 -0.118418 0.030458
v 0.001521 -0.118418 0.022358
v 0.003153 -0.118418 0.021928
v 0.004733 -0.118418 0.022377
v 0.005910 -0.118418 0.023468
v 0.007212 -0.118418 0.030453
v 0.006639 -0.118418 0.032430
v 0.005142 -0.118418 0.033925
v 0.003020 -0.118418 0.034455
v 0.000909 -0.118418 0.033923
v -0.000713 -0.118418 0.032525
v 0.001521 -0.124757 0.022358
v 0.007212 -0.124757 0.030453
v 0.006639 -0.124757 0.032430
v 0.005142 -0.124757 0.033925
v 0.003020 -0.124757 0.034455
v 0.000909 -0.124757 0.033923
v -0.000713 -0.124757 0.032525
v -0.001149 -0.124757 0.030458
v 0.000374 -0.124757 0.023472
vn 0.0519 -0.4858 -0.8725
vn -0.6052 -0.3508 -0.7146
vn 0.1656 0.3509 -0.9217
vn -0.4817 0.4858 -0.7294
vn 0.6536 0.7566 -0.0187
vn 0.2388 0.9710 -0.0065
vn 0.6534 0.5489 0.5213
vn 0.9510 0.2463 0.1871
vn 0.8881 0.0631 0.4553
vn 0.8876 0.4563 -0.0626
vn 0.2383 0.6915 0.6819
vn 0.6539 0.0191 0.7563
vn 0.9646 -0.1594 0.2100
vn 0.9645 0.1595 -0.2106
vn 0.6534 0.5216 -0.5487
vn 0.2386 0.6818 -0.6915
vn -0.3365 0.7505 -0.5687
vn -0.8195 0.5676 0.0788
vn -0.7314 0.0934 -0.6755
vn -0.8193 -0.5680 -0.0780
vn -0.3366 -0.5692 -0.7502
vn 0.2387 -0.6922 -0.6811
vn 0.2388 -0.0070 -0.9710
vn 0.9513 -0.2459 -0.1861
vn 0.6536 -0.0193 -0.7566
vn 0.8878 -0.0633 -0.4559
vn 0.6535 -0.5489 -0.5211
vn 0.6539 -0.7564 0.0196
vn 0.2380 -0.9712 0.0071
vn 0.2384 -0.6820 0.6914
vn -0.3366 -0.7510 0.5681
vn -0.7314 -0.0934 0.6756
vn -0.3365 0.5685 0.7507
vn 0.2380 0.0065 0.9712
vn 0.6536 -0.5214 0.5486
vn 0.8884 -0.4546 0.0634
vn 0.9645 0.1595 -0.2105
vn 0.6535 -0.0193 -0.7566
vn 0.6536 0.7566 -0.0188
vn 0.2387 -0.6922 -0.6812
vn -0.3366 -0.5691 -0.7502
vn 0.2380 -0.9712 0.0070
vn -0.3364 0.5686 0.7507
vn -0.3366 -0.7509 0.5682
vn -0.4948 -0.8673 0.0536
vn -0.9388 0.3291 -0.1018
vn -0.8192 -0.3290 -0.4698
vn -0.3689 0.8673 -0.3343
vn -0.2832 -0.7226 -0.6306
vn -0.1934 0.3290 -0.9243
vn 0.1934 -0.3290 -0.9243
vn 0.2830 0.7226 -0.6306
vn 0.4320 -0.8125 -0.3913
vn 0.8193 0.3290 -0.4695
vn 0.9388 -0.3290 -0.1016
vn 0.5796 0.8125 0.0627
vn 0.5057 -0.8125 0.2899
vn 0.6996 0.3290 0.6342
vn 0.3867 -0.3290 0.8615
vn 0.1194 0.8125 0.5706
vn -0.1416 -0.7226 0.6766
vn -0.3869 0.3290 0.8614
vn -0.6997 -0.3290 0.6342
vn -0.5996 0.7226 0.3439
vn -0.4949 -0.8673 0.0537
vn -0.9388 0.3290 -0.1019
vn -0.6997 -0.3291 0.6342
vn -0.4948 -0.8673 0.0537
vn -0.1415 -0.7226 0.6766
vn 0.5058 -0.8125 0.2898
vn 0.3867 -0.3291 0.8615
vn 0.4319 -0.8125 -0.3915
vn 0.9388 -0.3291 -0.1017
vn -0.2833 -0.7226 -0.6306
vn -0.8192 -0.3291 -0.4697
vn 0.1933 -0.3290 -0.9243
vn -0.1933 0.3291 -0.9243
vn 0.2831 0.7226 -0.6307
vn 0.5796 0.8125 0.0628
vn 0.8193 0.3291 -0.4695
vn 0.1193 0.8125 0.5706
vn 0.6996 0.3291 0.6342
vn -0.5997 0.7225 0.3439
vn -0.9388 0.3291 -0.1019
vn -0.3869 0.3291 0.8614
vn -0.4083 -0.8165 0.4082
vn -0.4365 0.2181 0.8729
vn -0.4365 -0.2181 -0.8729
vn -0.4083 0.8165 -0.4082
vn 0.3442 -0.2981 0.8903
vn 0.4910 0.2125 0.8449
vn 0.3791 -0.6563 -0.6523
vn 0.1945 0.8420 -0.5031
vn 0.6208 0.5757 -0.5321
vn 0.2922 0.3236 -0.8999
vn 0.1945 0.8420 -0.5032
vn 0.8226 0.5646 -0.0671
vn 0.7298 0.5757 0.3687
vn 0.3784 0.5645 0.7336
vn 0.6208 -0.5757 0.5322
vn 0.2922 -0.3236 0.8999
vn 0.0231 -0.8949 0.4456
vn 0.8226 -0.5646 0.0671
vn 0.7298 -0.5757 -0.3687
vn 0.3784 -0.5645 -0.7336
vn 0.0733 -0.7080 -0.7024
vn -0.4364 -0.2182 -0.8729
vn -0.4082 0.8165 -0.4083
vn 0.0431 0.5557 -0.8302
vn -0.4082 -0.8165 0.4083
vn 0.0231 -0.8949 0.4457
vn -0.4364 0.2183 0.8729
vn 0.4909 0.2125 0.8449
vn 0.2922 -0.3235 0.9000
vn 0.3783 0.5646 0.7336
vn 0.6208 -0.5757 0.5320
vn 0.6209 0.5758 -0.5320
vn 0.3783 -0.5646 -0.7336
vn 0.2922 0.3235 -0.9000
vn 0.0732 -0.7081 -0.7023
vn 0.1824 0.8073 -0.5612
vn 0.4338 -0.3235 -0.8409
vn 0.6136 -0.7262 -0.3100
vn 0.8645 0.4450 0.2336
vn 0.4323 -0.4450 0.7843
vn 0.4322 0.4450 -0.7843
vn 0.2357 0.9428 -0.2357
vn 0.6137 0.7261 0.3100
vn 0.0463 0.8949 0.4438
vn 0.4338 0.3236 0.8409
vn -0.4364 0.2182 0.8729
vn 0.1823 0.8073 -0.5613
vn 0.4851 0.7276 0.4851
vn 0.8645 0.4450 0.2335
vn 0.7509 -0.3367 0.5682
vn 0.0933 -0.7311 0.6758
vn 0.5681 -0.8193 -0.0779
vn -0.5680 -0.8193 0.0784
vn -0.0927 -0.7311 -0.6759
vn -0.7510 -0.3368 -0.5680
vn -0.5677 -0.3367 0.7512
vn 0.5684 -0.3367 -0.7507
vn -0.4370 -0.6155 0.6559
vn -0.4482 -0.5654 0.6925
vn 0.5146 -0.7876 0.3388
vn 0.5025 -0.7127 0.4894
vn -0.4382 -0.4934 0.7513
vn 0.5046 -0.5394 0.6741
vn -0.4305 -0.1462 0.8907
vn 0.5364 -0.2336 0.8110
vn -0.4201 0.0251 0.9071
vn 0.5393 -0.0563 0.8402
vn -0.4267 -0.2205 0.8771
vn 0.4889 -0.0430 0.8713
vn -0.4055 -0.5047 0.7621
vn 0.8870 0.4423 0.1325
vn 0.9858 0.1650 -0.0297
vn 0.9593 -0.2635 -0.1015
vn 0.8998 -0.3988 -0.1769
vn 0.9398 -0.2376 -0.2454
vn 0.9362 -0.1858 -0.2983
vn 0.5143 -0.7526 0.4112
vn 0.9437 -0.2075 -0.2575
vn 0.5565 -0.4776 0.6799
vn 0.9881 -0.0715 -0.1361
vn 0.5548 -0.1006 0.8259
vn 0.9972 0.0396 -0.0631
vn 0.5564 0.1318 0.8204
vn 0.9959 0.0422 -0.0796
vn 0.5250 -0.2811 0.8033
vn -0.4037 -0.6958 0.5940
vn 0.8956 0.4048 0.1846
vn 0.4036 0.6946 -0.5955
vn 0.4066 0.5022 -0.7632
vn 0.4267 0.2181 -0.8777
vn 0.4202 -0.0320 -0.9069
vn 0.4298 0.1414 -0.8918
vn 0.4379 0.4962 -0.7497
vn 0.4378 0.6158 -0.6551
vn 0.4493 0.5636 -0.6931
vn -0.5257 0.2827 -0.8024
vn -0.4900 0.0458 -0.8705
vn -0.5402 0.0574 -0.8396
vn -0.5342 0.2395 -0.8107
vn -0.5005 0.5504 -0.6682
vn -0.5004 0.7181 -0.4837
vn -0.5151 0.7872 -0.3393
vn -0.5153 0.7510 -0.4128
vn 0.4417 0.4051 -0.8005
vn -0.5553 0.4838 -0.6764
vn 0.4424 0.1437 -0.8852
vn -0.5542 0.1054 -0.8257
vn -0.5553 -0.1315 -0.8212
vn -0.9972 -0.0381 0.0651
vn -0.9879 0.0726 0.1368
vn -0.9435 0.2082 0.2579
vn -0.9369 0.1829 0.2980
vn -0.9400 0.2354 0.2470
vn -0.9013 0.3945 0.1788
vn -0.9579 0.2674 0.1045
vn -0.9854 -0.1676 0.0302
vn -0.8872 -0.4414 -0.1341
vn -0.8959 -0.4035 -0.1858
vn -0.4239 -0.7277 0.5393
vn -0.9782 -0.1934 -0.0752
vn -0.5930 -0.6468 0.4795
vn -0.9916 0.0540 -0.1174
vn -0.5566 0.5462 -0.6259
vn -0.3912 0.7009 -0.5964
vn 0.4236 0.7273 -0.5400
vn 0.5943 0.6462 -0.4789
vn 0.9783 0.1931 0.0757
vn 0.5566 -0.5462 0.6260
vn 0.9915 -0.0550 0.1181
vn 0.3912 -0.7010 0.5963
vn 0.8153 0.1433 -0.5611
vn 0.3581 0.9194 -0.1625
vn 0.8246 -0.5595 -0.0836
vn 0.3960 0.7336 -0.5523
vn 0.0393 0.9042 -0.4252
vn 0.2519 -0.8098 -0.5299
vn 0.3398 -0.8088 0.4800
vn -0.2736 0.9432 -0.1886
vn -0.8814 0.2520 -0.3995
vn -0.7322 0.6787 -0.0571
vn -0.4858 0.8458 0.2203
vn -0.5704 -0.8193 0.0578
vn -0.5163 -0.4483 -0.7297
vn -0.2618 0.7862 -0.5598
vn -0.0797 0.3619 -0.9288
vn -0.3782 -0.4731 0.7957
vn 0.0799 0.3615 0.9289
vn -0.0293 0.9483 0.3159
vn 0.2625 0.7857 0.5601
vn 0.3690 0.8939 0.2545
vn -0.3957 0.7335 0.5526
vn 0.8812 0.2523 0.3998
vn 0.7321 0.6788 0.0571
vn -0.8150 0.1436 0.5613
vn -0.7944 0.4059 0.4518
vn -0.1667 0.3509 0.9215
vn -0.3762 0.8446 0.3809
vn -0.3076 0.9515 0.0022
vn -0.8814 0.4059 -0.2417
vn -0.3811 0.8448 -0.3757
vn -0.0025 0.9328 -0.3604
vn 0.1656 0.3509 -0.9216
vn 0.3754 0.8449 -0.3811
vn 0.7290 0.4860 -0.4819
vn 0.3075 0.9515 -0.0020
vn 0.9215 0.3509 0.1663
vn 0.3809 0.8449 0.3757
vn 0.4816 0.4861 0.7292
vn 0.0023 0.9329 0.3602
vn 0.3016 -0.9045 -0.3016
vn -0.4083 -0.4082 -0.8165
vn 0.6667 0.3334 -0.6666
vn -0.5344 0.8018 -0.2673
vn 0.6666 0.3334 -0.6667
vn -0.5345 0.8018 -0.2673
vn 0.5886 0.7312 0.3448
vn -0.2968 0.6304 0.7173
vn 0.3366 0.4759 0.8125
vn 0.2971 -0.6303 0.7173
vn 0.5886 0.7313 0.3447
vn 0.9111 -0.3365 0.2380
vn 0.6667 0.3333 -0.6667
vn 0.3016 -0.9045 -0.3014
vn -0.8124 0.4760 0.3367
vn 0.9111 -0.3366 0.2380
vn 0.3015 -0.9045 -0.3015
vn -0.7172 -0.6303 0.2973
vn -0.4082 -0.4083 -0.8165
vn -0.3363 -0.4760 0.8126
vn -0.8124 0.4760 0.3368
vn -0.5344 0.8019 -0.2672
vn 0.4323 0.4450 -0.7843
vn 0.6137 0.7262 0.3099
vn 0.8645 -0.4450 -0.2336
vn 0.6208 -0.5757 0.5321
vn 0.1823 -0.8073 0.5613
vn 0.0463 0.8949 0.4439
vn 0.3442 -0.2980 0.8904
vn -0.0710 -0.1906 0.9791
vn 0.0698 -0.2029 0.9767
vn 0.0547 0.8432 0.5348
vn -0.3415 -0.1302 0.9308
vn -0.6734 0.0685 0.7361
vn -0.8235 0.3535 0.4436
vn -0.7524 0.6372 0.1672
vn -0.4667 0.8808 -0.0801
vn -0.1245 0.8528 -0.5071
vn 0.6308 -0.2829 0.7226
vn -0.0537 -0.4949 0.8673
vn 0.4699 -0.8191 0.3291
vn 0.3915 0.4319 0.8125
vn -0.2898 0.5058 0.8125
vn 0.1015 0.9389 0.3290
vn -0.0626 0.5796 -0.8125
vn 0.4694 0.8194 -0.3291
vn 0.6307 0.2829 -0.7226
vn 0.9243 0.1933 0.3290
vn 0.9243 -0.1933 -0.3290
vn 0.3345 -0.3686 -0.8673
vn 0.1018 -0.9388 -0.3291
vn -0.3439 -0.5996 -0.7227
vn -0.6344 -0.6995 0.3291
vn -0.8616 -0.3866 -0.3290
vn -0.6767 -0.1415 0.7226
vn -0.8616 0.3865 0.3291
vn -0.5706 0.1195 -0.8125
vn -0.6341 0.6997 -0.3291
vn 0.4851 -0.7276 -0.4850
vn 0.4851 0.7276 0.4850
vn 0.2358 -0.9428 0.2355
vn 0.4322 -0.4450 0.7843
vn 0.2357 -0.9428 0.2357
vn 0.6137 -0.7261 -0.3100
vn 0.4338 -0.3236 -0.8409
vn 0.1822 -0.8073 0.5614
vn 0.4851 -0.7276 -0.4851
vn 0.8645 -0.4450 -0.2335
vn 0.3442 -0.2980 0.8903
vn 0.4083 -0.4082 0.8165
vn -0.6667 0.3333 0.6667
vn 0.6667 0.6667 0.3333
vn 0.4082 0.4083 -0.8165
vn -0.4083 -0.8164 0.4083
vn 0.6666 -0.6667 -0.3334
vn 0.6666 0.6667 0.3333
vn -0.6667 -0.3334 -0.6666
vn -0.6666 0.3333 0.6667
vn -0.1574 -0.5479 0.8216
vn -0.6163 0.7044 0.3521
vn -0.6162 -0.3523 -0.7044
vn -0.3171 0.8484 -0.4240
vn -0.3171 0.8483 -0.4241
vn 0.6900 0.6023 -0.4014
vn 0.8251 -0.5054 -0.2527
vn -0.6161 -0.3523 -0.7045
vn 0.6414 -0.1862 0.7443
vn 0.4083 0.4082 -0.8165
vn 0.6666 -0.6667 -0.3333
vn 0.4083 -0.4083 0.8165
vn 0.8018 -0.5345 0.2673
vn 0.8018 0.2673 0.5345
vn 0.8018 0.5345 -0.2673
vn 0.8018 -0.2673 -0.5345
vn 0.6413 -0.1861 0.7444
vn 0.8252 0.5053 0.2525
vn 0.6899 0.6023 -0.4014
vn 0.8251 -0.5054 -0.2526
vn -0.2312 0.9227 0.3086
vn -0.6666 0.3334 0.6667
vn -0.6157 0.3525 0.7048
vn -0.2805 0.6800 0.6774
vn 0.2871 0.8561 0.4297
vn 0.7119 0.3142 0.6281
vn 0.6667 0.6666 0.3334
vn 0.3715 0.2946 0.8804
vn 0.2870 0.8562 0.4296
vn -0.2313 0.9226 0.3087
vn -0.3366 -0.7513 0.5677
vn -0.7314 -0.0935 0.6756
vn -0.8193 -0.5680 -0.0783
vn -0.8195 0.5677 0.0785
vn -0.7311 0.0935 -0.6758
vn -0.3363 0.7501 -0.5694
vn -0.3365 0.5687 0.7506
vn -0.3364 -0.5687 -0.7506
vn 0.8879 0.0620 0.4559
vn 0.9646 -0.1590 0.2102
vn 0.9512 0.2462 0.1863
vn 0.9646 0.1591 -0.2101
vn 0.8878 0.4558 -0.0633
vn 0.9513 -0.2456 -0.1860
vn 0.8884 -0.4548 0.0622
vn 0.8885 -0.0631 -0.4545
vn 0.6531 0.5216 -0.5490
vn 0.6536 -0.0195 -0.7566
vn 0.6538 -0.5488 -0.5209
vn 0.6538 -0.7565 0.0186
vn 0.6542 -0.5207 0.5485
vn 0.6534 0.0193 0.7568
vn 0.6536 0.5483 0.5217
vn 0.6535 0.7567 -0.0198
vn 0.2383 0.6815 -0.6920
vn 0.2378 -0.0066 -0.9713
vn 0.2380 -0.6920 -0.6815
vn 0.2379 -0.9713 0.0064
vn 0.2379 -0.6825 0.6911
vn 0.2385 0.0073 0.9711
vn 0.2381 0.6913 0.6822
vn 0.2387 0.9711 -0.0074
vn -0.7312 0.0934 -0.6758
vn -0.3363 -0.5687 -0.7507
vn -0.8193 -0.5679 -0.0783
vn -0.3365 -0.7513 0.5677
vn -0.7314 -0.0934 0.6755
vn -0.3364 0.5688 0.7506
vn -0.3362 0.7501 -0.5694
vn 0.0092 0.2403 -0.9707
vn -0.0265 0.2446 -0.9693
vn -0.9997 -0.0055 0.0224
vn -0.9846 0.1654 0.0569
vn -0.5436 0.7315 0.4117
vn -0.3456 0.8196 -0.4570
vn -0.9330 0.3364 -0.1279
vn 0.3459 0.8195 0.4570
vn 0.5440 0.7315 -0.4112
vn 0.9329 0.3364 0.1288
vn 0.5681 -0.8193 -0.0778
vn 0.7508 -0.3366 0.5682
vn 0.0933 -0.7312 0.6758
vn -0.1279 0.3364 0.9330
vn -0.5678 -0.3367 0.7512
vn -0.7510 -0.3367 -0.5680
vn -0.0926 -0.7312 -0.6759
vn 0.1288 0.3365 -0.9329
vn 0.5685 -0.3367 -0.7507
vn 0.5162 -0.8447 0.1416
vn 0.1782 -0.9329 0.3130
vn 0.2671 -0.9516 -0.1522
vn -0.1418 -0.8446 0.5163
vn -0.0527 -0.4860 0.8723
vn -0.6423 -0.4058 0.6502
vn -0.2673 -0.9515 0.1522
vn -0.9139 -0.4060 0.0058
vn -0.5165 -0.8445 -0.1414
vn -0.1784 -0.9328 -0.3130
vn 0.1411 -0.8447 -0.5164
vn 0.7142 -0.3511 -0.6055
vn 0.8725 -0.4859 0.0523
vn 0.6050 -0.3511 0.7146
vn -0.3415 0.1302 -0.9308
vn -0.6735 -0.0684 -0.7360
vn -0.7522 0.6374 0.1671
vn -0.8235 -0.3534 -0.4437
vn -0.7523 -0.6374 -0.1669
vn -0.4666 -0.8808 0.0804
vn -0.4872 0.8107 -0.3246
vn -0.6081 0.3356 -0.7194
vn -0.6196 0.7147 0.3245
vn -0.5579 0.1807 0.8100
vn -0.9471 0.0409 -0.3183
vn -0.9471 -0.0409 0.3183
vn -0.5579 -0.1807 -0.8100
vn -0.6082 -0.3354 0.7194
vn -0.6198 -0.7146 -0.3245
vn -0.4877 -0.8105 0.3245
vn -0.6197 -0.7146 -0.3246
vn -0.5580 -0.1807 -0.8099
vn -0.1453 -0.5757 -0.8046
vn 0.0928 0.5602 -0.8231
vn 0.1691 -0.7114 -0.6822
vn -0.0767 0.5894 -0.8042
vn -0.6082 0.3356 -0.7194
vn -0.9471 0.0410 -0.3184
vn -0.4120 -0.1649 0.8961
vn 0.0838 -0.1804 0.9800
vn 0.0532 0.1540 0.9866
vn -0.4041 0.3352 0.8511
vn -0.9995 -0.0150 -0.0264
vn 0.3777 0.5045 0.7764
vn 0.0301 -0.3552 0.9343
vn 0.7204 -0.2099 0.6610
vn 0.7400 -0.3603 0.5680
vn 0.4214 -0.8751 0.2380
vn 0.9801 -0.0540 -0.1910
vn 0.4824 -0.3203 -0.8153
vn 0.2677 0.0536 -0.9620
vn -0.2871 -0.0115 -0.9578
vn -0.4337 0.4800 -0.7625
vn -0.5439 0.8267 0.1440
vn 0.6052 0.7896 0.1015
vn 0.9243 0.1127 0.3646
vn 0.6028 -0.1096 0.7903
vn 0.3035 0.6381 -0.7076
vn -0.5506 -0.6484 0.5258
vn -0.3103 -0.6979 -0.6455
vn -0.6195 0.7147 0.3246
vn -0.5580 0.1807 0.8099
vn -0.1483 0.5755 0.8042
vn -0.0764 -0.7108 0.6992
vn -0.1487 0.8046 0.5749
vn -0.4196 -0.5676 0.7084
vn -0.0700 -0.5896 0.8046
vn -0.6082 -0.3356 0.7194
vn -0.9471 -0.0410 0.3184
vn -0.4877 -0.8105 0.3246
vn -0.1621 -0.8856 0.4353
vn -0.0518 -0.8941 -0.4448
vn -0.7523 -0.6373 -0.1668
vn -0.6736 -0.0684 -0.7360
vn -0.0903 -0.0082 -0.9959
vn -0.0547 0.3215 -0.9453
vn -0.3312 0.0971 -0.9385
vn -0.4834 -0.8569 0.1791
vn -0.6449 0.3054 -0.7006
vn -0.6722 -0.6477 0.3586
vn -0.8436 0.3992 -0.3591
vn -0.6022 -0.6885 0.4040
vn -0.5840 0.8117 -0.0028
vn -0.6147 -0.6956 0.3720
vn -0.5635 0.5689 0.5990
vn -0.8615 -0.3866 -0.3291
vn -0.5707 0.1193 -0.8125
vn -0.3439 -0.5997 -0.7226
vn -0.6342 0.6996 -0.3291
vn -0.0627 0.5796 -0.8125
vn 0.3344 -0.3687 -0.8673
vn 0.9243 -0.1932 -0.3291
vn 0.6307 0.2830 -0.7225
vn 0.4693 0.8194 -0.3291
vn 0.8252 0.5052 0.2526
vn -0.6156 0.3525 0.7048
vn 0.6900 0.6023 -0.4015
vn 0.2871 0.8562 0.4296
vn -0.3171 0.8483 -0.4240
vn -0.6164 0.7043 0.3521
vn 0.7119 0.3141 0.6281
vn 0.3715 0.2946 0.8805
vn -0.2806 0.6800 0.6774
vn -0.6157 0.3525 0.7047
vn 0.8252 0.5053 0.2526
vn -0.4575 0.8334 0.3100
vn -0.4647 0.6567 0.5940
vn -0.9357 -0.0455 0.3499
vn -0.4330 0.1255 0.8926
vn -0.2040 0.8842 0.4203
vn -0.5004 -0.7069 0.5000
vn -0.4398 -0.4011 0.8035
vn -0.4398 -0.1351 0.8879
vn -0.4407 0.0900 0.8932
vn -0.4539 0.3614 0.8145
vn 0.5305 0.5325 0.6595
vn 0.4400 0.8437 0.3074
vn 0.4709 0.8815 -0.0338
vn 0.6122 0.5003 0.6122
vn 0.4034 -0.6251 0.6683
vn -0.4741 -0.8797 0.0373
vn -0.9398 -0.1763 0.2928
vn -0.9778 -0.1499 0.1464
vn -0.9959 -0.0418 0.0804
vn 0.9745 0.1632 -0.1541
vn 0.9343 0.1882 -0.3029
vn 0.9399 0.0500 -0.3378
vn 0.9790 -0.1753 0.1038
vn 0.4644 -0.8327 -0.3016
vn -0.4569 -0.8235 -0.3363
vn -0.5363 -0.5033 -0.6776
vn 0.4417 -0.0888 -0.8927
vn 0.4521 -0.3527 -0.8193
vn 0.4664 -0.6370 -0.6138
vn 0.4816 0.4860 0.7292
vn -0.1667 0.3509 0.9214
vn 0.6051 -0.3510 0.7146
vn -0.0526 -0.4860 0.8724
vn -0.0170 -0.9194 -0.3929
vn 0.0517 -0.5367 -0.8422
vn -0.9887 -0.0111 -0.1496
vn -0.9198 -0.2088 -0.3322
vn 0.2896 -0.4395 -0.8503
vn -0.3167 0.4652 -0.8266
vn -0.0003 -0.0031 -1.0000
vn 0.9995 -0.0308 0.0105
vn 0.9862 -0.1378 0.0913
vn 0.9998 0.0212 0.0029
vn 0.8445 0.1920 -0.4999
vn 0.0375 0.9622 0.2698
vn -0.9826 0.1528 -0.1060
vn -0.9992 0.0365 -0.0136
vn -0.9997 -0.0056 0.0224
vn 0.0044 0.0396 0.9992
vn -0.0089 -0.2204 0.9754
vn -0.0281 0.5911 0.8061
vn 0.7070 0.5703 0.4181
vn 0.3991 0.8379 0.3725
vn 0.3271 0.6191 -0.7139
vn 0.1881 -0.3540 0.9161
vn -0.2582 -0.5286 0.8086
vn -0.4215 -0.8507 -0.3141
vn -0.7376 -0.5071 -0.4459
vn -0.1557 0.3904 -0.9074
vn -0.3737 0.8748 0.3083
vn 0.1244 -0.2924 0.9482
vn 0.0918 -0.2008 0.9753
vn 0.8397 -0.5129 -0.1784
vn 0.9869 -0.1524 -0.0532
vn -0.0266 0.2446 -0.9693
vn 0.9996 0.0196 -0.0184
vn 0.0261 -0.2253 0.9739
vn -0.8376 0.5169 0.1768
vn -0.1209 0.2964 -0.9474
vn 0.3828 -0.8709 -0.3083
vn -0.1003 0.1937 -0.9759
vn -0.4136 0.7619 -0.4984
vn -0.5870 -0.7619 -0.2738
vn -0.7029 0.7108 0.0263
vn -0.1494 -0.7111 -0.6870
vn -0.0747 0.7112 -0.6991
vn 0.1059 -0.7154 -0.6906
vn 0.2118 0.7154 -0.6658
vn 0.4708 -0.7490 -0.4662
vn 0.6088 0.7490 -0.2613
vn 0.7036 -0.7104 0.0152
vn 0.6987 0.7104 0.0839
vn 0.6411 -0.7189 0.2687
vn 0.5802 0.7188 0.3830
vn 0.4540 -0.7110 0.5370
vn 0.3945 0.7110 0.5821
vn 0.2256 -0.7164 0.6602
vn 0.1138 0.7164 0.6883
vn -0.1199 -0.7183 0.6854
vn -0.2416 0.7183 0.6525
vn -0.4114 -0.7102 0.5712
vn -0.4635 0.7102 0.5298
vn -0.5795 -0.7176 0.3863
vn 0.6376 -0.7176 -0.2801
vn 0.7027 -0.7097 -0.0502
vn 0.4780 -0.7087 -0.5189
vn 0.2755 -0.7219 -0.6348
vn -0.1477 -0.7237 -0.6741
vn -0.4556 -0.7079 -0.5397
vn -0.5776 -0.7192 -0.3862
vn -0.6983 -0.7096 -0.0945
vn -0.6098 -0.7543 0.2434
vn -0.2031 -0.7147 0.6693
vn -0.7037 0.7095 -0.0360
vn -0.6399 0.7192 -0.2706
vn -0.4813 0.7080 -0.5168
vn -0.2935 0.7237 -0.6246
vn 0.1368 0.7219 -0.6783
vn 0.4423 0.7087 -0.5497
vn 0.5789 0.7176 -0.3872
vn 0.6957 0.7097 -0.1106
vn 0.5915 0.7666 0.2499
vn -0.6381 0.7176 0.2792
vn -0.6965 -0.7108 0.0983
vn 0.4164 -0.7666 0.4887
vn 0.1493 0.7111 0.6870
vn 0.0747 -0.7111 0.6991
vn -0.1015 0.7147 0.6920
vn -0.4656 0.7543 0.4628
vn 0.4816 0.4860 0.7293
vn 0.6050 -0.3510 0.7147
vn 0.8725 -0.4858 0.0522
vn 0.7143 -0.3510 -0.6054
vn 0.7290 0.4860 -0.4820
vn 0.0518 -0.4858 -0.8726
vn -0.7944 0.4058 0.4519
vn -0.9139 -0.4059 0.0058
vn -0.4816 0.4857 -0.7294
vn -0.1080 0.7540 0.6479
vn -0.1356 0.8340 0.5348
vn -0.0091 -0.7521 0.6590
vn -0.1506 -0.7081 0.6899
vn -0.1820 0.7045 0.6860
vn -0.2655 -0.7097 0.6526
vn -0.3146 0.7065 0.6340
vn -0.1019 -0.2670 0.9583
vn -0.0722 0.7378 0.6712
vn -0.6896 -0.6165 -0.3800
vn -0.6085 -0.7867 0.1036
vn 0.5114 -0.7332 0.4483
vn -0.1662 -0.9248 -0.3421
vn 0.3495 -0.9106 -0.2207
vn 0.2408 -0.7106 -0.6610
vn 0.3428 -0.7069 -0.6187
vn 0.3851 -0.9219 0.0415
vn 0.8546 0.5108 0.0936
vn 0.3228 0.7102 -0.6256
vn 0.1792 0.7132 -0.6777
vn 0.2706 0.9614 0.0497
vn 0.6077 0.7881 -0.0984
vn 0.4447 0.7864 -0.4286
vn -0.7583 0.6499 -0.0508
vn -0.5833 0.6500 -0.4871
vn -0.1590 0.7951 -0.5853
vn 0.0909 -0.7148 -0.6934
vn -0.3142 -0.7062 0.6345
vn -0.6536 -0.7346 0.1819
vn -0.5727 0.7346 0.3639
vn -0.6984 0.7066 -0.1135
vn 0.6374 0.7377 0.2227
vn 0.4194 0.7640 0.4903
vn 0.5712 -0.6786 0.4617
vn 0.2631 -0.6572 0.7063
vn -0.1180 -0.7766 -0.6188
vn 0.1016 -0.7524 -0.6509
vn 0.0655 0.6679 -0.7414
vn 0.2069 0.7646 -0.6103
vn 0.2303 0.5634 -0.7935
vn 0.4636 -0.7579 -0.4590
vn -0.6404 -0.7366 -0.2175
vn -0.5801 0.6787 -0.4505
vn 0.1124 0.7758 0.6208
vn -0.0292 -0.6633 0.7478
vn 0.3362 -0.6703 -0.6615
vn -0.6485 0.6476 0.4000
vn 0.6107 0.7579 -0.2296
vn 0.6976 -0.7070 0.1165
vn -0.4327 -0.7625 -0.4810
vn -0.2771 0.6593 -0.6989
vn -0.1040 0.7532 0.6495
vn -0.2282 -0.7623 0.6057
vn 0.6506 -0.6495 -0.3936
vn -0.3974 0.6604 0.6371
vn -0.4456 -0.7847 0.4309
vn 0.7565 -0.6516 0.0560
vn 0.5479 0.7883 0.2799
vn -0.6196 0.7147 0.3246
vn -0.1482 0.5755 0.8042
vn -0.4872 0.8107 -0.3245
vn -0.0767 0.5893 -0.8042
vn -0.1488 0.8046 0.5749
vn 0.0927 0.5602 -0.8231
vn 0.3210 0.8188 -0.4759
vn -0.5841 0.8117 -0.0028
vn 0.8604 0.4406 -0.2562
vn 0.4511 0.7824 -0.4295
vn -0.6449 0.3053 -0.7006
vn 0.6656 0.6576 -0.3530
vn 0.4600 0.8745 -0.1537
vn -0.1245 0.8528 -0.5072
vn -0.0903 -0.0083 -0.9959
vn -0.4668 0.8808 -0.0801
vn 0.3210 0.8188 -0.4760
vn 0.4493 -0.8190 -0.3568
vn 0.8604 0.4405 -0.2562
vn 0.5520 -0.8292 0.0877
vn 0.9008 -0.3178 0.2960
vn 0.4511 0.7824 -0.4294
vn 0.6655 0.6577 -0.3531
vn 0.6268 -0.2855 0.7249
vn 0.3212 -0.0851 0.9432
vn 0.0548 0.8432 0.5349
vn 0.0699 -0.2029 0.9767
vn -0.6197 -0.7146 -0.3245
vn -0.1452 -0.5757 -0.8047
vn -0.4876 -0.8105 0.3245
vn -0.0704 -0.5895 0.8047
vn 0.1692 -0.7113 -0.6822
vn -0.0764 -0.7107 0.6993
vn -0.4196 -0.5675 0.7084
vn -0.6148 -0.6955 0.3720
vn -0.6023 -0.6885 0.4040
vn 0.9007 -0.3178 0.2961
vn 0.6269 -0.2854 0.7250
vn -0.6723 -0.6477 0.3586
vn 0.3213 -0.0850 0.9432
vn -0.4835 -0.8569 0.1790
vn -0.0518 -0.8942 -0.4448
vn -0.1620 -0.8855 0.4354
vn -0.1199 -0.7182 0.6854
vn -0.2417 0.7183 0.6525
vn 0.5802 0.7189 0.3829
vn 0.6987 0.7105 0.0838
vn -0.0747 0.7111 -0.6991
vn -0.4136 0.7619 -0.4985
vn -0.5870 -0.7619 -0.2739
vn -0.7029 0.7108 0.0262
vn -0.4635 0.7102 0.5299
vn -0.7038 0.7095 -0.0360
vn 0.6957 0.7097 -0.1107
vn 0.1368 0.7218 -0.6784
vn -0.1477 -0.7238 -0.6740
vn -0.2928 0.7235 -0.6252
vn -0.4548 -0.7080 -0.5402
vn -0.4806 0.7080 -0.5174
vn -0.0050 0.0895 0.9960
vn 0.2886 -0.4083 0.8660
vn 0.9996 -0.0294 -0.0026
vn 0.9995 -0.0307 0.0099
vn -0.0011 -0.2667 -0.9638
vn 0.0009 -0.4496 -0.8932
vn -0.9995 0.0295 -0.0138
vn -0.9972 -0.0631 0.0397
vn -0.0025 0.5082 0.8612
vn -0.0144 0.3520 0.9359
vn 0.9828 0.1785 -0.0467
vn 0.9602 0.2793 0.0059
vn 0.0172 -0.0887 -0.9959
vn -0.0449 0.3172 -0.9473
vn -0.9576 -0.2578 -0.1284
vn -0.8263 0.5535 0.1048
vn -0.3296 -0.0741 0.9412
vn -0.7071 -0.6667 0.2356
vn 0.7071 -0.6667 -0.2357
vn 0.0054 -0.0867 -0.9962
vn -0.9994 0.0318 -0.0103
vn -0.0009 0.4491 0.8935
vn 0.9973 0.0619 -0.0385
vn 0.0132 -0.3475 -0.9376
vn -0.9605 -0.2781 -0.0067
vn 0.0446 -0.2990 0.9532
vn 0.6628 0.4903 0.5660
vn -0.2886 -0.4083 -0.8660
vn -0.9995 0.0308 0.0024
vn 0.0015 0.2688 0.9632
vn 0.9995 -0.0298 0.0139
vn 0.0020 -0.5071 -0.8619
vn -0.9835 -0.1751 0.0462
vn -0.0197 0.0938 0.9954
vn 0.9466 0.2890 0.1428
vn 0.3146 0.8824 -0.3498
vn 0.2461 0.7121 -0.6575
vn -0.1642 0.7123 0.6824
vn 0.5870 0.7349 -0.3397
vn 0.4622 -0.7349 -0.4963
vn 0.1653 -0.7121 -0.6823
vn -0.5872 -0.7349 0.3394
vn -0.6566 -0.7311 -0.1855
vn -0.6823 0.7310 -0.0019
vn -0.4865 0.7301 -0.4800
vn 0.3441 0.7299 0.5906
vn 0.1148 0.7083 0.6966
vn 0.1548 -0.7083 0.6887
vn -0.0083 -0.7120 0.7021
vn 0.0927 -0.7120 -0.6961
vn 0.3967 -0.7183 -0.5715
vn 0.2870 0.7183 -0.6338
vn 0.5687 0.7180 -0.4014
vn -0.6307 0.7179 0.2946
vn -0.6968 0.7162 -0.0404
vn -0.6941 -0.7162 0.0732
vn 0.6824 -0.7310 0.0015
vn -0.3429 -0.7301 -0.5911
vn -0.1532 0.7083 -0.6891
vn -0.0917 0.7120 0.6961
vn -0.2865 -0.7183 0.6340
vn 0.6311 -0.7180 -0.2937
vn 0.6942 0.7161 -0.0724
vn -0.6894 0.7071 -0.1574
vn -0.6900 -0.7071 -0.1548
vn -0.6860 -0.7072 -0.1711
vn 0.6831 -0.7072 0.1823
vn 0.4872 -0.7300 0.4794
vn -0.1131 -0.7083 -0.6968
vn 0.0097 0.7120 -0.7021
vn -0.3964 0.7183 0.5718
vn -0.5684 -0.7179 0.4020
vn 0.6968 -0.7161 0.0405
vn 0.6900 0.7071 0.1544
vn -0.6831 0.7072 -0.1822
vn -0.6260 -0.7182 -0.3039
vn 0.5597 -0.7184 0.4131
vn 0.2844 -0.7171 0.6363
vn 0.3888 0.7171 0.5784
vn 0.6894 -0.7071 0.1573
vn 0.6860 0.7072 0.1712
vn -0.5612 0.7181 -0.4114
vn -0.3893 -0.7175 -0.5776
vn 0.0046 -0.7125 0.7017
vn 0.0916 0.7125 0.6957
vn -0.0019 0.7124 -0.7018
vn 0.6253 0.7184 0.3048
vn -0.2827 0.7175 -0.6366
vn -0.0883 -0.7124 -0.6962
vn -0.2459 -0.7123 0.6574
vn -0.4626 0.7349 0.4959
vn 0.6568 0.7310 0.1851
vn -0.6912 0.7076 0.1467
vn -0.6940 -0.6769 -0.2454
vn -0.6187 0.7392 -0.2661
vn -0.7016 -0.6975 0.1460
vn -0.4957 0.6694 0.5533
vn -0.4160 -0.7163 0.5603
vn -0.2292 0.6940 0.6826
vn -0.0695 -0.7179 0.6926
vn 0.0534 0.7176 0.6944
vn 0.3420 -0.7290 0.5930
vn 0.3550 0.7124 0.6053
vn 0.6358 -0.7334 0.2405
vn 0.5659 0.7195 0.4025
vn 0.6903 -0.7201 -0.0707
vn 0.6885 0.7176 0.1055
vn 0.5937 -0.7389 -0.3187
vn 0.5756 0.7222 -0.3835
vn 0.3452 -0.7361 -0.5823
vn 0.2744 0.6956 -0.6640
vn 0.0553 -0.7400 -0.6704
vn 0.5027 -0.6721 -0.5437
vn 0.2261 -0.6928 -0.6848
vn -0.0567 -0.7170 -0.6948
vn -0.3561 -0.7124 -0.6047
vn -0.5659 -0.7176 -0.4059
vn -0.6908 -0.7169 -0.0939
vn -0.5762 -0.7216 0.3838
vn -0.2745 -0.6954 0.6641
vn 0.0536 -0.6900 0.7218
vn 0.3889 -0.6964 0.6032
vn 0.5609 0.6743 0.4802
vn 0.6489 -0.7021 0.2933
vn 0.6959 0.6768 0.2402
vn 0.2753 0.7143 0.6434
vn -0.0551 0.7399 0.6704
vn -0.3458 0.7360 0.5820
vn -0.5947 0.7388 0.3172
vn -0.6907 0.7196 0.0720
vn -0.6351 0.7319 -0.2469
vn -0.3510 0.7281 -0.5888
vn 0.0665 0.7185 -0.6923
vn 0.4181 0.7155 -0.5597
vn -0.2571 -0.7357 -0.6266
vn -0.5212 -0.7140 -0.4675
vn 0.7122 -0.6895 -0.1319
vn 0.7065 0.6938 -0.1400
vn -0.0536 0.6900 -0.7218
vn -0.3931 0.6963 -0.6005
vn -0.6985 -0.7141 0.0474
vn -0.6981 0.7141 -0.0523
vn -0.6367 -0.7206 -0.2746
vn -0.6297 0.7238 0.2822
vn -0.5512 -0.7238 0.4152
vn -0.3698 0.7156 0.5926
vn -0.2724 -0.7156 0.6432
vn -0.0588 0.7166 0.6950
vn 0.0574 -0.7166 0.6951
vn 0.2855 0.7185 0.6342
vn 0.3967 -0.7185 0.5713
vn 0.5675 0.7170 0.4047
vn 0.6281 -0.7170 0.3021
vn 0.6928 0.7156 0.0891
vn 0.6982 -0.7156 -0.0209
vn 0.6378 0.7232 -0.2650
vn 0.5647 -0.7231 -0.3977
vn 0.3897 0.7158 -0.5795
vn 0.2928 -0.7158 -0.6340
vn 0.0700 0.7183 -0.6922
vn -0.0565 -0.7184 -0.6934
vn -0.2884 0.7174 -0.6341
vn -0.3896 -0.7158 0.5795
vn -0.6378 -0.7231 0.2651
vn -0.0698 -0.7183 0.6922
vn -0.3940 -0.7174 -0.5745
vn -0.5693 0.7206 -0.3958
vn 0.6367 0.7206 0.2746
vn 0.6984 0.7141 -0.0474
vn 0.3942 0.7175 0.5744
vn 0.0566 0.7183 0.6934
vn -0.2926 0.7158 0.6340
vn -0.5647 0.7231 0.3977
vn -0.6981 0.7157 0.0210
vn -0.6281 0.7171 -0.3021
vn -0.3966 0.7186 -0.5713
vn -0.0573 0.7166 -0.6951
vn 0.2724 0.7156 -0.6432
vn 0.5511 0.7238 -0.4152
vn 0.2885 -0.7175 0.6340
vn -0.6928 -0.7157 -0.0890
vn -0.5675 -0.7171 -0.4046
vn -0.2854 -0.7186 -0.6342
vn 0.0589 -0.7166 -0.6950
vn 0.3697 -0.7155 -0.5927
vn 0.6296 -0.7238 -0.2822
vn 0.6981 -0.7141 0.0523
vn 0.5694 -0.7206 0.3957
vt 0.437100 0.653700
vt 0.437100 0.727600
vt 0.697400 0.653700
vt 0.697400 0.727600
vt 0.474900 0.501400
vt 0.468900 0.501400
vt 0.479000 0.511300
vt 0.484200 0.506200
vt 0.488900 0.508200
vt 0.482200 0.501400
vt 0.474800 0.515600
vt 0.488900 0.515400
vt 0.493700 0.506200
vt 0.484200 0.496700
vt 0.479000 0.491600
vt 0.474800 0.487300
vt 0.488900 0.481400
vt 0.509000 0.501400
vt 0.503100 0.487300
vt 0.493700 0.496700
vt 0.488900 0.487500
vt 0.488900 0.494700
vt 0.498800 0.491600
vt 0.502900 0.501400
vt 0.503100 0.515600
vt 0.488900 0.521500
vt 0.498800 0.511300
vt 0.495600 0.501400
vt 0.443600 0.507700
vt 0.448300 0.505800
vt 0.438900 0.505800
vt 0.438900 0.496400
vt 0.437000 0.501100
vt 0.448300 0.496400
vt 0.450200 0.501100
vt 0.443600 0.494500
vt 0.433800 0.491300
vt 0.443600 0.487300
vt 0.453400 0.491300
vt 0.457400 0.501100
vt 0.453400 0.510900
vt 0.443600 0.514900
vt 0.433800 0.510900
vt 0.429800 0.501100
vt 0.429600 0.487100
vt 0.443600 0.481300
vt 0.457600 0.487100
vt 0.463400 0.501100
vt 0.457600 0.515100
vt 0.443600 0.520900
vt 0.429600 0.515100
vt 0.423800 0.501100
vt 0.138700 0.651900
vt 0.427000 0.651900
vt 0.138700 0.683200
vt 0.427000 0.683200
vt 0.138700 0.714500
vt 0.427000 0.714500
vt 0.138700 0.745900
vt 0.427000 0.745900
vt 0.138700 0.777200
vt 0.427000 0.777200
vt 0.138700 0.808500
vt 0.427000 0.808500
vt 0.138700 0.839900
vt 0.427000 0.839900
vt 0.138700 0.871200
vt 0.427000 0.871200
vt 0.138700 0.902500
vt 0.427000 0.902500
vt 0.138700 0.933800
vt 0.427000 0.933800
vt 0.138700 0.965200
vt 0.427000 0.965200
vt 0.104400 0.896300
vt 0.067100 0.908500
vt 0.127500 0.864500
vt 0.104400 0.793500
vt 0.127500 0.825200
vt 0.029700 0.793500
vt 0.067100 0.781300
vt 0.006600 0.864500
vt 0.029700 0.896300
vt 0.006600 0.825200
vt 0.729900 0.390000
vt 0.706600 0.388100
vt 0.731200 0.386700
vt 0.707900 0.384800
vt 0.707700 0.387400
vt 0.728800 0.389200
vt 0.709100 0.384100
vt 0.730100 0.385900
vt 0.060300 0.925700
vt 0.074000 0.915700
vt 0.094500 0.912500
vt 0.053900 0.952000
vt 0.060300 0.978200
vt 0.074000 0.988200
vt 0.094500 0.991400
vt 0.108300 0.991400
vt 0.108300 0.912500
vt 0.456300 0.992400
vt 0.456300 0.973500
vt 0.112300 0.992400
vt 0.112300 0.973500
vt 0.128900 0.973500
vt 0.112300 0.945400
vt 0.128900 0.945400
vt 0.112300 0.926700
vt 0.128900 0.926700
vt 0.112300 0.911700
vt 0.128900 0.911700
vt 0.439700 0.973500
vt 0.456300 0.945400
vt 0.439700 0.945400
vt 0.456300 0.926700
vt 0.439700 0.926700
vt 0.456300 0.916100
vt 0.439700 0.916100
vt 0.511800 0.940300
vt 0.495300 0.940300
vt 0.508600 0.927200
vt 0.474500 0.913900
vt 0.495000 0.917100
vt 0.460700 0.913900
vt 0.460700 0.992900
vt 0.474500 0.992900
vt 0.495000 0.989700
vt 0.495300 0.966500
vt 0.508600 0.979600
vt 0.511800 0.966500
vt 0.708400 0.383900
vt 0.708400 0.384300
vt 0.708500 0.383500
vt 0.708500 0.384400
vt 0.708600 0.383600
vt 0.708600 0.384000
vt 0.708400 0.384500
vt 0.708600 0.383400
vt 0.615600 0.569400
vt 0.602200 0.563400
vt 0.615700 0.569200
vt 0.627000 0.573800
vt 0.627000 0.574000
vt 0.632800 0.575200
vt 0.632800 0.575500
vt 0.636600 0.575600
vt 0.636600 0.575800
vt 0.644500 0.575500
vt 0.644500 0.575700
vt 0.657800 0.576200
vt 0.657700 0.576400
vt 0.658000 0.575800
vt 0.644400 0.575200
vt 0.636600 0.575300
vt 0.632900 0.574900
vt 0.627300 0.573400
vt 0.616100 0.568900
vt 0.602300 0.563200
vt 0.602600 0.562900
vt 0.598700 0.562200
vt 0.599100 0.561900
vt 0.594900 0.561800
vt 0.595100 0.561500
vt 0.590800 0.562000
vt 0.590600 0.561700
vt 0.670600 0.578000
vt 0.670500 0.578200
vt 0.670900 0.577700
vt 0.671200 0.577600
vt 0.658200 0.575700
vt 0.644400 0.575000
vt 0.636600 0.575200
vt 0.633000 0.574800
vt 0.627500 0.573300
vt 0.616500 0.568900
vt 0.602900 0.562800
vt 0.671100 0.577800
vt 0.658200 0.575900
vt 0.644400 0.575300
vt 0.636600 0.575400
vt 0.633000 0.575000
vt 0.627500 0.573600
vt 0.616500 0.569100
vt 0.602900 0.563000
vt 0.599300 0.561800
vt 0.599300 0.562000
vt 0.595200 0.561400
vt 0.595200 0.561600
vt 0.590400 0.561800
vt 0.595000 0.561900
vt 0.599000 0.562300
vt 0.602500 0.563300
vt 0.616000 0.569300
vt 0.627200 0.573900
vt 0.632900 0.575300
vt 0.636600 0.575700
vt 0.644400 0.575600
vt 0.657900 0.576300
vt 0.670800 0.578100
vt 0.680400 0.581200
vt 0.680800 0.581100
vt 0.691300 0.585800
vt 0.691600 0.585700
vt 0.681100 0.580900
vt 0.692000 0.585400
vt 0.681200 0.580700
vt 0.692000 0.585200
vt 0.680800 0.580700
vt 0.680500 0.581000
vt 0.691600 0.585300
vt 0.691300 0.585600
vt 0.602800 0.016100
vt 0.609000 0.020700
vt 0.710600 0.020300
vt 0.593800 0.028600
vt 0.584600 0.043100
vt 0.585500 0.025100
vt 0.736100 0.047900
vt 0.591900 0.075400
vt 0.583400 0.078200
vt 0.606300 0.084500
vt 0.701400 0.088200
vt 0.599800 0.088600
vt 0.574300 0.061000
vt 0.583900 0.060200
vt 0.575100 0.041500
vt 0.724900 0.083700
vt 0.735300 0.067300
vt 0.725800 0.065800
vt 0.726500 0.048700
vt 0.718500 0.033500
vt 0.716600 0.080300
vt 0.727000 0.030700
vt 0.704000 0.024400
vt 0.707600 0.092800
vt 0.788000 0.752200
vt 0.779700 0.743800
vt 0.779700 0.755600
vt 0.779700 0.885100
vt 0.788000 0.888500
vt 0.776200 0.888500
vt 0.779700 0.896800
vt 0.713900 0.888500
vt 0.710400 0.896800
vt 0.710400 0.885100
vt 0.702100 0.888500
vt 0.710400 0.755600
vt 0.702100 0.752200
vt 0.713900 0.752200
vt 0.710400 0.743800
vt 0.776200 0.752200
vt 0.707900 0.405200
vt 0.707900 0.410600
vt 0.687100 0.403400
vt 0.687100 0.408900
vt 0.408600 0.497900
vt 0.408600 0.610400
vt 0.375600 0.497900
vt 0.358300 0.593100
vt 0.358300 0.515200
vt 0.101000 0.515200
vt 0.358300 0.497900
vt 0.101000 0.497900
vt 0.358300 0.465000
vt 0.101000 0.465000
vt 0.375600 0.610400
vt 0.083700 0.497900
vt 0.050800 0.497900
vt 0.083700 0.610400
vt 0.050800 0.610400
vt 0.101000 0.593100
vt 0.101000 0.610400
vt 0.358300 0.610400
vt 0.358300 0.643300
vt 0.101000 0.643300
vt 0.692500 0.427400
vt 0.692500 0.413300
vt 0.687000 0.409800
vt 0.692200 0.428400
vt 0.691300 0.428800
vt 0.689800 0.428100
vt 0.688200 0.426800
vt 0.687300 0.425200
vt 0.687000 0.423800
vt 0.786300 0.208600
vt 0.765700 0.237100
vt 0.771400 0.219500
vt 0.819800 0.219500
vt 0.819800 0.254700
vt 0.825500 0.237100
vt 0.851800 0.237100
vt 0.841100 0.204000
vt 0.812900 0.183600
vt 0.804800 0.208600
vt 0.778200 0.183600
vt 0.750100 0.204000
vt 0.739300 0.237100
vt 0.750100 0.270100
vt 0.771400 0.254700
vt 0.778200 0.290600
vt 0.786300 0.265500
vt 0.804800 0.265500
vt 0.812900 0.290600
vt 0.841100 0.270100
vt 0.708200 0.384300
vt 0.708200 0.385200
vt 0.707000 0.384200
vt 0.707000 0.385100
vt 0.707500 0.384000
vt 0.708600 0.384100
vt 0.708600 0.383100
vt 0.707500 0.383100
vt 0.460000 0.400700
vt 0.333900 0.400700
vt 0.460000 0.368200
vt 0.333900 0.368200
vt 0.460000 0.177500
vt 0.333900 0.177500
vt 0.090900 0.023400
vt 0.090900 0.037100
vt 0.093300 0.023400
vt 0.093300 0.037100
vt 0.065600 0.020700
vt 0.095000 0.020700
vt 0.065600 0.051400
vt 0.095000 0.051400
vt 0.335200 0.455300
vt 0.338700 0.414100
vt 0.430100 0.455300
vt 0.426700 0.414100
vt 0.336800 0.453600
vt 0.340200 0.414600
vt 0.430400 0.453600
vt 0.427000 0.414600
vt 0.031700 0.274300
vt 0.031700 0.434400
vt 0.184400 0.274300
vt 0.184400 0.434400
vt 0.201500 0.452300
vt 0.014600 0.452300
vt 0.014600 0.256400
vt 0.201500 0.256400
vt 0.208500 0.459100
vt 0.007600 0.459100
vt 0.007600 0.249600
vt 0.208500 0.249600
vt 0.505500 0.009100
vt 0.505500 0.035600
vt 0.365900 0.009100
vt 0.365900 0.035600
vt 0.505500 0.172900
vt 0.357000 0.172900
vt 0.505500 0.137800
vt 0.357000 0.137800
vt 0.540600 0.137800
vt 0.532000 0.035600
vt 0.087000 0.026000
vt 0.088600 0.025300
vt 0.086300 0.027600
vt 0.091000 0.027600
vt 0.088600 0.029900
vt 0.090300 0.029300
vt 0.090300 0.026000
vt 0.087000 0.029300
vt 0.516300 0.547400
vt 0.520800 0.545500
vt 0.511900 0.545500
vt 0.511900 0.536600
vt 0.510000 0.541100
vt 0.520800 0.536600
vt 0.522700 0.541100
vt 0.516300 0.534800
vt 0.507000 0.531800
vt 0.516300 0.527900
vt 0.525700 0.531800
vt 0.529500 0.541100
vt 0.525700 0.550400
vt 0.516300 0.554300
vt 0.507000 0.550400
vt 0.503200 0.541100
vt 0.503000 0.527700
vt 0.516300 0.522200
vt 0.529700 0.527700
vt 0.535200 0.541100
vt 0.529700 0.554400
vt 0.516300 0.560000
vt 0.503000 0.554400
vt 0.497500 0.541100
vt 0.688600 0.387100
vt 0.692200 0.387000
vt 0.688600 0.387500
vt 0.692200 0.387400
vt 0.116800 0.774700
vt 0.101300 0.774700
vt 0.109100 0.777900
vt 0.116800 0.759200
vt 0.101300 0.759200
vt 0.109100 0.756000
vt 0.109100 0.746000
vt 0.123900 0.752100
vt 0.130000 0.767000
vt 0.120000 0.767000
vt 0.123900 0.781800
vt 0.109100 0.787900
vt 0.094200 0.781800
vt 0.088100 0.767000
vt 0.098100 0.767000
vt 0.094200 0.752100
vt 0.905500 0.968300
vt 0.906500 0.938300
vt 0.935600 0.969300
vt 0.936600 0.939300
vt 0.908300 0.887600
vt 0.938300 0.888600
vt 0.910000 0.832800
vt 0.940100 0.837900
vt 0.911000 0.806900
vt 0.941100 0.807900
vt 0.915600 0.793900
vt 0.915100 0.762800
vt 0.945200 0.793400
vt 0.944700 0.762300
vt 0.914400 0.716600
vt 0.943900 0.716200
vt 0.913600 0.670500
vt 0.943200 0.670000
vt 0.913100 0.639400
vt 0.942700 0.638900
vt 0.700700 0.411200
vt 0.699100 0.411900
vt 0.701300 0.410300
vt 0.691800 0.406200
vt 0.701300 0.407000
vt 0.691900 0.409500
vt 0.694200 0.411500
vt 0.696600 0.411900
vt 0.692500 0.410600
vt 0.447500 0.638100
vt 0.459600 0.633300
vt 0.468800 0.628900
vt 0.462200 0.631500
vt 0.442400 0.633700
vt 0.470400 0.625200
vt 0.449500 0.636800
vt 0.449200 0.633200
vt 0.439900 0.638000
vt 0.428500 0.640000
vt 0.448100 0.628900
vt 0.417700 0.635300
vt 0.429800 0.626600
vt 0.433300 0.629700
vt 0.450900 0.624700
vt 0.463800 0.625500
vt 0.470300 0.621200
vt 0.461300 0.628600
vt 0.461000 0.632600
vt 0.451300 0.620200
vt 0.430600 0.640400
vt 0.412800 0.638200
vt 0.588500 0.444900
vt 0.573000 0.457400
vt 0.594500 0.429800
vt 0.506000 0.378500
vt 0.594900 0.378500
vt 0.506100 0.374200
vt 0.505500 0.429800
vt 0.527000 0.457400
vt 0.550000 0.460400
vt 0.511500 0.444900
vt 0.708400 0.106200
vt 0.724900 0.096000
vt 0.555600 0.267200
vt 0.746000 0.095100
vt 0.767900 0.108000
vt 0.782000 0.129300
vt 0.782200 0.150400
vt 0.772900 0.167400
vt 0.620100 0.328400
vt 0.615700 0.333100
vt 0.551200 0.271800
vt 0.611100 0.337900
vt 0.546600 0.276700
vt 0.603500 0.344200
vt 0.540700 0.284600
vt 0.595100 0.370000
vt 0.506100 0.370000
vt 0.595000 0.374200
vt 0.697300 0.410600
vt 0.695700 0.410500
vt 0.698600 0.410200
vt 0.694400 0.409800
vt 0.693900 0.408900
vt 0.698600 0.408400
vt 0.699000 0.409300
vt 0.697300 0.407700
vt 0.695700 0.407600
vt 0.694400 0.408000
vt 0.213900 0.451000
vt 0.221100 0.337000
vt 0.221100 0.451600
vt 0.213900 0.214600
vt 0.305400 0.337000
vt 0.320000 0.205400
vt 0.320000 0.460200
vt 0.305400 0.459000
vt 0.288800 0.201400
vt 0.008100 0.201400
vt 0.287400 0.184500
vt 0.254400 0.184500
vt 0.018200 0.079400
vt 0.254400 0.087700
vt 0.279300 0.087700
vt 0.278700 0.079400
vt 0.586000 0.563800
vt 0.586500 0.563200
vt 0.585400 0.564000
vt 0.585500 0.564500
vt 0.586100 0.564300
vt 0.584900 0.564300
vt 0.598700 0.562400
vt 0.594900 0.562100
vt 0.590800 0.562200
vt 0.588400 0.562500
vt 0.588400 0.562300
vt 0.586600 0.563000
vt 0.586000 0.563600
vt 0.586100 0.564000
vt 0.584900 0.564100
vt 0.584800 0.563900
vt 0.586000 0.563200
vt 0.588200 0.562400
vt 0.590600 0.562100
vt 0.588200 0.562000
vt 0.586200 0.562700
vt 0.585400 0.563400
vt 0.585500 0.563900
vt 0.584800 0.563600
vt 0.585600 0.563000
vt 0.588000 0.562100
vt 0.590400 0.561600
vt 0.588000 0.561900
vt 0.585700 0.562700
vt 0.689500 0.560600
vt 0.687300 0.561900
vt 0.691100 0.560900
vt 0.690800 0.558800
vt 0.689200 0.558700
vt 0.692400 0.558600
vt 0.682300 0.562900
vt 0.683000 0.563100
vt 0.688500 0.562000
vt 0.691100 0.560200
vt 0.690800 0.558500
vt 0.692700 0.560500
vt 0.688500 0.562700
vt 0.683000 0.563800
vt 0.676100 0.562200
vt 0.675800 0.563200
vt 0.683600 0.564100
vt 0.675500 0.563500
vt 0.689700 0.562800
vt 0.663300 0.566400
vt 0.657800 0.564000
vt 0.662400 0.565400
vt 0.655900 0.564500
vt 0.661400 0.566700
vt 0.654900 0.563900
vt 0.660400 0.566000
vt 0.656800 0.563300
vt 0.657900 0.562700
vt 0.656100 0.563000
vt 0.659300 0.562300
vt 0.658600 0.561300
vt 0.663100 0.561100
vt 0.663400 0.560800
vt 0.675800 0.562500
vt 0.662800 0.562200
vt 0.660600 0.562100
vt 0.656800 0.561700
vt 0.655100 0.562000
vt 0.659900 0.561000
vt 0.663100 0.561900
vt 0.586200 0.647100
vt 0.549500 0.647100
vt 0.586200 0.641800
vt 0.549500 0.645500
vt 0.586200 0.645500
vt 0.549500 0.614200
vt 0.586200 0.614200
vt 0.549500 0.610600
vt 0.586200 0.610600
vt 0.549500 0.605000
vt 0.586200 0.605000
vt 0.549500 0.595300
vt 0.586200 0.595300
vt 0.549500 0.593700
vt 0.586200 0.593700
vt 0.549500 0.594100
vt 0.586200 0.594100
vt 0.549500 0.615100
vt 0.586200 0.615100
vt 0.549500 0.617400
vt 0.586200 0.617400
vt 0.549500 0.628100
vt 0.549500 0.627800
vt 0.549500 0.640700
vt 0.549500 0.618000
vt 0.549500 0.616400
vt 0.549500 0.595600
vt 0.549500 0.596900
vt 0.549500 0.606100
vt 0.549500 0.613100
vt 0.586200 0.606100
vt 0.586200 0.596900
vt 0.586200 0.595600
vt 0.586200 0.616400
vt 0.586200 0.618000
vt 0.586200 0.627800
vt 0.586200 0.640700
vt 0.586200 0.645100
vt 0.586200 0.628100
vt 0.549500 0.641800
vt 0.549500 0.645100
vt 0.586200 0.643900
vt 0.549500 0.643900
vt 0.586200 0.613100
vt 0.437100 0.741700
vt 0.697400 0.741700
vt 0.437100 0.750500
vt 0.697400 0.750500
vt 0.697400 0.896200
vt 0.437100 0.896200
vt 0.437100 0.905000
vt 0.697400 0.905000
vt 0.697400 0.903400
vt 0.437100 0.903400
vt 0.697400 0.894600
vt 0.437100 0.894600
vt 0.697400 0.748900
vt 0.437100 0.748900
vt 0.697400 0.740000
vt 0.437100 0.740000
vt 0.622900 0.609400
vt 0.622500 0.644500
vt 0.591900 0.609400
vt 0.591800 0.607600
vt 0.622900 0.607600
vt 0.591800 0.606500
vt 0.622900 0.606500
vt 0.591800 0.605700
vt 0.622900 0.605700
vt 0.591600 0.601900
vt 0.591600 0.596100
vt 0.591800 0.601800
vt 0.591600 0.608300
vt 0.591800 0.607900
vt 0.591800 0.606200
vt 0.591800 0.605400
vt 0.591800 0.604700
vt 0.622900 0.604700
vt 0.622900 0.605400
vt 0.622900 0.606200
vt 0.622900 0.607900
vt 0.622900 0.595600
vt 0.622800 0.592500
vt 0.622600 0.596100
vt 0.622700 0.601900
vt 0.622700 0.608300
vt 0.592000 0.643900
vt 0.592000 0.644500
vt 0.592000 0.644600
vt 0.622500 0.644600
vt 0.622500 0.631200
vt 0.622500 0.630600
vt 0.622500 0.623300
vt 0.592000 0.626400
vt 0.592000 0.623600
vt 0.591900 0.623300
vt 0.591900 0.606200
vt 0.622500 0.603100
vt 0.622800 0.593600
vt 0.622500 0.643900
vt 0.592000 0.644000
vt 0.592000 0.634300
vt 0.622500 0.623600
vt 0.622500 0.620500
vt 0.592000 0.606800
vt 0.591800 0.593600
vt 0.622600 0.593300
vt 0.622500 0.644000
vt 0.592000 0.633700
vt 0.592000 0.626700
vt 0.622500 0.620200
vt 0.622500 0.603700
vt 0.591600 0.594400
vt 0.591800 0.592600
vt 0.622600 0.594300
vt 0.591600 0.593400
vt 0.591800 0.595600
vt 0.622900 0.601800
vt 0.780400 0.659400
vt 0.784700 0.632000
vt 0.756900 0.658600
vt 0.761300 0.631300
vt 0.785000 0.540900
vt 0.761600 0.540200
vt 0.770300 0.514500
vt 0.787500 0.533800
vt 0.793300 0.529400
vt 0.793300 0.503600
vt 0.842700 0.504100
vt 0.842700 0.529800
vt 0.860500 0.532800
vt 0.866700 0.507800
vt 0.870100 0.538400
vt 0.891000 0.525000
vt 0.873300 0.552000
vt 0.897400 0.551400
vt 0.897400 0.939000
vt 0.873300 0.939600
vt 0.876400 0.972900
vt 0.900500 0.972300
vt 0.994000 0.394800
vt 0.984400 0.388500
vt 0.995100 0.256700
vt 0.985400 0.250400
vt 0.960900 0.385800
vt 0.962000 0.247700
vt 0.816400 0.301500
vt 0.917000 0.399000
vt 0.900300 0.416300
vt 0.799700 0.318800
vt 0.883800 0.437000
vt 0.783200 0.339500
vt 0.880100 0.447900
vt 0.779500 0.350400
vt 0.710900 0.638000
vt 0.706000 0.607600
vt 0.737000 0.637300
vt 0.732000 0.606800
vt 0.706300 0.506100
vt 0.732400 0.505400
vt 0.716100 0.476900
vt 0.735200 0.497300
vt 0.739900 0.493600
vt 0.741600 0.463300
vt 0.929300 0.491200
vt 0.929300 0.462500
vt 0.956100 0.468000
vt 0.949200 0.495600
vt 0.983300 0.488500
vt 0.959900 0.502300
vt 0.990500 0.518300
vt 0.963500 0.517700
vt 0.990500 0.950500
vt 0.963500 0.949900
vt 0.987200 0.987600
vt 0.960200 0.987000
vt 0.629200 0.613500
vt 0.693000 0.613500
vt 0.629200 0.615800
vt 0.693000 0.592400
vt 0.629200 0.592400
vt 0.693000 0.592000
vt 0.629200 0.592000
vt 0.693000 0.593600
vt 0.629200 0.593600
vt 0.693000 0.603300
vt 0.629200 0.603300
vt 0.693000 0.608900
vt 0.629200 0.608900
vt 0.693000 0.612500
vt 0.629200 0.612500
vt 0.693000 0.643900
vt 0.629200 0.643900
vt 0.693000 0.645500
vt 0.629200 0.645500
vt 0.693000 0.640200
vt 0.629200 0.640200
vt 0.693000 0.626500
vt 0.629200 0.643500
vt 0.629200 0.642300
vt 0.629200 0.639100
vt 0.629200 0.626500
vt 0.693000 0.615800
vt 0.693000 0.604400
vt 0.693000 0.611400
vt 0.693000 0.642300
vt 0.693000 0.643500
vt 0.693000 0.639100
vt 0.693000 0.626100
vt 0.693000 0.616300
vt 0.693000 0.614700
vt 0.629200 0.626100
vt 0.629200 0.616300
vt 0.629200 0.614700
vt 0.629200 0.593900
vt 0.693000 0.593900
vt 0.629200 0.595200
vt 0.693000 0.595200
vt 0.629200 0.604400
vt 0.629200 0.611400
vt 0.612200 0.550200
vt 0.608300 0.550300
vt 0.612100 0.549300
vt 0.624500 0.548000
vt 0.623800 0.547900
vt 0.639900 0.544700
vt 0.640400 0.545500
vt 0.653100 0.541500
vt 0.654000 0.541500
vt 0.663700 0.539400
vt 0.663500 0.538600
vt 0.671600 0.538000
vt 0.671600 0.537800
vt 0.678100 0.538400
vt 0.677900 0.539300
vt 0.686800 0.541700
vt 0.686200 0.541900
vt 0.608200 0.550200
vt 0.608200 0.549500
vt 0.612000 0.549200
vt 0.624500 0.548700
vt 0.640900 0.545600
vt 0.653100 0.540800
vt 0.663300 0.538500
vt 0.671600 0.538700
vt 0.677600 0.539400
vt 0.686800 0.541300
vt 0.608100 0.549300
vt 0.612100 0.550100
vt 0.625200 0.548800
vt 0.640400 0.544800
vt 0.652200 0.540900
vt 0.663500 0.539300
vt 0.671600 0.538800
vt 0.677900 0.538500
vt 0.687400 0.541100
vt 0.544200 0.602100
vt 0.544200 0.602900
vt 0.544200 0.601300
vt 0.523500 0.601300
vt 0.523500 0.602100
vt 0.523500 0.602300
vt 0.523500 0.614500
vt 0.544300 0.614500
vt 0.544300 0.616000
vt 0.544300 0.628000
vt 0.523600 0.628000
vt 0.523600 0.642400
vt 0.523600 0.641700
vt 0.523600 0.645000
vt 0.544300 0.645000
vt 0.544300 0.645200
vt 0.544300 0.646200
vt 0.544300 0.643100
vt 0.523500 0.643100
vt 0.523500 0.613900
vt 0.523600 0.616000
vt 0.544300 0.627600
vt 0.544300 0.642400
vt 0.523600 0.645900
vt 0.523600 0.645200
vt 0.544300 0.637800
vt 0.523500 0.637800
vt 0.523500 0.630500
vt 0.523500 0.630000
vt 0.523600 0.627600
vt 0.544300 0.641700
vt 0.544300 0.645900
vt 0.523600 0.646200
vt 0.523500 0.642400
vt 0.544300 0.637300
vt 0.544200 0.630500
vt 0.523500 0.626200
vt 0.523500 0.626000
vt 0.523500 0.621500
vt 0.544200 0.621500
vt 0.523500 0.637300
vt 0.544200 0.630000
vt 0.544200 0.626200
vt 0.523500 0.621300
vt 0.523500 0.617500
vt 0.544200 0.617500
vt 0.544200 0.616800
vt 0.544200 0.625900
vt 0.544200 0.621300
vt 0.523500 0.616900
vt 0.523500 0.602900
vt 0.544200 0.602200
vt 0.544300 0.613900
vt 0.511500 0.616800
vt 0.495100 0.617400
vt 0.511000 0.623600
vt 0.500400 0.601400
vt 0.516800 0.601800
vt 0.501100 0.602000
vt 0.517600 0.602200
vt 0.501100 0.605600
vt 0.517600 0.605500
vt 0.501100 0.611600
vt 0.517600 0.611300
vt 0.500400 0.618100
vt 0.516800 0.617600
vt 0.495100 0.642000
vt 0.511500 0.641400
vt 0.494400 0.646000
vt 0.510900 0.645400
vt 0.494300 0.644800
vt 0.510800 0.644300
vt 0.494400 0.640000
vt 0.500400 0.600500
vt 0.501100 0.601200
vt 0.501100 0.605000
vt 0.501100 0.611500
vt 0.500400 0.618400
vt 0.495100 0.642600
vt 0.494400 0.646800
vt 0.494300 0.645600
vt 0.494400 0.640600
vt 0.494300 0.632600
vt 0.510900 0.623400
vt 0.494400 0.624000
vt 0.511500 0.616300
vt 0.510800 0.632000
vt 0.510900 0.640000
vt 0.510800 0.645000
vt 0.510900 0.646200
vt 0.511500 0.642000
vt 0.516800 0.617800
vt 0.517600 0.611200
vt 0.517600 0.605000
vt 0.517600 0.601500
vt 0.494300 0.632400
vt 0.494400 0.624200
vt 0.495100 0.616800
vt 0.516800 0.601000
vt 0.510800 0.639400
vt 0.510800 0.631800
vt 0.484300 0.641200
vt 0.500700 0.641200
vt 0.484200 0.617900
vt 0.500700 0.645700
vt 0.484300 0.645700
vt 0.500700 0.644800
vt 0.484300 0.644800
vt 0.500700 0.640000
vt 0.484300 0.640000
vt 0.500700 0.632100
vt 0.484300 0.632200
vt 0.500700 0.623500
vt 0.484300 0.623500
vt 0.500700 0.616200
vt 0.484300 0.616200
vt 0.500700 0.601000
vt 0.484200 0.601100
vt 0.500700 0.601500
vt 0.484200 0.601500
vt 0.500700 0.605000
vt 0.484200 0.605000
vt 0.500700 0.611200
vt 0.484200 0.602300
vt 0.484200 0.601900
vt 0.484200 0.605600
vt 0.484200 0.611200
vt 0.500700 0.617900
vt 0.500700 0.617600
vt 0.500700 0.640600
vt 0.500700 0.611400
vt 0.500700 0.605600
vt 0.500700 0.602300
vt 0.500700 0.601800
vt 0.500700 0.616800
vt 0.500700 0.623700
vt 0.500700 0.631900
vt 0.500700 0.639400
vt 0.500700 0.644000
vt 0.500700 0.644900
vt 0.484200 0.611400
vt 0.484300 0.616800
vt 0.484300 0.623700
vt 0.484300 0.632000
vt 0.484300 0.639400
vt 0.484300 0.644000
vt 0.484300 0.644900
vt 0.484300 0.640600
vt 0.484200 0.617600
s 1
usemtl toolgun2
f 912/808/797 913/809/798 914/810/799
f 915/811/800 914/810/799 913/809/798
f 916/812/801 917/813/802 918/814/803
f 918/814/803 919/815/804 916/812/801
f 919/815/804 918/814/803 920/816/805
f 921/817/806 916/812/801 919/815/804
f 922/818/807 918/814/803 917/813/802
f 918/814/803 922/818/807 923/819/808
f 923/819/808 920/816/805 918/814/803
f 920/816/805 924/820/809 919/815/804
f 920/816/805 923/819/808 924/820/809
f 919/815/804 925/821/810 921/817/806
f 924/820/809 925/821/810 919/815/804
f 925/821/810 926/822/811 921/817/806
f 916/812/801 921/817/806 926/822/811
f 917/813/802 916/812/801 927/823/812
f 926/822/811 927/823/812 916/812/801
f 927/823/812 928/823/813 917/813/802
f 929/813/814 917/813/802 928/823/813
f 917/813/802 929/813/814 922/818/807
f 928/823/813 927/823/812 930/824/815
f 930/824/815 929/813/814 928/823/813
f 931/825/816 929/813/814 930/824/815
f 932/826/817 931/825/816 930/824/815
f 932/826/817 933/826/818 931/825/816
f 934/824/819 930/824/815 927/823/812
f 930/824/815 934/824/819 932/826/817
f 933/826/818 932/826/817 934/824/819
f 927/823/812 926/822/811 934/824/819
f 935/827/820 925/821/810 924/820/809
f 936/828/821 934/824/819 926/822/811
f 926/822/811 925/821/810 936/828/821
f 934/824/819 936/828/821 933/826/818
f 937/829/822 925/821/810 935/827/820
f 937/829/822 936/828/821 925/821/810
f 935/827/820 938/830/823 937/829/822
f 938/830/823 933/826/818 936/828/821
f 936/828/821 937/829/822 938/830/823
f 938/830/823 935/827/820 939/831/824
f 933/826/818 938/830/823 940/825/825
f 940/825/825 931/825/816 933/826/818
f 939/831/824 940/825/825 938/830/823
f 940/825/825 939/831/824 941/832/826
f 941/832/826 942/832/827 940/825/825
f 931/825/816 940/825/825 942/832/827
f 943/833/828 929/813/814 931/825/816
f 942/832/827 941/832/826 943/833/828
f 942/832/827 943/833/828 931/825/816
f 944/818/829 922/818/807 929/813/814
f 944/818/829 929/813/814 943/833/828
f 922/818/807 944/818/829 945/833/830
f 945/833/830 923/819/808 922/818/807
f 945/833/830 943/833/828 941/832/826
f 943/833/828 945/833/830 944/818/829
f 946/834/831 924/820/809 923/819/808
f 923/819/808 945/833/830 946/834/831
f 941/832/826 946/834/831 945/833/830
f 946/834/831 941/832/826 939/831/824
f 947/835/832 939/831/824 935/827/820
f 924/820/809 946/834/831 947/835/832
f 947/835/832 935/827/820 924/820/809
f 939/831/824 947/835/832 946/834/831
f 948/836/805 949/837/809 950/838/804
f 949/837/809 951/839/833 950/838/804
f 950/838/804 951/839/833 952/840/806
f 953/841/820 951/839/833 949/837/809
f 954/842/832 953/841/820 949/837/809
f 955/843/822 951/839/833 953/841/820
f 951/839/833 956/844/811 952/840/806
f 955/843/822 957/845/834 951/839/833
f 956/844/811 951/839/833 957/845/834
f 953/841/820 958/846/823 955/843/822
f 957/845/834 955/843/822 958/846/823
f 954/842/832 959/847/824 953/841/820
f 958/846/823 953/841/820 959/847/824
f 959/847/824 954/842/832 960/848/831
f 949/837/809 960/848/831 954/842/832
f 948/836/805 961/849/808 949/837/809
f 960/848/831 949/837/809 961/849/808
f 950/838/804 962/850/803 948/836/805
f 961/849/808 948/836/805 962/850/803
f 962/850/803 950/838/804 963/851/835
f 952/840/806 963/851/835 950/838/804
f 963/851/835 952/840/806 956/844/811
f 956/844/811 964/852/812 963/851/835
f 957/845/834 965/853/819 956/844/811
f 964/852/812 956/844/811 965/853/819
f 958/846/823 966/854/836 957/845/834
f 965/853/819 957/845/834 966/854/836
f 966/854/836 967/854/837 965/853/819
f 968/853/815 965/853/819 967/854/837
f 965/853/819 968/853/815 964/852/812
f 967/854/837 966/854/836 969/855/816
f 967/854/837 969/855/816 968/853/815
f 970/855/838 969/855/816 966/854/836
f 966/854/836 958/846/823 970/855/838
f 959/847/824 970/855/838 958/846/823
f 960/848/831 971/856/826 959/847/824
f 970/855/838 959/847/824 971/856/826
f 961/849/808 972/857/830 960/848/831
f 971/856/826 960/848/831 972/857/830
f 972/857/830 961/849/808 973/858/807
f 962/850/803 973/858/807 961/849/808
f 963/851/835 974/859/802 962/850/803
f 974/859/802 963/851/835 964/852/812
f 973/858/807 962/850/803 974/859/802
f 964/852/812 975/852/813 974/859/802
f 975/852/813 964/852/812 968/853/815
f 976/859/814 974/859/802 975/852/813
f 974/859/802 976/859/814 973/858/807
f 968/853/815 976/859/814 975/852/813
f 969/855/816 976/859/814 968/853/815
f 977/858/839 973/858/807 976/859/814
f 973/858/807 977/858/839 972/857/830
f 977/858/839 976/859/814 978/857/828
f 978/857/828 972/857/830 977/858/839
f 972/857/830 978/857/828 971/856/826
f 978/857/828 976/859/814 969/855/816
f 979/856/840 971/856/826 978/857/828
f 971/856/826 979/856/840 970/855/838
f 969/855/816 970/855/838 979/856/840
f 979/856/840 978/857/828 969/855/816
f 980/860/841 981/861/842 982/862/843
f 983/863/844 982/862/843 981/861/842
f 982/862/843 983/863/844 984/864/845
f 985/865/846 984/864/845 983/863/844
f 984/864/845 985/865/846 986/866/847
f 987/867/848 986/866/847 985/865/846
f 986/866/847 987/867/848 988/868/849
f 989/869/850 988/868/849 987/867/848
f 988/868/849 989/869/850 990/870/851
f 991/871/852 990/870/851 989/869/850
f 990/870/851 991/871/852 992/872/853
f 993/873/854 992/872/853 991/871/852
f 992/872/853 993/873/854 994/874/855
f 995/875/856 994/874/855 993/873/854
f 994/874/855 995/875/856 996/876/857
f 997/877/858 996/876/857 995/875/856
f 996/876/857 997/877/858 998/878/859
f 999/879/860 998/878/859 997/877/858
f 998/878/859 999/879/860 1000/880/861
f 1001/881/862 1000/880/861 999/879/860
f 1002/882/863 1003/883/864 1004/884/865
f 1004/884/865 1003/883/864 1005/885/866
f 1006/886/867 1004/884/865 1005/885/866
f 1005/885/866 1003/883/864 1007/887/868
f 1008/888/869 1005/885/866 1007/887/868
f 1007/887/868 1003/883/864 1009/889/870
f 1009/889/870 1003/883/864 1010/890/871
f 1011/891/872 1007/887/868 1009/889/870
f 1012/889/873 1013/890/844 1014/891/874
f 1014/891/874 1013/890/844 1015/888/875
f 1016/887/876 1014/891/874 1015/888/875
f 1015/888/875 1013/890/844 1017/886/877
f 1018/885/878 1015/888/875 1017/886/877
f 1017/886/877 1013/890/844 1019/882/879
f 1019/882/879 1013/890/844 1020/883/880
f 1021/884/881 1017/886/877 1019/882/879
f 1022/892/882 1023/893/883 1024/894/884
f 1025/895/885 1024/894/884 1023/893/883
f 1026/896/886 1027/897/887 1028/898/888
f 1029/899/889 1028/898/888 1027/897/887
f 1030/900/890 1031/901/891 1032/902/892
f 1033/903/893 1030/900/890 1032/902/892
f 1034/904/894 1033/903/893 1032/902/892
f 1035/905/895 1034/904/894 1032/902/892
f 1036/906/887 1035/905/895 1032/902/892
f 1037/904/896 1038/905/897 1039/906/898
f 1040/903/899 1037/904/896 1039/906/898
f 1041/900/900 1040/903/899 1039/906/898
f 1042/901/901 1041/900/900 1039/906/898
f 1043/902/902 1042/901/901 1039/906/898
f 1039/906/898 1044/907/882 1043/902/902
f 1045/908/903 1043/902/902 1044/907/882
f 1046/909/904 1047/910/905 1048/911/903
f 1049/911/906 1050/912/907 1051/909/908
f 1050/912/907 1052/913/909 1051/909/908
f 1050/912/907 1053/914/910 1052/913/909
f 1054/915/911 1052/913/909 1053/914/910
f 1053/914/910 1055/916/912 1054/915/911
f 1056/917/894 1054/915/911 1055/916/912
f 1055/916/912 1057/918/899 1056/917/894
f 1058/919/893 1056/917/894 1057/918/899
f 1057/918/899 1059/916/900 1058/919/893
f 1060/917/913 1058/919/893 1059/916/900
f 1059/916/900 1061/914/914 1060/917/913
f 1062/915/915 1060/917/913 1061/914/914
f 1061/914/914 1063/912/916 1062/915/915
f 1064/913/892 1063/912/916 1048/911/903
f 1064/913/892 1062/915/915 1063/912/916
f 1047/910/905 1065/920/888 1048/911/903
f 1065/920/888 1064/913/892 1048/911/903
f 1047/910/905 1066/921/917 1065/920/888
f 1067/922/918 1065/920/888 1066/921/917
f 1066/921/917 1068/923/890 1067/922/918
f 1069/924/919 1067/922/918 1068/923/890
f 1068/923/890 1070/925/920 1069/924/919
f 1071/926/921 1069/924/919 1070/925/920
f 1072/927/922 1073/928/923 1074/929/924
f 1074/929/924 1073/928/923 1075/930/925
f 1076/931/926 1074/929/924 1075/930/925
f 1077/932/927 1075/930/925 1078/933/885
f 1079/934/905 1078/933/885 1075/930/925
f 1073/928/923 1080/935/928 1075/930/925
f 1080/935/928 1079/934/905 1075/930/925
f 1081/936/929 1080/935/928 1073/928/923
f 1082/937/890 1080/935/928 1081/936/929
f 1083/938/930 1082/937/890 1081/936/929
f 1084/939/931 1085/940/932 1086/941/933
f 1085/940/932 1087/942/934 1086/941/933
f 1086/941/933 1087/942/934 1088/943/935
f 1088/943/935 1087/942/934 1089/944/936
f 1090/945/937 1087/942/934 1085/940/932
f 1091/946/938 1086/941/933 1088/943/935
f 1092/947/939 1093/948/940 1094/949/941
f 1094/949/941 1095/950/942 1092/947/939
f 1096/951/943 1092/947/939 1095/950/942
f 1095/950/942 1097/952/944 1096/951/943
f 1098/953/945 1096/951/943 1097/952/944
f 1097/952/944 1099/954/946 1098/953/945
f 1100/955/947 1098/953/945 1099/954/946
f 1099/954/946 1101/956/948 1100/955/947
f 1102/957/949 1100/955/947 1101/956/948
f 1101/956/948 1103/958/950 1102/957/949
f 1104/959/951 1102/957/949 1103/958/950
f 1103/958/950 1101/956/948 1105/960/952
f 1106/961/953 1105/960/952 1101/956/948
f 1101/956/948 1099/954/946 1106/961/953
f 1099/954/946 1097/952/944 1107/962/954
f 1107/962/954 1106/961/953 1099/954/946
f 1097/952/944 1095/950/942 1108/963/955
f 1108/963/955 1107/962/954 1097/952/944
f 1095/950/942 1094/949/941 1109/964/956
f 1109/964/956 1108/963/955 1095/950/942
f 1110/965/957 1109/964/956 1094/949/941
f 1094/949/941 1111/966/958 1110/965/957
f 1111/966/958 1094/949/941 1093/948/940
f 1112/967/959 1110/965/957 1111/966/958
f 1111/966/958 1113/968/960 1112/967/959
f 1114/969/961 1112/967/959 1113/968/960
f 1113/968/960 1115/970/962 1114/969/961
f 1116/971/963 1114/969/961 1115/970/962
f 1115/970/962 1117/972/964 1116/971/963
f 1118/973/965 1116/971/963 1117/972/964
f 1103/958/950 1119/974/966 1104/959/951
f 1120/975/967 1104/959/951 1119/974/966
f 1105/960/952 1121/976/968 1103/958/950
f 1119/974/966 1103/958/950 1121/976/968
f 1121/976/968 1105/960/952 1122/977/969
f 1105/960/952 1106/961/953 1123/978/970
f 1123/978/970 1122/977/969 1105/960/952
f 1106/961/953 1107/962/954 1124/979/971
f 1124/979/971 1123/978/970 1106/961/953
f 1125/980/972 1124/979/971 1107/962/954
f 1107/962/954 1108/963/955 1125/980/972
f 1108/963/955 1109/964/956 1126/981/973
f 1126/981/973 1125/980/972 1108/963/955
f 1127/982/974 1126/981/973 1109/964/956
f 1109/964/956 1110/965/957 1127/982/974
f 1110/965/957 1112/967/959 1128/983/975
f 1128/983/975 1127/982/974 1110/965/957
f 1129/984/976 1128/983/975 1112/967/959
f 1112/967/959 1114/969/961 1129/984/976
f 1122/977/969 1123/978/970 1130/985/977
f 1131/986/978 1130/985/977 1123/978/970
f 1123/978/970 1124/979/971 1131/986/978
f 1124/979/971 1125/980/972 1132/987/979
f 1132/987/979 1131/986/978 1124/979/971
f 1133/988/980 1132/987/979 1125/980/972
f 1125/980/972 1126/981/973 1133/988/980
f 1126/981/973 1127/982/974 1134/989/981
f 1134/989/981 1133/988/980 1126/981/973
f 1127/982/974 1128/983/975 1135/990/982
f 1135/990/982 1134/989/981 1127/982/974
f 1128/983/975 1129/984/976 1136/991/983
f 1136/991/983 1135/990/982 1128/983/975
f 1137/992/984 1136/991/983 1129/984/976
f 1129/984/976 1138/993/985 1137/992/984
f 1114/969/961 1116/971/963 1138/993/985
f 1138/993/985 1129/984/976 1114/969/961
f 1139/994/986 1137/992/984 1138/993/985
f 1138/993/985 1140/995/987 1139/994/986
f 1140/995/987 1138/993/985 1116/971/963
f 1116/971/963 1118/973/965 1140/995/987
f 1141/996/988 1139/994/986 1140/995/987
f 1141/996/988 1142/997/989 1143/998/990
f 1143/998/990 1144/999/991 1141/996/988
f 1139/994/986 1141/996/988 1144/999/991
f 1093/948/940 1092/947/939 1145/1000/992
f 1145/1000/992 1144/999/991 1093/948/940
f 1144/999/991 1145/1000/992 1139/994/986
f 1137/992/984 1139/994/986 1145/1000/992
f 1136/991/983 1137/992/984 1146/1001/993
f 1145/1000/992 1146/1001/993 1137/992/984
f 1146/1001/993 1145/1000/992 1092/947/939
f 1092/947/939 1096/951/943 1146/1001/993
f 1135/990/982 1136/991/983 1147/1002/994
f 1096/951/943 1098/953/945 1147/1002/994
f 1147/1002/994 1146/1001/993 1096/951/943
f 1146/1001/993 1147/1002/994 1136/991/983
f 1098/953/945 1100/955/947 1148/1003/995
f 1147/1002/994 1148/1003/995 1135/990/982
f 1148/1003/995 1147/1002/994 1098/953/945
f 1134/989/981 1135/990/982 1148/1003/995
f 1133/988/980 1134/989/981 1149/1004/996
f 1148/1003/995 1149/1004/996 1134/989/981
f 1149/1004/996 1148/1003/995 1100/955/947
f 1100/955/947 1102/957/949 1149/1004/996
f 1102/957/949 1104/959/951 1150/1005/997
f 1150/1005/997 1149/1004/996 1102/957/949
f 1149/1004/996 1150/1005/997 1133/988/980
f 1132/987/979 1133/988/980 1150/1005/997
f 1150/1005/997 1151/1006/998 1132/987/979
f 1104/959/951 1120/975/967 1151/1006/998
f 1151/1006/998 1150/1005/997 1104/959/951
f 1131/986/978 1132/987/979 1151/1006/998
f 1130/985/977 1131/986/978 1152/1007/999
f 1152/1007/999 1151/1006/998 1120/975/967
f 1151/1006/998 1152/1007/999 1131/986/978
f 1120/975/967 1153/1008/1000 1152/1007/999
f 1154/1009/1001 1152/1007/999 1153/1008/1000
f 1152/1007/999 1154/1009/1001 1130/985/977
f 1153/1008/1000 1155/1010/1002 1154/1009/1001
f 1156/1011/1003 1154/1009/1001 1155/1010/1002
f 1130/985/977 1157/1012/1004 1122/977/969
f 1154/1009/1001 1156/1011/1003 1157/1012/1004
f 1157/1012/1004 1130/985/977 1154/1009/1001
f 1158/1013/1005 1157/1012/1004 1156/1011/1003
f 1122/977/969 1159/1014/1006 1121/976/968
f 1157/1012/1004 1158/1013/1005 1159/1014/1006
f 1159/1014/1006 1122/977/969 1157/1012/1004
f 1160/1015/1007 1159/1014/1006 1158/1013/1005
f 1159/1014/1006 1160/1015/1007 1161/1016/1008
f 1161/1016/1008 1121/976/968 1159/1014/1006
f 1121/976/968 1161/1016/1008 1119/974/966
f 1153/1008/1000 1120/975/967 1162/1017/1009
f 1162/1017/1009 1119/974/966 1161/1016/1008
f 1119/974/966 1162/1017/1009 1120/975/967
f 1163/1018/1010 1161/1016/1008 1160/1015/1007
f 1161/1016/1008 1163/1018/1010 1162/1017/1009
f 1164/1019/1011 1162/1017/1009 1163/1018/1010
f 1162/1017/1009 1164/1019/1011 1153/1008/1000
f 1155/1010/1002 1153/1008/1000 1164/1019/1011
f 1165/1020/1012 1166/1021/1013 1167/1022/1014
f 1166/1021/1013 1165/1020/1012 1168/1023/1015
f 1168/1023/1015 1169/1024/1016 1166/1021/1013
f 1170/1025/1017 1168/1023/1015 1165/1020/1012
f 1165/1020/1012 1167/1022/1014 1170/1025/1017
f 1168/1023/1015 1170/1025/1017 1169/1024/1016
f 1167/1022/1014 1171/1026/1018 1170/1025/1017
f 1169/1024/1016 1172/1027/1019 1166/1021/1013
f 1172/1027/1019 1173/1028/1020 1174/1029/1021
f 1175/1030/1022 1172/1027/1019 1174/1029/1021
f 1174/1029/1021 1176/1031/1023 1175/1030/1022
f 1176/1031/1023 1174/1029/1021 1173/1028/1020
f 1171/1026/1018 1176/1031/1023 1170/1025/1017
f 1177/1032/1024 1176/1031/1023 1173/1028/1020
f 1173/1028/1020 1172/1027/1019 1177/1032/1024
f 1170/1025/1017 1176/1031/1023 1177/1032/1024
f 1178/1033/1025 1172/1027/1019 1169/1024/1016
f 1178/1033/1025 1177/1032/1024 1172/1027/1019
f 1179/1034/1026 1170/1025/1017 1177/1032/1024
f 1177/1032/1024 1178/1033/1025 1179/1034/1026
f 1179/1034/1026 1169/1024/1016 1170/1025/1017
f 1169/1024/1016 1179/1034/1026 1178/1033/1025
f 1180/1035/1027 1176/1031/1023 1171/1026/1018
f 1181/1036/1028 1180/1035/1027 1171/1026/1018
f 1181/1036/1028 1182/1037/1029 1180/1035/1027
f 1182/1037/1029 1172/1027/1019 1175/1030/1022
f 1166/1021/1013 1172/1027/1019 1182/1037/1029
f 1182/1037/1029 1181/1036/1028 1183/1038/1030
f 1171/1026/1018 1183/1038/1030 1181/1036/1028
f 1184/1039/1031 1166/1021/1013 1182/1037/1029
f 1183/1038/1030 1184/1039/1031 1182/1037/1029
f 1183/1038/1030 1171/1026/1018 1184/1039/1031
f 1185/1040/1032 1180/1035/1027 1182/1037/1029
f 1185/1040/1032 1182/1037/1029 1175/1030/1022
f 1186/1041/1033 1184/1039/1031 1171/1026/1018
f 1186/1041/1033 1171/1026/1018 1167/1022/1014
f 1184/1039/1031 1186/1041/1033 1187/1042/1034
f 1187/1042/1034 1166/1021/1013 1184/1039/1031
f 1167/1022/1014 1187/1042/1034 1186/1041/1033
f 1187/1042/1034 1167/1022/1014 1166/1021/1013
f 1175/1030/1022 1188/1043/1035 1185/1040/1032
f 1180/1035/1027 1185/1040/1032 1188/1043/1035
f 1188/1043/1035 1175/1030/1022 1176/1031/1023
f 1188/1043/1035 1176/1031/1023 1180/1035/1027
f 1189/1044/1036 1190/1045/1037 1191/1046/1038
f 1191/1046/1038 1192/1047/1039 1189/1044/1036
f 1193/1048/1040 1189/1044/1036 1192/1047/1039
f 1192/1047/1039 1194/1049/1041 1193/1048/1040
f 1195/1050/800 1193/1048/1040 1194/1049/1041
f 1194/1049/1041 1196/1051/1042 1195/1050/800
f 1194/1049/1041 1192/1047/1039 1196/1051/1042
f 1197/1052/1043 1195/1050/800 1196/1051/1042
f 1196/1051/1042 1198/1053/1044 1197/1052/1043
f 1199/1054/1045 1197/1052/1043 1198/1053/1044
f 1196/1051/1042 1192/1047/1039 1200/1055/1046
f 1198/1053/1044 1200/1055/1046 1199/1054/1045
f 1198/1053/1044 1196/1051/1042 1200/1055/1046
f 1201/1056/1047 1199/1054/1045 1200/1055/1046
f 1200/1055/1046 1202/1057/1048 1201/1056/1047
f 1203/1058/1049 1201/1056/1047 1202/1057/1048
f 1204/1059/1050 1191/1046/1038 1190/1045/1037
f 1190/1045/1037 1203/1058/1049 1204/1059/1050
f 1202/1057/1048 1204/1059/1050 1203/1058/1049
f 1191/1046/1038 1204/1059/1050 1192/1047/1039
f 1192/1047/1039 1204/1059/1050 1200/1055/1046
f 1200/1055/1046 1204/1059/1050 1202/1057/1048
f 1205/1060/1051 1206/1061/1052 1207/1062/1053
f 1208/1063/1054 1207/1062/1053 1206/1061/1052
f 1209/1064/1055 1210/1065/1056 1211/1066/1057
f 1210/1065/1056 1212/1067/1058 1211/1066/1057
f 1211/1066/1057 1212/1067/1058 1213/1068/1059
f 1213/1068/1059 1212/1067/1058 1214/1069/1060
f 1213/1068/1059 1214/1069/1060 1215/1070/1061
f 1216/1071/1062 1215/1070/1061 1214/1069/1060
f 1215/1070/1061 1216/1071/1062 1217/1072/1063
f 1218/1073/1064 1217/1072/1063 1216/1071/1062
f 1219/1074/1065 1212/1067/1058 1210/1065/1056
f 1220/1075/1066 1214/1069/1060 1221/1076/1067
f 1214/1069/1060 1222/1077/1068 1221/1076/1067
f 1222/1077/1068 1223/1078/1069 1221/1076/1067
f 1224/1079/1070 1214/1069/1060 1212/1067/1058
f 1224/1079/1070 1222/1077/1068 1214/1069/1060
f 1224/1079/1070 1212/1067/1058 1225/1080/1068
f 1226/1081/1071 1225/1080/1068 1212/1067/1058
f 1226/1081/1071 1227/1082/1072 1225/1080/1068
f 1228/1083/1052 1225/1080/1068 1227/1082/1072
f 1229/925/1073 1230/923/1074 1231/926/1075
f 1232/924/1076 1231/926/1075 1230/923/1074
f 1230/923/1074 1233/921/926 1232/924/1076
f 1234/922/1077 1232/924/1076 1233/921/926
f 1233/921/926 1235/910/1078 1234/922/1077
f 1236/920/1079 1235/910/1078 1051/909/908
f 1052/913/909 1236/920/1079 1051/909/908
f 1236/920/1079 1234/922/1077 1235/910/1078
f 1237/1084/1080 1238/1085/1081 1239/1086/1082
f 1240/1087/1083 1237/1084/1080 1239/1086/1082
f 1241/1088/1084 1240/1087/1083 1239/1086/1082
f 1242/1089/1085 1241/1088/1084 1239/1086/1082
f 1243/1090/1086 1242/1089/1085 1239/1086/1082
f 1244/1091/1087 1243/1090/1086 1239/1086/1082
f 1245/1092/1088 1244/1091/1087 1239/1086/1082
f 1246/1093/1089 1247/1094/1090 1248/1095/1091
f 1249/1096/1092 1247/1094/1090 1246/1093/1089
f 1250/1097/1093 1247/1094/1090 1249/1096/1092
f 1251/1098/1094 1250/1097/1093 1249/1096/1092
f 1251/1098/1094 1252/1099/1095 1250/1097/1093
f 1249/1096/1092 1253/1100/1096 1251/1098/1094
f 1252/1099/1095 1251/1098/1094 1253/1100/1096
f 1253/1100/1096 1249/1096/1092 1254/1101/1097
f 1255/1102/1098 1254/1101/1097 1249/1096/1092
f 1255/1102/1098 1249/1096/1092 1246/1093/1089
f 1246/1093/1089 1256/1103/1099 1255/1102/1098
f 1254/1101/1097 1255/1102/1098 1256/1103/1099
f 1256/1103/1099 1246/1093/1089 1257/1104/1100
f 1248/1095/1091 1257/1104/1100 1246/1093/1089
f 1247/1094/1090 1258/1105/1101 1248/1095/1091
f 1257/1104/1100 1248/1095/1091 1258/1105/1101
f 1258/1105/1101 1247/1094/1090 1259/1106/1102
f 1260/1107/1103 1259/1106/1102 1247/1094/1090
f 1259/1106/1102 1260/1107/1103 1261/1108/1104
f 1260/1107/1103 1247/1094/1090 1262/1109/1105
f 1262/1109/1105 1247/1094/1090 1250/1097/1093
f 1263/1110/1106 1262/1109/1105 1250/1097/1093
f 1262/1109/1105 1261/1108/1104 1260/1107/1103
f 1261/1108/1104 1262/1109/1105 1264/1111/1107
f 1263/1110/1106 1264/1111/1107 1262/1109/1105
f 1265/1112/1108 1250/1097/1093 1252/1099/1095
f 1250/1097/1093 1265/1112/1108 1263/1110/1106
f 1264/1111/1107 1263/1110/1106 1265/1112/1108
f 1266/1113/1075 1267/1114/1109 1268/1115/1073
f 1269/1116/923 1268/1115/1073 1267/1114/1109
f 1269/1116/923 1267/1114/1109 1270/1117/1110
f 1271/1118/1111 1270/1117/1110 1267/1114/1109
f 1271/1118/1111 1272/1119/921 1270/1117/1110
f 1273/1120/920 1270/1117/1110 1272/1119/921
f 1274/938/1112 1275/936/1113 1276/937/1114
f 1276/937/1114 1275/936/1113 1277/934/888
f 1278/935/1115 1276/937/1114 1277/934/888
f 1275/936/1113 1279/931/1116 1277/934/888
f 1280/928/1117 1279/931/1116 1275/936/1113
f 1281/929/1076 1279/931/1116 1280/928/1117
f 1282/927/1118 1281/929/1076 1280/928/1117
f 1279/931/1116 1283/930/1119 1277/934/888
f 1284/1121/906 1285/1122/1120 1286/1123/1121
f 1287/1124/1122 1286/1123/1121 1285/1122/1120
f 1286/1123/1121 1287/1124/1122 1288/1125/885
f 1289/1126/1123 1288/1125/885 1287/1124/1122
f 1290/1127/1120 1291/1127/1124 1292/1128/1125
f 1290/1127/1120 1292/1128/1125 1293/1129/1126
f 1294/1130/1123 1293/1129/1126 1292/1128/1125
f 1292/1128/1125 1295/1128/1127 1294/1130/1123
f 1295/1128/1127 1292/1128/1125 1291/1127/1124
f 1296/1130/885 1294/1130/1123 1295/1128/1127
f 1296/1130/885 1295/1128/1127 1297/1129/1128
f 1291/1127/1124 1297/1129/1128 1295/1128/1127
f 1298/1131/1129 1299/1132/1130 1300/1133/1131
f 1301/1134/1132 1300/1133/1131 1299/1132/1130
f 1302/1135/1133 1303/1136/1134 1304/1137/1131
f 1305/1138/1135 1304/1137/1131 1303/1136/1134
f 1306/1139/1136 1307/1140/1135 1308/1141/1129
f 1309/1142/1137 1308/1141/1129 1307/1140/1135
f 1310/1143/1138 1311/1144/1122 1312/1145/1139
f 1313/1146/1140 1312/1145/1139 1311/1144/1122
f 1313/1146/1140 1314/1147/1141 1312/1145/1139
f 1311/1144/1122 1315/1148/1142 1313/1146/1140
f 1314/1147/1141 1313/1146/1140 1315/1148/1142
f 1315/1148/1142 1311/1144/1122 1316/1149/1143
f 1310/1143/1138 1316/1149/1143 1311/1144/1122
f 1316/1149/1143 1310/1143/1138 1317/1150/1144
f 1317/1150/1144 1312/1145/1139 1314/1147/1141
f 1312/1145/1139 1317/1150/1144 1310/1143/1138
f 1314/1147/1141 1318/1151/1145 1317/1150/1144
f 1315/1148/1142 1319/1152/1146 1314/1147/1141
f 1318/1151/1145 1314/1147/1141 1319/1152/1146
f 1319/1152/1146 1315/1148/1142 1320/1153/1147
f 1316/1149/1143 1320/1153/1147 1315/1148/1142
f 1317/1150/1144 1321/1154/1148 1316/1149/1143
f 1320/1153/1147 1316/1149/1143 1321/1154/1148
f 1321/1154/1148 1317/1150/1144 1318/1151/1145
f 1322/1155/1149 1323/1156/1150 1324/1157/1151
f 1325/1158/1152 1324/1157/1151 1323/1156/1150
f 1326/1159/1153 1327/1160/1154 1328/1161/1155
f 1323/1156/1150 1328/1161/1155 1325/1158/1152
f 1329/1162/1156 1325/1158/1152 1328/1161/1155
f 1329/1162/1156 1328/1161/1155 1327/1160/1154
f 1328/1161/1155 1323/1156/1150 1330/1163/1157
f 1331/1164/1158 1330/1163/1157 1323/1156/1150
f 1332/1165/1159 1333/1166/1160 1334/1167/1161
f 1333/1166/1160 1335/1168/1162 1334/1167/1161
f 1334/1167/1161 1335/1168/1162 1336/1169/1163
f 1336/1169/1163 1335/1168/1162 1337/1170/1164
f 1338/1171/1165 1335/1168/1162 1333/1166/1160
f 1339/1172/1166 1334/1167/1161 1336/1169/1163
f 1340/1173/1167 1341/1174/1168 1342/1175/1169
f 1341/1174/1168 1343/1176/1170 1342/1175/1169
f 1342/1175/1169 1343/1176/1170 1344/1177/1171
f 1345/1178/1172 1343/1176/1170 1341/1174/1168
f 1346/1179/1173 1345/1178/1172 1341/1174/1168
f 1347/1180/1174 1343/1176/1170 1345/1178/1172
f 1343/1176/1170 1348/1181/1175 1344/1177/1171
f 1348/1181/1175 1343/1176/1170 1349/1182/1176
f 1347/1180/1174 1349/1182/1176 1343/1176/1170
f 1345/1178/1172 1350/1183/1177 1347/1180/1174
f 1349/1182/1176 1347/1180/1174 1350/1183/1177
f 1350/1183/1177 1345/1178/1172 1351/1184/1178
f 1346/1179/1173 1351/1184/1178 1345/1178/1172
f 1341/1174/1168 1352/1185/1179 1346/1179/1173
f 1351/1184/1178 1346/1179/1173 1352/1185/1179
f 1352/1185/1179 1341/1174/1168 1353/1186/1180
f 1340/1173/1167 1353/1186/1180 1341/1174/1168
f 1342/1175/1169 1354/1187/1181 1340/1173/1167
f 1353/1186/1180 1340/1173/1167 1354/1187/1181
f 1354/1187/1181 1342/1175/1169 1355/1188/1182
f 1344/1177/1171 1355/1188/1182 1342/1175/1169
f 1355/1188/1182 1344/1177/1171 1348/1181/1175
f 1348/1181/1175 1356/1189/1183 1355/1188/1182
f 1356/1189/1183 1348/1181/1175 1357/1190/1184
f 1349/1182/1176 1357/1190/1184 1348/1181/1175
f 1357/1190/1184 1349/1182/1176 1358/1191/1185
f 1350/1183/1177 1358/1191/1185 1349/1182/1176
f 1358/1191/1185 1350/1183/1177 1359/1192/1186
f 1351/1184/1178 1359/1192/1186 1350/1183/1177
f 1352/1185/1179 1360/1193/1187 1351/1184/1178
f 1359/1192/1186 1351/1184/1178 1360/1193/1187
f 1360/1193/1187 1352/1185/1179 1361/1194/1188
f 1353/1186/1180 1361/1194/1188 1352/1185/1179
f 1361/1194/1188 1353/1186/1180 1362/1195/1189
f 1354/1187/1181 1362/1195/1189 1353/1186/1180
f 1355/1188/1182 1363/1196/1190 1354/1187/1181
f 1363/1196/1190 1355/1188/1182 1356/1189/1183
f 1362/1195/1189 1354/1187/1181 1363/1196/1190
f 1357/1190/1184 1364/1190/1191 1356/1189/1183
f 1364/1190/1191 1357/1190/1184 1365/1191/1192
f 1358/1191/1185 1365/1191/1192 1357/1190/1184
f 1359/1192/1186 1366/1192/1193 1358/1191/1185
f 1365/1191/1192 1358/1191/1185 1366/1192/1193
f 1360/1193/1187 1367/1193/1194 1359/1192/1186
f 1366/1192/1193 1359/1192/1186 1367/1193/1194
f 1367/1193/1194 1360/1193/1187 1368/1194/1195
f 1361/1194/1188 1368/1194/1195 1360/1193/1187
f 1368/1194/1195 1361/1194/1188 1369/1195/1196
f 1362/1195/1189 1369/1195/1196 1361/1194/1188
f 1363/1196/1190 1370/1196/1162 1362/1195/1189
f 1369/1195/1196 1362/1195/1189 1370/1196/1162
f 1356/1189/1183 1371/1189/1197 1363/1196/1190
f 1371/1189/1197 1356/1189/1183 1364/1190/1191
f 1370/1196/1162 1363/1196/1190 1371/1189/1197
f 1372/1197/1198 1373/1198/1199 1374/1199/1200
f 1375/1200/1201 1374/1199/1200 1373/1198/1199
f 1376/1201/1202 1377/1202/1203 1378/1203/1204
f 1379/1204/1205 1377/1202/1203 1376/1201/1202
f 1380/1205/1206 1377/1202/1203 1379/1204/1205
f 1381/1206/1207 1380/1205/1206 1379/1204/1205
f 1381/1206/1207 1382/1207/1208 1380/1205/1206
f 1379/1204/1205 1383/1208/1209 1381/1206/1207
f 1382/1207/1208 1381/1206/1207 1383/1208/1209
f 1383/1208/1209 1379/1204/1205 1384/1209/1210
f 1385/1210/1211 1379/1204/1205 1376/1201/1202
f 1385/1210/1211 1384/1209/1210 1379/1204/1205
f 1376/1201/1202 1386/1211/1212 1385/1210/1211
f 1384/1209/1210 1385/1210/1211 1386/1211/1212
f 1378/1203/1204 1387/1212/934 1376/1201/1202
f 1386/1211/1212 1376/1201/1202 1387/1212/934
f 1387/1212/934 1378/1203/1204 1388/1213/1213
f 1377/1202/1203 1388/1213/1213 1378/1203/1204
f 1388/1213/1213 1377/1202/1203 1389/1214/1214
f 1390/1215/1215 1377/1202/1203 1380/1205/1206
f 1390/1215/1215 1389/1214/1214 1377/1202/1203
f 1391/1216/1216 1380/1205/1206 1382/1207/1208
f 1389/1214/1214 1390/1215/1215 1391/1216/1216
f 1380/1205/1206 1391/1216/1216 1390/1215/1215
f 1392/1055/1217 1393/1057/1218 1394/1053/1219
f 1395/1059/1220 1393/1057/1218 1396/1045/1221
f 1396/1045/1221 1397/1044/1222 1395/1059/1220
f 1398/1046/1223 1395/1059/1220 1397/1044/1222
f 1395/1059/1220 1398/1046/1223 1393/1057/1218
f 1393/1057/1218 1398/1046/1223 1394/1053/1219
f 1397/1044/1222 1399/1048/1224 1398/1046/1223
f 1400/1047/1225 1398/1046/1223 1399/1048/1224
f 1399/1048/1224 1401/1050/798 1400/1047/1225
f 1400/1047/1225 1402/1049/1226 1398/1046/1223
f 1402/1049/1226 1400/1047/1225 1401/1050/798
f 1398/1046/1223 1402/1049/1226 1394/1053/1219
f 1401/1050/798 1403/1052/797 1402/1049/1226
f 1404/1051/1227 1402/1049/1226 1403/1052/797
f 1394/1053/1219 1402/1049/1226 1404/1051/1227
f 1394/1053/1219 1404/1051/1227 1405/1054/1228
f 1403/1052/797 1405/1054/1228 1404/1051/1227
f 1392/1055/1217 1394/1053/1219 1406/1056/1229
f 1405/1054/1228 1406/1056/1229 1394/1053/1219
f 1393/1057/1218 1392/1055/1217 1407/1058/1230
f 1407/1058/1230 1396/1045/1221 1393/1057/1218
f 1406/1056/1229 1407/1058/1230 1392/1055/1217
f 1408/1217/1231 1409/1218/1232 1410/1219/1087
f 1411/1220/1233 1410/1219/1087 1409/1218/1232
f 1409/1218/1232 1412/1221/1234 1411/1220/1233
f 1413/1222/1085 1411/1220/1233 1412/1221/1234
f 1412/1221/1234 1414/1223/1235 1413/1222/1085
f 1415/1224/1084 1413/1222/1085 1414/1223/1235
f 1414/1223/1235 1416/1225/1236 1415/1224/1084
f 1417/1226/1083 1415/1224/1084 1416/1225/1236
f 1418/1227/1237 1419/1228/1238 1420/1229/1239
f 1421/1230/1240 1420/1229/1239 1419/1228/1238
f 1419/1228/1238 1422/1231/1241 1421/1230/1240
f 1423/1232/1242 1421/1230/1240 1422/1231/1241
f 1422/1231/1241 1424/1233/1243 1423/1232/1242
f 1425/1234/1244 1423/1232/1242 1424/1233/1243
f 1424/1233/1243 1426/1235/1245 1425/1234/1244
f 1427/1236/1246 1425/1234/1244 1426/1235/1245
f 1428/1237/1247 1429/1238/1248 1430/1239/1249
f 1430/1239/1249 1431/1240/1250 1432/1241/1251
f 1433/1242/1252 1431/1240/1250 1430/1239/1249
f 1429/1238/1248 1433/1242/1252 1430/1239/1249
f 1434/1243/1253 1433/1242/1252 1429/1238/1248
f 1435/1244/1254 1434/1243/1253 1429/1238/1248
f 1436/1245/1237 1433/1242/1252 1434/1243/1253
f 1437/1246/1255 1438/1247/1256 1439/1248/1257
f 1440/1249/1258 1437/1246/1255 1439/1248/1257
f 1437/1246/1255 1440/1249/1258 1441/1250/1259
f 1439/1248/1257 1442/1251/1260 1440/1249/1258
f 1438/1247/1256 1443/1252/1261 1444/1253/1262
f 1443/1252/1261 1438/1247/1256 1437/1246/1255
f 1445/1254/1263 1444/1253/1262 1443/1252/1261
f 1443/1252/1261 1446/1255/1264 1445/1254/1263
f 1444/1253/1262 1445/1254/1263 1447/1256/1265
f 1446/1255/1264 1447/1256/1265 1445/1254/1263
f 1446/1255/1264 1448/1257/1266 1447/1256/1265
f 1448/1257/1266 1449/1258/1267 1447/1256/1265
f 1449/1258/1267 1448/1257/1266 1450/1259/1268
f 1450/1259/1268 1451/1260/1269 1449/1258/1267
f 1451/1260/1269 1450/1259/1268 1441/1250/1259
f 1440/1249/1258 1452/1261/1270 1441/1250/1259
f 1452/1261/1270 1451/1260/1269 1441/1250/1259
f 1440/1249/1258 1442/1251/1260 1453/1262/1271
f 1452/1261/1270 1440/1249/1258 1453/1262/1271
f 1442/1251/1260 1454/1263/1272 1453/1262/1271
f 1442/1251/1260 1439/1248/1257 1454/1263/1272
f 1447/1256/1265 1453/1262/1271 1454/1263/1272
f 1439/1248/1257 1438/1247/1256 1455/1264/1273
f 1455/1264/1273 1444/1253/1262 1447/1256/1265
f 1454/1263/1272 1455/1264/1273 1447/1256/1265
f 1455/1264/1273 1454/1263/1272 1439/1248/1257
f 1438/1247/1256 1444/1253/1262 1455/1264/1273
f 1456/1265/1274 1449/1258/1267 1451/1260/1269
f 1453/1262/1271 1456/1265/1274 1452/1261/1270
f 1451/1260/1269 1452/1261/1270 1456/1265/1274
f 1449/1258/1267 1456/1265/1274 1447/1256/1265
f 1456/1265/1274 1453/1262/1271 1447/1256/1265
f 1437/1246/1255 1457/1266/1275 1443/1252/1261
f 1457/1266/1275 1437/1246/1255 1441/1250/1259
f 1457/1266/1275 1446/1255/1264 1443/1252/1261
f 1450/1259/1268 1458/1267/1276 1441/1250/1259
f 1457/1266/1275 1458/1267/1276 1446/1255/1264
f 1458/1267/1276 1457/1266/1275 1441/1250/1259
f 1448/1257/1266 1446/1255/1264 1458/1267/1276
f 1458/1267/1276 1450/1259/1268 1448/1257/1266
f 1459/1268/1277 1460/1269/1278 1461/1270/1279
f 1461/1270/1279 1462/1271/1280 1463/1272/1281
f 1462/1271/1280 1464/1273/1282 1463/1272/1281
f 1460/1269/1278 1465/1274/1283 1461/1270/1279
f 1465/1274/1283 1462/1271/1280 1461/1270/1279
f 1466/1275/1284 1465/1274/1283 1460/1269/1278
f 1467/1276/1285 1466/1275/1284 1460/1269/1278
f 1468/1277/1286 1465/1274/1283 1466/1275/1284
f 1469/1278/1287 1470/1279/1236 1471/1280/1288
f 1470/1279/1236 1472/1281/1289 1471/1280/1288
f 1472/1281/1289 1473/1282/1234 1471/1280/1288
f 1473/1282/1234 1474/1283/1290 1471/1280/1288
f 1474/1283/1290 1475/1284/1231 1471/1280/1288
f 1471/1280/1288 1475/1284/1231 1476/1285/1291
f 1477/1286/1292 1471/1280/1288 1476/1285/1291
f 1477/1286/1292 1478/1287/1293 1471/1280/1288
f 1479/1288/1294 1471/1280/1288 1478/1287/1293
f 1478/1287/1293 1480/1289/1295 1479/1288/1294
f 1481/1290/1296 1479/1288/1294 1480/1289/1295
f 1480/1289/1295 1482/1291/1297 1481/1290/1296
f 1483/1292/1298 1481/1290/1296 1482/1291/1297
f 1482/1291/1297 1484/1293/1299 1483/1292/1298
f 1485/1294/1300 1483/1292/1298 1484/1293/1299
f 1464/1273/1282 1485/1294/1300 1486/1295/1301
f 1486/1295/1301 1463/1272/1281 1464/1273/1282
f 1484/1293/1299 1486/1295/1301 1485/1294/1300
f 1487/1296/1302 1488/1297/1303 1489/1298/1304
f 1490/1299/1305 1491/1300/1306 1488/1297/1303
f 1488/1297/1303 1492/1301/1307 1489/1298/1304
f 1491/1300/1306 1492/1301/1307 1488/1297/1303
f 1489/1298/1304 1492/1301/1307 1493/1302/1101
f 1494/1303/1308 1492/1301/1307 1495/1304/1309
f 1495/1304/1309 1492/1301/1307 1491/1300/1306
f 1496/1305/1310 1495/1304/1309 1491/1300/1306
f 1497/1306/1311 1498/1307/1149 1499/1308/1312
f 1500/1309/1313 1498/1307/1149 1497/1306/1311
f 1501/1310/1314 1498/1307/1149 1500/1309/1313
f 1502/1311/1315 1501/1310/1314 1500/1309/1313
f 1503/1312/1316 1501/1310/1314 1502/1311/1315
f 1504/1313/1154 1501/1310/1314 1503/1312/1316
f 1505/1314/1316 1506/1315/1129 1507/1316/1317
f 1507/1316/1317 1506/1315/1129 1508/1317/1318
f 1508/1317/1318 1506/1315/1129 1509/1318/1137
f 1510/1319/1319 1508/1317/1318 1509/1318/1137
f 1511/1320/1320 1510/1319/1319 1509/1318/1137
f 1512/1321/1321 1511/1320/1320 1509/1318/1137
f 1513/1322/1322 1514/1323/1323 1515/1324/1324
f 1515/1324/1324 1516/1325/1325 1513/1322/1322
f 1517/1326/1326 1513/1322/1322 1516/1325/1325
f 1516/1325/1325 1515/1324/1324 1518/1327/1327
f 1144/999/991 1143/998/990 1519/1328/1328
f 1519/1328/1328 1093/948/940 1144/999/991
f 1093/948/940 1519/1328/1328 1111/966/958
f 1113/968/960 1111/966/958 1519/1328/1328
f 1115/970/962 1113/968/960 1520/1329/1329
f 1520/1329/1329 1519/1328/1328 1143/998/990
f 1519/1328/1328 1520/1329/1329 1113/968/960
f 1520/1329/1329 1521/1330/1330 1115/970/962
f 1117/972/964 1115/970/962 1521/1330/1330
f 1521/1330/1330 1522/1331/1331 1117/972/964
f 1117/972/964 1523/1332/1332 1118/973/965
f 1522/1331/1331 1514/1323/1323 1523/1332/1332
f 1523/1332/1332 1117/972/964 1522/1331/1331
f 1514/1323/1323 1513/1322/1322 1524/1333/1333
f 1524/1333/1333 1523/1332/1332 1514/1323/1323
f 1513/1322/1322 1517/1326/1326 1525/1334/1334
f 1525/1334/1334 1524/1333/1333 1513/1322/1322
f 1526/1335/1335 1525/1334/1334 1517/1326/1326
f 1517/1326/1326 1516/1325/1325 1526/1335/1335
f 1527/1336/1336 1516/1325/1325 1518/1327/1327
f 1526/1335/1335 1516/1325/1325 1527/1336/1336
f 1528/1337/1337 1518/1327/1327 1515/1324/1324
f 1518/1327/1327 1528/1337/1337 1527/1336/1336
f 1515/1324/1324 1529/1338/1338 1528/1337/1337
f 1514/1323/1323 1522/1331/1331 1529/1338/1338
f 1529/1338/1338 1515/1324/1324 1514/1323/1323
f 1530/1339/1339 1529/1338/1338 1522/1331/1331
f 1522/1331/1331 1521/1330/1330 1530/1339/1339
f 1531/1340/1340 1530/1339/1339 1521/1330/1330
f 1143/998/990 1531/1340/1340 1520/1329/1329
f 1521/1330/1330 1520/1329/1329 1531/1340/1340
f 1531/1340/1340 1143/998/990 1142/997/989
f 1532/1341/1341 1118/973/965 1523/1332/1332
f 1523/1332/1332 1524/1333/1333 1532/1341/1341
f 1533/1342/1342 1532/1341/1341 1524/1333/1333
f 1524/1333/1333 1525/1334/1334 1533/1342/1342
f 1525/1334/1334 1526/1335/1335 1534/1343/1343
f 1534/1343/1343 1533/1342/1342 1525/1334/1334
f 1535/1344/1344 1526/1335/1335 1527/1336/1336
f 1535/1344/1344 1534/1343/1343 1526/1335/1335
f 1534/1343/1343 1535/1344/1344 1536/1345/1345
f 1527/1336/1336 1536/1345/1345 1535/1344/1344
f 1536/1345/1345 1527/1336/1336 1528/1337/1337
f 1537/1346/1346 1528/1337/1337 1529/1338/1338
f 1529/1338/1338 1530/1339/1339 1537/1346/1346
f 1528/1337/1337 1537/1346/1346 1536/1345/1345
f 1538/1347/1347 1537/1346/1346 1530/1339/1339
f 1530/1339/1339 1531/1340/1340 1538/1347/1347
f 1142/997/989 1538/1347/1347 1531/1340/1340
f 1140/995/987 1539/1348/1348 1141/996/988
f 1142/997/989 1141/996/988 1539/1348/1348
f 1118/973/965 1532/1341/1341 1539/1348/1348
f 1539/1348/1348 1140/995/987 1118/973/965
f 1540/1349/1349 1539/1348/1348 1532/1341/1341
f 1538/1347/1347 1142/997/989 1540/1349/1349
f 1539/1348/1348 1540/1349/1349 1142/997/989
f 1532/1341/1341 1533/1342/1342 1540/1349/1349
f 1540/1349/1349 1541/1350/1350 1538/1347/1347
f 1541/1350/1350 1536/1345/1345 1537/1346/1346
f 1541/1350/1350 1540/1349/1349 1533/1342/1342
f 1533/1342/1342 1534/1343/1343 1541/1350/1350
f 1536/1345/1345 1541/1350/1350 1534/1343/1343
f 1537/1346/1346 1538/1347/1347 1541/1350/1350
f 1542/810/1351 1543/811/1352 1544/808/1353
f 1545/809/1354 1544/808/1353 1543/811/1352
f 1546/1351/1355 1547/1352/1356 1548/1353/1357
f 1548/1353/1357 1549/1354/1358 1546/1351/1355
f 1550/1355/1359 1546/1351/1355 1549/1354/1358
f 1549/1354/1358 1551/1356/1360 1550/1355/1359
f 1549/1354/1358 1548/1353/1357 1551/1356/1360
f 1552/1357/1361 1547/1352/1356 1553/1358/1362
f 1547/1352/1356 1546/1351/1355 1554/1359/1363
f 1554/1359/1363 1553/1358/1362 1547/1352/1356
f 1555/1360/1364 1554/1359/1363 1546/1351/1355
f 1546/1351/1355 1550/1355/1359 1555/1360/1364
f 1556/1361/1365 1550/1355/1359 1551/1356/1360
f 1556/1361/1365 1555/1360/1364 1550/1355/1359
f 1557/1362/1366 1551/1356/1360 1548/1353/1357
f 1555/1360/1364 1556/1361/1365 1557/1362/1366
f 1551/1356/1360 1557/1362/1366 1556/1361/1365
f 1547/1352/1356 1552/1357/1361 1558/1363/1367
f 1558/1363/1367 1548/1353/1357 1547/1352/1356
f 1548/1353/1357 1558/1363/1367 1557/1362/1366
f 1559/1364/1368 1558/1363/1367 1552/1357/1361
f 1552/1357/1361 1560/1365/1198 1559/1364/1368
f 1561/1366/1369 1559/1364/1368 1560/1365/1198
f 1553/1358/1362 1554/1359/1363 1562/1367/1370
f 1559/1364/1368 1561/1366/1369 1562/1367/1370
f 1563/1368/1371 1562/1367/1370 1561/1366/1369
f 1562/1367/1370 1563/1368/1371 1553/1358/1362
f 1558/1363/1367 1559/1364/1368 1564/1369/1372
f 1562/1367/1370 1564/1369/1372 1559/1364/1368
f 1564/1369/1372 1562/1367/1370 1554/1359/1363
f 1557/1362/1366 1564/1369/1372 1555/1360/1364
f 1564/1369/1372 1557/1362/1366 1558/1363/1367
f 1554/1359/1363 1555/1360/1364 1564/1369/1372
f 1565/1370/1373 1566/1371/1374 1567/1372/1375
f 1566/1371/1374 1565/1370/1373 1568/1373/1376
f 1569/1374/1377 1568/1373/1376 1565/1370/1373
f 1568/1373/1376 1569/1374/1377 1570/1375/1378
f 1571/1376/1379 1570/1375/1378 1569/1374/1377
f 1567/1372/1375 1572/1377/1380 1571/1376/1379
f 1572/1377/1380 1567/1372/1375 1566/1371/1374
f 1570/1375/1378 1571/1376/1379 1572/1377/1380
f 1566/1371/1374 1573/1378/1381 1572/1377/1380
f 1573/1378/1381 1566/1371/1374 1574/1379/1382
f 1568/1373/1376 1574/1379/1382 1566/1371/1374
f 1574/1379/1382 1575/1380/1383 1573/1378/1381
f 1575/1380/1383 1574/1379/1382 1576/1381/1384
f 1576/1381/1384 1577/1382/1385 1575/1380/1383
f 1578/1383/1386 1560/1365/1198 1577/1382/1385
f 1577/1382/1385 1576/1381/1384 1578/1383/1386
f 1553/1358/1362 1579/1384/1387 1552/1357/1361
f 1579/1384/1387 1553/1358/1362 1563/1368/1371
f 1579/1384/1387 1577/1382/1385 1560/1365/1198
f 1560/1365/1198 1552/1357/1361 1579/1384/1387
f 1580/1385/1388 1575/1380/1383 1577/1382/1385
f 1563/1368/1371 1580/1385/1388 1579/1384/1387
f 1577/1382/1385 1579/1384/1387 1580/1385/1388
f 1581/1386/1389 1573/1378/1381 1575/1380/1383
f 1575/1380/1383 1580/1385/1388 1581/1386/1389
f 1572/1377/1380 1582/1387/1390 1570/1375/1378
f 1582/1387/1390 1572/1377/1380 1573/1378/1381
f 1573/1378/1381 1581/1386/1389 1582/1387/1390
f 1574/1379/1382 1568/1373/1376 1583/1388/1391
f 1583/1388/1391 1570/1375/1378 1582/1387/1390
f 1583/1388/1391 1576/1381/1384 1574/1379/1382
f 1570/1375/1378 1583/1388/1391 1568/1373/1376
f 1576/1381/1384 1583/1388/1391 1584/1389/1392
f 1582/1387/1390 1584/1389/1392 1583/1388/1391
f 1584/1389/1392 1582/1387/1390 1581/1386/1389
f 1584/1389/1392 1578/1383/1386 1576/1381/1384
f 1580/1385/1388 1563/1368/1371 1585/1390/1201
f 1561/1366/1369 1585/1390/1201 1563/1368/1371
f 1581/1386/1389 1585/1390/1201 1584/1389/1392
f 1578/1383/1386 1584/1389/1392 1585/1390/1201
f 1585/1390/1201 1581/1386/1389 1580/1385/1388
f 1586/1391/1393 1587/1392/1394 1588/1393/1395
f 1587/1392/1394 1586/1391/1393 1589/1394/1396
f 1590/1395/1397 1589/1394/1396 1586/1391/1393
f 1589/1394/1396 1590/1395/1397 1591/1396/1398
f 1592/1397/1399 1591/1396/1398 1590/1395/1397
f 1591/1396/1398 1592/1397/1399 1593/1398/1400
f 1594/1399/1401 1593/1398/1400 1592/1397/1399
f 1593/1398/1400 1594/1399/1401 1595/1400/1402
f 1596/1401/1403 1595/1400/1402 1594/1399/1401
f 1595/1400/1402 1596/1401/1403 1597/1402/1404
f 1598/1403/1405 1597/1402/1404 1596/1401/1403
f 1597/1402/1404 1598/1403/1405 1599/1404/1406
f 1600/1405/1407 1599/1404/1406 1598/1403/1405
f 1599/1404/1406 1600/1405/1407 1601/1406/1408
f 1602/1407/1409 1601/1406/1408 1600/1405/1407
f 1601/1406/1408 1602/1407/1409 1603/1408/1410
f 1604/1409/1411 1603/1408/1410 1602/1407/1409
f 1603/1408/1410 1604/1409/1411 1605/1410/1412
f 1606/1411/1413 1605/1410/1412 1604/1409/1411
f 1605/1410/1412 1606/1411/1413 1607/1412/1414
f 1607/1412/1414 1608/1413/1415 1605/1410/1412
f 1608/1413/1415 1607/1412/1414 1609/1414/1416
f 1605/1410/1412 1610/1415/1417 1603/1408/1410
f 1610/1415/1417 1605/1410/1412 1608/1413/1415
f 1603/1408/1410 1611/1416/1418 1601/1406/1408
f 1611/1416/1418 1603/1408/1410 1610/1415/1417
f 1612/1417/1419 1601/1406/1408 1611/1416/1418
f 1601/1406/1408 1612/1417/1419 1599/1404/1406
f 1599/1404/1406 1613/1417/1420 1597/1402/1404
f 1613/1417/1420 1599/1404/1406 1612/1417/1419
f 1597/1402/1404 1614/1418/1421 1595/1400/1402
f 1614/1418/1421 1597/1402/1404 1613/1417/1420
f 1615/1419/1422 1595/1400/1402 1614/1418/1421
f 1595/1400/1402 1615/1419/1422 1593/1398/1400
f 1593/1398/1400 1616/1398/1423 1591/1396/1398
f 1616/1398/1423 1593/1398/1400 1615/1419/1422
f 1591/1396/1398 1617/1420/1424 1589/1394/1396
f 1617/1420/1424 1591/1396/1398 1616/1398/1423
f 1615/1419/1422 1618/1421/1425 1616/1398/1423
f 1596/1401/1403 1618/1421/1425 1598/1403/1405
f 1598/1403/1405 1619/1422/1426 1600/1405/1407
f 1618/1421/1425 1615/1419/1422 1619/1422/1426
f 1619/1422/1426 1598/1403/1405 1618/1421/1425
f 1614/1418/1421 1619/1422/1426 1615/1419/1422
f 1619/1422/1426 1614/1418/1421 1620/1423/1427
f 1620/1423/1427 1600/1405/1407 1619/1422/1426
f 1600/1405/1407 1620/1423/1427 1602/1407/1409
f 1613/1417/1420 1620/1423/1427 1614/1418/1421
f 1620/1423/1427 1613/1417/1420 1621/1423/1428
f 1612/1417/1419 1621/1423/1428 1613/1417/1420
f 1621/1423/1428 1602/1407/1409 1620/1423/1427
f 1602/1407/1409 1621/1423/1428 1604/1409/1411
f 1604/1409/1411 1622/1424/1429 1606/1411/1413
f 1622/1424/1429 1604/1409/1411 1621/1423/1428
f 1621/1423/1428 1612/1417/1419 1622/1424/1429
f 1611/1416/1418 1622/1424/1429 1612/1417/1419
f 1622/1424/1429 1611/1416/1418 1623/1425/1430
f 1610/1415/1417 1623/1425/1430 1611/1416/1418
f 1623/1425/1430 1606/1411/1413 1622/1424/1429
f 1608/1413/1415 1624/1426/1431 1610/1415/1417
f 1623/1425/1430 1610/1415/1417 1624/1426/1431
f 1588/1393/1395 1625/1427/1432 1586/1391/1393
f 1609/1414/1416 1625/1427/1432 1608/1413/1415
f 1625/1427/1432 1588/1393/1395 1624/1426/1431
f 1624/1426/1431 1608/1413/1415 1625/1427/1432
f 1625/1427/1432 1609/1414/1416 1626/1428/1433
f 1626/1428/1433 1586/1391/1393 1625/1427/1432
f 1586/1391/1393 1626/1428/1433 1590/1395/1397
f 1606/1411/1413 1623/1425/1430 1627/1429/1434
f 1627/1429/1434 1624/1426/1431 1588/1393/1395
f 1624/1426/1431 1627/1429/1434 1623/1425/1430
f 1627/1429/1434 1607/1412/1414 1606/1411/1413
f 1628/1430/1435 1609/1414/1416 1607/1412/1414
f 1588/1393/1395 1628/1430/1435 1627/1429/1434
f 1628/1430/1435 1588/1393/1395 1587/1392/1394
f 1607/1412/1414 1627/1429/1434 1628/1430/1435
f 1587/1392/1394 1629/1431/1436 1628/1430/1435
f 1629/1431/1436 1626/1428/1433 1609/1414/1416
f 1609/1414/1416 1628/1430/1435 1629/1431/1436
f 1590/1395/1397 1630/1432/1437 1592/1397/1399
f 1630/1432/1437 1590/1395/1397 1626/1428/1433
f 1626/1428/1433 1629/1431/1436 1630/1432/1437
f 1631/1433/1438 1589/1394/1396 1617/1420/1424
f 1629/1431/1436 1587/1392/1394 1631/1433/1438
f 1631/1433/1438 1630/1432/1437 1629/1431/1436
f 1589/1394/1396 1631/1433/1438 1587/1392/1394
f 1592/1397/1399 1632/1434/1439 1594/1399/1401
f 1632/1434/1439 1592/1397/1399 1630/1432/1437
f 1630/1432/1437 1631/1433/1438 1632/1434/1439
f 1617/1420/1424 1632/1434/1439 1631/1433/1438
f 1594/1399/1401 1633/1399/1440 1596/1401/1403
f 1633/1399/1440 1594/1399/1401 1632/1434/1439
f 1633/1399/1440 1616/1398/1423 1618/1421/1425
f 1616/1398/1423 1633/1399/1440 1617/1420/1424
f 1632/1434/1439 1617/1420/1424 1633/1399/1440
f 1618/1421/1425 1596/1401/1403 1633/1399/1440
f 1634/1435/1441 1635/1436/1442 1636/1437/1047
f 1637/1438/1443 1636/1437/1047 1635/1436/1442
f 1637/1438/1443 1638/1439/1444 1636/1437/1047
f 1639/1440/1445 1636/1437/1047 1638/1439/1444
f 1639/1440/1445 1638/1439/1444 1640/1441/799
f 1641/1442/1446 1640/1441/799 1638/1439/1444
f 1642/1443/1354 1643/1444/1037 1644/1445/1222
f 1645/1446/1447 1644/1445/1222 1643/1444/1037
f 1644/1445/1222 1645/1446/1447 1646/1447/1448
f 1647/1448/1040 1646/1447/1448 1645/1446/1447
f 1646/1447/1448 1647/1448/1040 1648/1449/798
f 1649/1450/1449 1648/1449/798 1647/1448/1040
f 1650/1451/1450 1651/1452/1451 1652/1453/1452
f 1652/1453/1452 1653/1454/1453 1650/1451/1450
f 1654/1455/1454 1650/1451/1450 1653/1454/1453
f 1653/1454/1453 1655/1456/1455 1654/1455/1454
f 1656/1457/1456 1654/1455/1454 1655/1456/1455
f 1655/1456/1455 1657/1458/1457 1656/1457/1456
f 1658/1459/1458 1656/1457/1456 1657/1458/1457
f 1659/1460/1459 1660/1461/1460 1661/1462/1461
f 1661/1462/1461 1662/1463/1462 1659/1460/1459
f 1662/1463/1462 1663/1464/1463 1652/1453/1452
f 1663/1464/1463 1662/1463/1462 1661/1462/1461
f 1663/1464/1463 1664/1465/1464 1652/1453/1452
f 1653/1454/1453 1652/1453/1452 1664/1465/1464
f 1655/1456/1455 1653/1454/1453 1665/1466/1465
f 1664/1465/1464 1665/1466/1465 1653/1454/1453
f 1657/1458/1457 1655/1456/1455 1666/1467/1466
f 1665/1466/1465 1666/1467/1466 1655/1456/1455
f 1666/1467/1466 1667/1468/1467 1657/1458/1457
f 1658/1459/1458 1657/1458/1457 1667/1468/1467
f 1666/1467/1466 1665/1466/1465 1667/1468/1467
f 1667/1468/1467 1668/1469/1468 1658/1459/1458
f 1668/1469/1468 1667/1468/1467 1665/1466/1465
f 1665/1466/1465 1664/1465/1464 1668/1469/1468
f 1656/1457/1456 1658/1459/1458 1668/1469/1468
f 1654/1455/1454 1656/1457/1456 1669/1470/1469
f 1669/1470/1469 1668/1469/1468 1664/1465/1464
f 1664/1465/1464 1663/1464/1463 1669/1470/1469
f 1668/1469/1468 1669/1470/1469 1656/1457/1456
f 1669/1470/1469 1670/1471/1470 1654/1455/1454
f 1663/1464/1463 1661/1462/1461 1670/1471/1470
f 1670/1471/1470 1669/1470/1469 1663/1464/1463
f 1650/1451/1450 1654/1455/1454 1670/1471/1470
f 1671/1472/1471 1672/1473/1472 1673/1474/1473
f 1660/1461/1460 1659/1460/1459 1673/1474/1473
f 1674/1475/1474 1673/1474/1473 1659/1460/1459
f 1659/1460/1459 1662/1463/1462 1674/1475/1474
f 1673/1474/1473 1674/1475/1474 1671/1472/1471
f 1650/1451/1450 1675/1476/1475 1651/1452/1451
f 1670/1471/1470 1675/1476/1475 1650/1451/1450
f 1675/1476/1475 1674/1475/1474 1662/1463/1462
f 1662/1463/1462 1676/1477/1476 1675/1476/1475
f 1662/1463/1462 1652/1453/1452 1677/1478/1477
f 1677/1478/1477 1652/1453/1452 1651/1452/1451
f 1676/1477/1476 1662/1463/1462 1677/1478/1477
f 1677/1478/1477 1678/1479/1478 1676/1477/1476
f 1678/1479/1478 1677/1478/1477 1679/1480/1479
f 1651/1452/1451 1679/1480/1479 1677/1478/1477
f 1679/1480/1479 1680/1481/1480 1678/1479/1478
f 1680/1481/1480 1679/1480/1479 1681/1482/1481
f 1681/1482/1481 1682/1483/1482 1680/1481/1480
f 1682/1483/1482 1681/1482/1481 1683/1484/1483
f 1683/1484/1483 1684/1485/1484 1682/1483/1482
f 1684/1485/1484 1683/1484/1483 1685/1486/1485
f 1685/1486/1485 1686/1487/1486 1684/1485/1484
f 1686/1487/1486 1685/1486/1485 1687/1488/1487
f 1687/1488/1487 1688/1489/1488 1686/1487/1486
f 1651/1452/1451 1675/1476/1475 1689/1490/1489
f 1689/1490/1489 1675/1476/1475 1676/1477/1476
f 1676/1477/1476 1690/1491/1490 1689/1490/1489
f 1690/1491/1490 1676/1477/1476 1678/1479/1478
f 1691/1492/1491 1678/1479/1478 1680/1481/1480
f 1678/1479/1478 1691/1492/1491 1690/1491/1490
f 1680/1481/1480 1692/1493/1492 1691/1492/1491
f 1692/1493/1492 1680/1481/1480 1682/1483/1482
f 1682/1483/1482 1693/1494/1493 1692/1493/1492
f 1693/1494/1493 1682/1483/1482 1684/1485/1484
f 1684/1485/1484 1694/1495/1494 1693/1494/1493
f 1694/1495/1494 1684/1485/1484 1686/1487/1486
f 1686/1487/1486 1695/1496/1495 1694/1495/1494
f 1688/1489/1488 1672/1473/1472 1695/1496/1495
f 1695/1496/1495 1686/1487/1486 1688/1489/1488
f 1696/1497/1496 1673/1474/1473 1672/1473/1472
f 1672/1473/1472 1688/1489/1488 1696/1497/1496
f 1673/1474/1473 1696/1497/1496 1660/1461/1460
f 1689/1490/1489 1697/1498/1497 1651/1452/1451
f 1697/1498/1497 1689/1490/1489 1690/1491/1490
f 1679/1480/1479 1651/1452/1451 1697/1498/1497
f 1697/1498/1497 1681/1482/1481 1679/1480/1479
f 1690/1491/1490 1698/1499/1498 1697/1498/1497
f 1698/1499/1498 1690/1491/1490 1691/1492/1491
f 1681/1482/1481 1697/1498/1497 1698/1499/1498
f 1698/1499/1498 1683/1484/1483 1681/1482/1481
f 1683/1484/1483 1698/1499/1498 1699/1500/1499
f 1699/1500/1499 1691/1492/1491 1692/1493/1492
f 1691/1492/1491 1699/1500/1499 1698/1499/1498
f 1699/1500/1499 1685/1486/1485 1683/1484/1483
f 1700/1501/1500 1687/1488/1487 1685/1486/1485
f 1685/1486/1485 1699/1500/1499 1700/1501/1500
f 1692/1493/1492 1700/1501/1500 1699/1500/1499
f 1700/1501/1500 1692/1493/1492 1693/1494/1493
f 1687/1488/1487 1700/1501/1500 1701/1502/1501
f 1693/1494/1493 1701/1502/1501 1700/1501/1500
f 1701/1502/1501 1693/1494/1493 1694/1495/1494
f 1702/1503/1502 1694/1495/1494 1695/1496/1495
f 1694/1495/1494 1702/1503/1502 1701/1502/1501
f 1695/1496/1495 1703/1504/1503 1702/1503/1502
f 1672/1473/1472 1671/1472/1471 1703/1504/1503
f 1703/1504/1503 1695/1496/1495 1672/1473/1472
f 1688/1489/1488 1687/1488/1487 1704/1505/1504
f 1704/1505/1504 1696/1497/1496 1688/1489/1488
f 1704/1505/1504 1701/1502/1501 1702/1503/1502
f 1701/1502/1501 1704/1505/1504 1687/1488/1487
f 1696/1497/1496 1704/1505/1504 1705/1506/1505
f 1702/1503/1502 1705/1506/1505 1704/1505/1504
f 1705/1506/1505 1702/1503/1502 1703/1504/1503
f 1705/1506/1505 1660/1461/1460 1696/1497/1496
f 1703/1504/1503 1706/1507/1506 1705/1506/1505
f 1706/1507/1506 1661/1462/1461 1660/1461/1460
f 1706/1507/1506 1703/1504/1503 1671/1472/1471
f 1660/1461/1460 1705/1506/1505 1706/1507/1506
f 1675/1476/1475 1670/1471/1470 1707/1508/1507
f 1661/1462/1461 1706/1507/1506 1707/1508/1507
f 1674/1475/1474 1675/1476/1475 1707/1508/1507
f 1707/1508/1507 1670/1471/1470 1661/1462/1461
f 1671/1472/1471 1707/1508/1507 1706/1507/1506
f 1707/1508/1507 1671/1472/1471 1674/1475/1474
f 1708/1509/1508 1709/1510/1509 1710/1511/1510
f 1711/1512/1511 1710/1511/1510 1709/1510/1509
f 1709/1510/1509 1712/1513/1512 1711/1512/1511
f 1713/1514/1513 1711/1512/1511 1712/1513/1512
f 1713/1514/1513 1712/1513/1512 1714/1515/1514
f 1715/1516/1301 1714/1515/1514 1712/1513/1512
f 1715/1516/1301 1716/1517/1515 1714/1515/1514
f 1717/1518/1516 1714/1515/1514 1716/1517/1515
f 1717/1518/1516 1716/1517/1515 1718/1519/1517
f 1719/1520/1297 1718/1519/1517 1716/1517/1515
f 1719/1520/1297 1720/1521/1518 1718/1519/1517
f 1721/1522/1519 1718/1519/1517 1720/1521/1518
f 1720/1521/1518 1722/1523/1293 1721/1522/1519
f 1723/1524/1520 1721/1522/1519 1722/1523/1293
f 1722/1523/1293 1724/1525/1292 1723/1524/1520
f 1725/1526/1082 1723/1524/1520 1724/1525/1292
f 1725/1526/1082 1724/1525/1292 1726/1527/1521
f 1727/1528/1522 1726/1527/1521 1724/1525/1292
f 1727/1528/1522 1728/1529/1231 1726/1527/1521
f 1729/1530/1523 1726/1527/1521 1728/1529/1231
f 1730/1531/1513 1731/1532/1524 1732/1533/1251
f 1733/1534/1525 1732/1533/1251 1731/1532/1524
f 1731/1532/1524 1734/1535/1526 1733/1534/1525
f 1735/1536/1527 1733/1534/1525 1734/1535/1526
f 1735/1536/1527 1734/1535/1526 1736/1537/1528
f 1737/1538/1529 1736/1537/1528 1734/1535/1526
f 1737/1538/1529 1738/1539/1530 1736/1537/1528
f 1739/1540/1531 1736/1537/1528 1738/1539/1530
f 1738/1539/1530 1740/1541/1520 1739/1540/1531
f 1741/1542/1532 1739/1540/1531 1740/1541/1520
f 1740/1541/1520 1742/1543/1533 1741/1542/1532
f 1743/1544/1534 1741/1542/1532 1742/1543/1533
f 1744/1545/1535 1745/1546/1536 1746/1547/1537
f 1747/1548/1538 1746/1547/1537 1745/1546/1536
f 1745/1546/1536 1748/1549/1539 1747/1548/1538
f 1749/1550/1540 1747/1548/1538 1748/1549/1539
f 1748/1549/1539 1750/1551/1525 1749/1550/1540
f 1751/1552/1541 1749/1550/1540 1750/1551/1525
f 1751/1552/1541 1750/1551/1525 1752/1553/1542
f 1753/1554/1527 1752/1553/1542 1750/1551/1525
f 1752/1553/1542 1753/1554/1527 1754/1555/1543
f 1755/1556/1544 1754/1555/1543 1753/1554/1527
f 1755/1556/1544 1756/1557/1545 1754/1555/1543
f 1757/1558/1546 1754/1555/1543 1756/1557/1545
f 1756/1557/1545 1758/1559/1547 1757/1558/1546
f 1759/1560/1548 1757/1558/1546 1758/1559/1547
f 1758/1559/1547 1760/1561/1081 1759/1560/1548
f 1761/1562/1549 1759/1560/1548 1760/1561/1081
f 1760/1561/1081 1762/1563/1080 1761/1562/1549
f 1763/1564/1550 1761/1562/1549 1762/1563/1080
f 1762/1563/1080 1764/1565/1083 1763/1564/1550
f 1765/1566/1236 1763/1564/1550 1764/1565/1083
f 1766/1567/1551 1767/1568/1552 1768/1569/1412
f 1767/1568/1552 1766/1567/1551 1769/1570/1409
f 1770/1571/1408 1769/1570/1409 1766/1567/1551
f 1769/1570/1409 1770/1571/1408 1771/1572/1407
f 1772/1573/1406 1771/1572/1407 1770/1571/1408
f 1771/1572/1407 1772/1573/1406 1773/1574/1553
f 1774/1575/1404 1773/1574/1553 1772/1573/1406
f 1773/1574/1553 1774/1575/1404 1775/1576/1554
f 1776/1577/1402 1775/1576/1554 1774/1575/1404
f 1775/1576/1554 1776/1577/1402 1777/1578/1401
f 1778/1579/1400 1777/1578/1401 1776/1577/1402
f 1777/1578/1401 1778/1579/1400 1779/1580/1399
f 1780/1581/1398 1779/1580/1399 1778/1579/1400
f 1779/1580/1399 1780/1581/1398 1781/1582/1555
f 1782/1583/1396 1781/1582/1555 1780/1581/1398
f 1781/1582/1555 1782/1583/1396 1783/1584/1556
f 1784/1585/1557 1783/1584/1556 1782/1583/1396
f 1783/1584/1556 1784/1585/1557 1785/1586/1558
f 1786/1587/1435 1785/1586/1558 1784/1585/1557
f 1785/1586/1558 1786/1587/1435 1787/1588/1434
f 1784/1585/1557 1788/1589/1436 1786/1587/1435
f 1788/1589/1436 1784/1585/1557 1789/1590/1438
f 1782/1583/1396 1789/1590/1438 1784/1585/1557
f 1790/1591/1416 1786/1587/1435 1788/1589/1436
f 1791/1592/1414 1787/1588/1434 1786/1587/1435
f 1786/1587/1435 1790/1591/1416 1791/1592/1414
f 1787/1588/1434 1791/1592/1414 1792/1593/1559
f 1768/1569/1412 1792/1593/1559 1791/1592/1414
f 1792/1593/1559 1768/1569/1412 1767/1568/1552
f 1775/1576/1554 1793/1594/1560 1773/1574/1553
f 1777/1578/1401 1794/1578/1440 1775/1576/1554
f 1793/1594/1560 1775/1576/1554 1794/1578/1440
f 1794/1578/1440 1777/1578/1401 1795/1595/1439
f 1779/1580/1399 1795/1595/1439 1777/1578/1401
f 1795/1595/1439 1779/1580/1399 1796/1596/1437
f 1789/1590/1438 1796/1596/1437 1788/1589/1436
f 1796/1596/1437 1789/1590/1438 1795/1595/1439
f 1781/1582/1555 1796/1596/1437 1779/1580/1399
f 1796/1596/1437 1781/1582/1555 1797/1597/1433
f 1783/1584/1556 1797/1597/1433 1781/1582/1555
f 1788/1589/1436 1797/1597/1433 1790/1591/1416
f 1797/1597/1433 1788/1589/1436 1796/1596/1437
f 1798/1598/1561 1790/1591/1416 1797/1597/1433
f 1785/1586/1558 1798/1598/1561 1783/1584/1556
f 1797/1597/1433 1783/1584/1556 1798/1598/1561
f 1787/1588/1434 1799/1599/1431 1785/1586/1558
f 1798/1598/1561 1785/1586/1558 1799/1599/1431
f 1799/1599/1431 1787/1588/1434 1800/1600/1430
f 1792/1593/1559 1800/1600/1430 1787/1588/1434
f 1800/1600/1430 1792/1593/1559 1801/1601/1562
f 1767/1568/1552 1801/1601/1562 1792/1593/1559
f 1799/1599/1431 1802/1602/1415 1798/1598/1561
f 1790/1591/1416 1798/1598/1561 1802/1602/1415
f 1802/1602/1415 1791/1592/1414 1790/1591/1416
f 1791/1592/1414 1802/1602/1415 1768/1569/1412
f 1803/1603/1417 1768/1569/1412 1802/1602/1415
f 1802/1602/1415 1799/1599/1431 1803/1603/1417
f 1800/1600/1430 1803/1603/1417 1799/1599/1431
f 1768/1569/1412 1803/1603/1417 1766/1567/1551
f 1801/1601/1562 1804/1604/1418 1800/1600/1430
f 1803/1603/1417 1800/1600/1430 1804/1604/1418
f 1766/1567/1551 1804/1604/1418 1770/1571/1408
f 1804/1604/1418 1766/1567/1551 1803/1603/1417
f 1805/1605/1563 1770/1571/1408 1804/1604/1418
f 1770/1571/1408 1805/1605/1563 1772/1573/1406
f 1804/1604/1418 1801/1601/1562 1805/1605/1563
f 1801/1601/1562 1767/1568/1552 1806/1606/1564
f 1806/1606/1564 1805/1605/1563 1801/1601/1562
f 1769/1570/1409 1806/1606/1564 1767/1568/1552
f 1807/1605/1565 1772/1573/1406 1805/1605/1563
f 1772/1573/1406 1807/1605/1565 1774/1575/1404
f 1805/1605/1563 1806/1606/1564 1807/1605/1565
f 1771/1572/1407 1808/1606/1566 1769/1570/1409
f 1806/1606/1564 1769/1570/1409 1808/1606/1566
f 1808/1606/1566 1807/1605/1565 1806/1606/1564
f 1809/1607/1421 1774/1575/1404 1807/1605/1565
f 1807/1605/1565 1808/1606/1566 1809/1607/1421
f 1774/1575/1404 1809/1607/1421 1776/1577/1402
f 1773/1574/1553 1810/1608/1426 1771/1572/1407
f 1810/1608/1426 1809/1607/1421 1808/1606/1566
f 1808/1606/1566 1771/1572/1407 1810/1608/1426
f 1810/1608/1426 1773/1574/1553 1793/1594/1560
f 1776/1577/1402 1811/1609/1422 1778/1579/1400
f 1793/1594/1560 1811/1609/1422 1810/1608/1426
f 1809/1607/1421 1810/1608/1426 1811/1609/1422
f 1811/1609/1422 1776/1577/1402 1809/1607/1421
f 1794/1578/1440 1812/1579/1423 1793/1594/1560
f 1811/1609/1422 1793/1594/1560 1812/1579/1423
f 1812/1579/1423 1778/1579/1400 1811/1609/1422
f 1778/1579/1400 1812/1579/1423 1780/1581/1398
f 1813/1610/1424 1795/1595/1439 1789/1590/1438
f 1813/1610/1424 1780/1581/1398 1812/1579/1423
f 1789/1590/1438 1782/1583/1396 1813/1610/1424
f 1795/1595/1439 1813/1610/1424 1794/1578/1440
f 1812/1579/1423 1794/1578/1440 1813/1610/1424
f 1780/1581/1398 1813/1610/1424 1782/1583/1396
f 1814/1611/1567 1815/1612/1568 1816/1613/1569
f 1816/1613/1569 1817/1614/1570 1814/1611/1567
f 1817/1614/1570 1816/1613/1569 1818/1615/1571
f 1818/1615/1571 1819/1616/1572 1817/1614/1570
f 1819/1616/1572 1818/1615/1571 1820/1617/1573
f 1820/1617/1573 1821/1618/1574 1819/1616/1572
f 1821/1618/1574 1820/1617/1573 1822/1619/1575
f 1822/1619/1575 1823/1620/1576 1821/1618/1574
f 1823/1620/1576 1822/1619/1575 1824/1621/1577
f 1824/1621/1577 1825/1622/1578 1823/1620/1576
f 1825/1622/1578 1824/1621/1577 1826/1623/1579
f 1826/1623/1579 1827/1624/1580 1825/1622/1578
f 1827/1624/1580 1826/1623/1579 1828/1625/1581
f 1828/1625/1581 1829/1626/1582 1827/1624/1580
f 1829/1626/1582 1828/1625/1581 1830/1627/1583
f 1815/1612/1568 1814/1611/1567 1831/1628/1584
f 1832/1629/1585 1816/1613/1569 1815/1612/1568
f 1815/1612/1568 1831/1628/1584 1832/1629/1585
f 1816/1613/1569 1832/1629/1585 1833/1630/1586
f 1833/1630/1586 1818/1615/1571 1816/1613/1569
f 1834/1631/1587 1820/1617/1573 1818/1615/1571
f 1818/1615/1571 1833/1630/1586 1834/1631/1587
f 1835/1632/1588 1822/1619/1575 1820/1617/1573
f 1820/1617/1573 1834/1631/1587 1835/1632/1588
f 1822/1619/1575 1835/1632/1588 1836/1633/1589
f 1836/1633/1589 1824/1621/1577 1822/1619/1575
f 1837/1634/1590 1826/1623/1579 1824/1621/1577
f 1824/1621/1577 1836/1633/1589 1837/1634/1590
f 1838/1635/1591 1828/1625/1581 1826/1623/1579
f 1826/1623/1579 1837/1634/1590 1838/1635/1591
f 1839/1636/1592 1830/1627/1583 1828/1625/1581
f 1828/1625/1581 1838/1635/1591 1839/1636/1592
f 1830/1627/1583 1839/1636/1592 1840/1637/1593
f 1830/1627/1583 1840/1637/1593 1829/1626/1582
f 1841/1638/1594 1833/1630/1586 1832/1629/1585
f 1841/1638/1594 1832/1629/1585 1831/1628/1584
f 1831/1628/1584 1842/1639/1595 1841/1638/1594
f 1842/1639/1595 1834/1631/1587 1833/1630/1586
f 1833/1630/1586 1841/1638/1594 1842/1639/1595
f 1842/1639/1595 1831/1628/1584 1814/1611/1567
f 1843/1640/1596 1835/1632/1588 1834/1631/1587
f 1843/1640/1596 1814/1611/1567 1817/1614/1570
f 1814/1611/1567 1843/1640/1596 1842/1639/1595
f 1834/1631/1587 1842/1639/1595 1843/1640/1596
f 1817/1614/1570 1844/1641/1597 1843/1640/1596
f 1835/1632/1588 1843/1640/1596 1844/1641/1597
f 1844/1641/1597 1817/1614/1570 1819/1616/1572
f 1844/1641/1597 1836/1633/1589 1835/1632/1588
f 1836/1633/1589 1844/1641/1597 1845/1642/1598
f 1845/1642/1598 1819/1616/1572 1821/1618/1574
f 1845/1642/1598 1837/1634/1590 1836/1633/1589
f 1819/1616/1572 1845/1642/1598 1844/1641/1597
f 1837/1634/1590 1845/1642/1598 1846/1643/1599
f 1821/1618/1574 1846/1643/1599 1845/1642/1598
f 1846/1643/1599 1838/1635/1591 1837/1634/1590
f 1846/1643/1599 1821/1618/1574 1823/1620/1576
f 1823/1620/1576 1847/1644/1600 1846/1643/1599
f 1847/1644/1600 1839/1636/1592 1838/1635/1591
f 1847/1644/1600 1823/1620/1576 1825/1622/1578
f 1838/1635/1591 1846/1643/1599 1847/1644/1600
f 1848/1645/1601 1825/1622/1578 1827/1624/1580
f 1839/1636/1592 1847/1644/1600 1848/1645/1601
f 1848/1645/1601 1840/1637/1593 1839/1636/1592
f 1825/1622/1578 1848/1645/1601 1847/1644/1600
f 1849/1646/1602 1827/1624/1580 1829/1626/1582
f 1849/1646/1602 1829/1626/1582 1840/1637/1593
f 1840/1637/1593 1848/1645/1601 1849/1646/1602
f 1827/1624/1580 1849/1646/1602 1848/1645/1601
f 1850/1647/1603 1851/1648/1604 1852/1649/1605
f 1852/1649/1605 1853/1650/1606 1850/1647/1603
f 1854/1651/1607 1850/1647/1603 1853/1650/1606
f 1853/1650/1606 1855/1652/1608 1854/1651/1607
f 1855/1652/1608 1853/1650/1606 1856/1653/1609
f 1856/1653/1609 1857/1654/1610 1855/1652/1608
f 1857/1654/1610 1856/1653/1609 1858/1655/1611
f 1858/1655/1611 1859/1655/1612 1857/1654/1610
f 1859/1655/1612 1858/1655/1611 1860/1656/1613
f 1860/1656/1613 1861/1657/1614 1859/1655/1612
f 1861/1657/1614 1860/1656/1613 1862/1658/1615
f 1862/1658/1615 1863/1659/1616 1861/1657/1614
f 1863/1659/1616 1862/1658/1615 1864/1660/1617
f 1864/1660/1617 1865/1661/1618 1863/1659/1616
f 1865/1661/1618 1864/1660/1617 1866/1662/1619
f 1866/1662/1619 1867/1663/1620 1865/1661/1618
f 1867/1663/1620 1866/1662/1619 1868/1664/1621
f 1868/1664/1621 1869/1665/1622 1867/1663/1620
f 1870/1666/1623 1856/1653/1609 1853/1650/1606
f 1853/1650/1606 1852/1649/1605 1870/1666/1623
f 1856/1653/1609 1870/1666/1623 1871/1667/1624
f 1871/1667/1624 1858/1655/1611 1856/1653/1609
f 1872/1668/1625 1860/1656/1613 1858/1655/1611
f 1858/1655/1611 1871/1667/1624 1872/1668/1625
f 1873/1669/1626 1862/1658/1615 1860/1656/1613
f 1860/1656/1613 1872/1668/1625 1873/1669/1626
f 1874/1670/1627 1864/1660/1617 1862/1658/1615
f 1862/1658/1615 1873/1669/1626 1874/1670/1627
f 1875/1671/1628 1866/1662/1619 1864/1660/1617
f 1864/1660/1617 1874/1670/1627 1875/1671/1628
f 1866/1662/1619 1875/1671/1628 1876/1669/1629
f 1876/1669/1629 1868/1664/1621 1866/1662/1619
f 1868/1664/1621 1876/1669/1629 1877/1672/1630
f 1869/1665/1622 1868/1664/1621 1878/1673/1631
f 1877/1672/1630 1878/1673/1631 1868/1664/1621
f 1878/1673/1631 1877/1672/1630 1879/1674/1632
f 1879/1674/1632 1880/1675/1633 1878/1673/1631
f 1881/1667/1634 1859/1655/1612 1861/1657/1614
f 1881/1667/1634 1871/1667/1624 1870/1666/1623
f 1871/1667/1624 1881/1667/1634 1882/1676/1635
f 1882/1676/1635 1872/1668/1625 1871/1667/1624
f 1882/1676/1635 1861/1657/1614 1863/1659/1616
f 1861/1657/1614 1882/1676/1635 1881/1667/1634
f 1883/1677/1636 1873/1669/1626 1872/1668/1625
f 1863/1659/1616 1883/1677/1636 1882/1676/1635
f 1883/1677/1636 1863/1659/1616 1865/1661/1618
f 1872/1668/1625 1882/1676/1635 1883/1677/1636
f 1884/1678/1637 1865/1661/1618 1867/1663/1620
f 1865/1661/1618 1884/1678/1637 1883/1677/1636
f 1873/1669/1626 1883/1677/1636 1884/1678/1637
f 1884/1678/1637 1874/1670/1627 1873/1669/1626
f 1885/1679/1638 1867/1663/1620 1869/1665/1622
f 1874/1670/1627 1884/1678/1637 1885/1679/1638
f 1885/1679/1638 1875/1671/1628 1874/1670/1627
f 1867/1663/1620 1885/1679/1638 1884/1678/1637
f 1886/1680/1639 1876/1669/1629 1875/1671/1628
f 1875/1671/1628 1885/1679/1638 1886/1680/1639
f 1869/1665/1622 1886/1680/1639 1885/1679/1638
f 1876/1669/1629 1886/1680/1639 1887/1681/1640
f 1887/1681/1640 1877/1672/1630 1876/1669/1629
f 1888/1682/1641 1879/1674/1632 1877/1672/1630
f 1877/1672/1630 1887/1681/1640 1888/1682/1641
f 1879/1674/1632 1888/1682/1641 1889/1683/1642
f 1880/1675/1633 1879/1674/1632 1890/1684/1643
f 1889/1683/1642 1890/1684/1643 1879/1674/1632
f 1890/1684/1643 1889/1683/1642 1891/1685/1644
f 1891/1685/1644 1892/1686/1645 1890/1684/1643
f 1893/1687/1646 1887/1681/1640 1886/1680/1639
f 1878/1673/1631 1893/1687/1646 1869/1665/1622
f 1893/1687/1646 1878/1673/1631 1880/1675/1633
f 1886/1680/1639 1869/1665/1622 1893/1687/1646
f 1887/1681/1640 1893/1687/1646 1894/1688/1647
f 1894/1688/1647 1888/1682/1641 1887/1681/1640
f 1880/1675/1633 1894/1688/1647 1893/1687/1646
f 1895/1689/1648 1889/1683/1642 1888/1682/1641
f 1888/1682/1641 1894/1688/1647 1895/1689/1648
f 1896/1690/1649 1891/1685/1644 1889/1683/1642
f 1889/1683/1642 1895/1689/1648 1896/1690/1649
f 1891/1685/1644 1896/1690/1649 1897/1691/1650
f 1892/1686/1645 1891/1685/1644 1898/1692/1651
f 1897/1691/1650 1898/1692/1651 1891/1685/1644
f 1898/1692/1651 1897/1691/1650 1851/1648/1604
f 1851/1648/1604 1850/1647/1603 1898/1692/1651
f 1899/1693/1652 1898/1692/1651 1850/1647/1603
f 1898/1692/1651 1899/1693/1652 1892/1686/1645
f 1850/1647/1603 1854/1651/1607 1899/1693/1652
f 1890/1684/1643 1900/1694/1653 1880/1675/1633
f 1894/1688/1647 1880/1675/1633 1900/1694/1653
f 1900/1694/1653 1890/1684/1643 1892/1686/1645
f 1900/1694/1653 1895/1689/1648 1894/1688/1647
f 1901/1695/1654 1896/1690/1649 1895/1689/1648
f 1892/1686/1645 1901/1695/1654 1900/1694/1653
f 1901/1695/1654 1892/1686/1645 1899/1693/1652
f 1895/1689/1648 1900/1694/1653 1901/1695/1654
f 1902/1696/1655 1899/1693/1652 1854/1651/1607
f 1899/1693/1652 1902/1696/1655 1901/1695/1654
f 1902/1696/1655 1897/1691/1650 1896/1690/1649
f 1896/1690/1649 1901/1695/1654 1902/1696/1655
f 1903/1697/1656 1854/1651/1607 1855/1652/1608
f 1903/1697/1656 1851/1648/1604 1897/1691/1650
f 1897/1691/1650 1902/1696/1655 1903/1697/1656
f 1854/1651/1607 1903/1697/1656 1902/1696/1655
f 1855/1652/1608 1904/1698/1657 1903/1697/1656
f 1904/1698/1657 1855/1652/1608 1857/1654/1610
f 1904/1698/1657 1852/1649/1605 1851/1648/1604
f 1851/1648/1604 1903/1697/1656 1904/1698/1657
f 1859/1655/1612 1881/1667/1634 1905/1699/1658
f 1905/1699/1658 1857/1654/1610 1859/1655/1612
f 1857/1654/1610 1905/1699/1658 1904/1698/1657
f 1870/1666/1623 1905/1699/1658 1881/1667/1634
f 1905/1699/1658 1870/1666/1623 1852/1649/1605
f 1852/1649/1605 1904/1698/1657 1905/1699/1658
f 1906/1700/1659 1907/1701/1660 1908/1702/1661
f 1907/1701/1660 1906/1700/1659 1909/1703/1662
f 1910/1704/1663 1909/1703/1662 1906/1700/1659
f 1909/1703/1662 1910/1704/1663 1911/1705/1664
f 1912/1706/1665 1911/1705/1664 1910/1704/1663
f 1911/1705/1664 1912/1706/1665 1913/1707/1666
f 1914/1708/1667 1913/1707/1666 1912/1706/1665
f 1913/1707/1666 1914/1708/1667 1915/1709/1668
f 1916/1710/1669 1915/1709/1668 1914/1708/1667
f 1915/1709/1668 1916/1710/1669 1917/1711/1670
f 1918/1712/1671 1917/1711/1670 1916/1710/1669
f 1917/1711/1670 1918/1712/1671 1919/1713/1672
f 1920/1714/1673 1919/1713/1672 1918/1712/1671
f 1919/1713/1672 1920/1714/1673 1921/1715/1674
f 1922/1716/1675 1921/1715/1674 1920/1714/1673
f 1921/1715/1674 1922/1716/1675 1923/1717/1676
f 1924/1718/1677 1923/1717/1676 1922/1716/1675
f 1923/1717/1676 1924/1718/1677 1925/1719/1678
f 1909/1703/1662 1926/1720/1679 1907/1701/1660
f 1911/1705/1664 1927/1721/1680 1909/1703/1662
f 1926/1720/1679 1909/1703/1662 1927/1721/1680
f 1927/1721/1680 1911/1705/1664 1928/1722/1681
f 1913/1707/1666 1928/1722/1681 1911/1705/1664
f 1915/1709/1668 1929/1723/1682 1913/1707/1666
f 1928/1722/1681 1913/1707/1666 1929/1723/1682
f 1917/1711/1670 1930/1724/1683 1915/1709/1668
f 1929/1723/1682 1915/1709/1668 1930/1724/1683
f 1919/1713/1672 1931/1725/1684 1917/1711/1670
f 1930/1724/1683 1917/1711/1670 1931/1725/1684
f 1931/1725/1684 1919/1713/1672 1932/1726/1685
f 1921/1715/1674 1932/1726/1685 1919/1713/1672
f 1923/1717/1676 1933/1727/1686 1921/1715/1674
f 1932/1726/1685 1921/1715/1674 1933/1727/1686
f 1925/1719/1678 1934/1728/1687 1923/1717/1676
f 1933/1727/1686 1923/1717/1676 1934/1728/1687
f 1934/1728/1687 1925/1719/1678 1935/1729/1688
f 1908/1702/1661 1936/1730/1689 1906/1700/1659
f 1937/1731/1690 1936/1730/1689 1935/1729/1688
f 1938/1732/1691 1906/1700/1659 1936/1730/1689
f 1936/1730/1689 1937/1731/1690 1938/1732/1691
f 1906/1700/1659 1938/1732/1691 1910/1704/1663
f 1935/1729/1688 1939/1733/1692 1934/1728/1687
f 1939/1733/1692 1935/1729/1688 1936/1730/1689
f 1936/1730/1689 1908/1702/1661 1939/1733/1692
f 1940/1734/1693 1934/1728/1687 1939/1733/1692
f 1934/1728/1687 1940/1734/1693 1933/1727/1686
f 1941/1735/1694 1933/1727/1686 1940/1734/1693
f 1933/1727/1686 1941/1735/1694 1932/1726/1685
f 1941/1735/1694 1924/1718/1677 1942/1736/1695
f 1942/1736/1695 1932/1726/1685 1941/1735/1694
f 1932/1726/1685 1942/1736/1695 1931/1725/1684
f 1922/1716/1675 1942/1736/1695 1924/1718/1677
f 1931/1725/1684 1943/1737/1696 1930/1724/1683
f 1943/1737/1696 1931/1725/1684 1942/1736/1695
f 1942/1736/1695 1922/1716/1675 1943/1737/1696
f 1920/1714/1673 1943/1737/1696 1922/1716/1675
f 1918/1712/1671 1944/1738/1697 1920/1714/1673
f 1944/1738/1697 1930/1724/1683 1943/1737/1696
f 1930/1724/1683 1944/1738/1697 1929/1723/1682
f 1943/1737/1696 1920/1714/1673 1944/1738/1697
f 1929/1723/1682 1945/1739/1698 1928/1722/1681
f 1945/1739/1698 1929/1723/1682 1944/1738/1697
f 1916/1710/1669 1945/1739/1698 1918/1712/1671
f 1944/1738/1697 1918/1712/1671 1945/1739/1698
f 1946/1740/1699 1928/1722/1681 1945/1739/1698
f 1945/1739/1698 1916/1710/1669 1946/1740/1699
f 1928/1722/1681 1946/1740/1699 1927/1721/1680
f 1914/1708/1667 1946/1740/1699 1916/1710/1669
f 1946/1740/1699 1914/1708/1667 1947/1741/1700
f 1947/1741/1700 1927/1721/1680 1946/1740/1699
f 1927/1721/1680 1947/1741/1700 1926/1720/1679
f 1912/1706/1665 1947/1741/1700 1914/1708/1667
f 1935/1729/1688 1948/1742/1701 1937/1731/1690
f 1948/1742/1701 1935/1729/1688 1925/1719/1678
f 1949/1743/1702 1937/1731/1690 1948/1742/1701
f 1949/1743/1702 1908/1702/1661 1907/1701/1660
f 1937/1731/1690 1949/1743/1702 1950/1744/1703
f 1950/1744/1703 1907/1701/1660 1926/1720/1679
f 1907/1701/1660 1950/1744/1703 1949/1743/1702
f 1950/1744/1703 1938/1732/1691 1937/1731/1690
f 1926/1720/1679 1951/1745/1704 1950/1744/1703
f 1951/1745/1704 1926/1720/1679 1947/1741/1700
f 1947/1741/1700 1912/1706/1665 1951/1745/1704
f 1951/1745/1704 1910/1704/1663 1938/1732/1691
f 1938/1732/1691 1950/1744/1703 1951/1745/1704
f 1910/1704/1663 1951/1745/1704 1912/1706/1665
f 1940/1734/1693 1952/1746/1705 1941/1735/1694
f 1925/1719/1678 1952/1746/1705 1948/1742/1701
f 1952/1746/1705 1925/1719/1678 1924/1718/1677
f 1924/1718/1677 1941/1735/1694 1952/1746/1705
f 1952/1746/1705 1940/1734/1693 1953/1747/1706
f 1953/1747/1706 1948/1742/1701 1952/1746/1705
f 1948/1742/1701 1953/1747/1706 1949/1743/1702
f 1908/1702/1661 1949/1743/1702 1953/1747/1706
f 1939/1733/1692 1953/1747/1706 1940/1734/1693
f 1953/1747/1706 1939/1733/1692 1908/1702/1661
f 1954/1748/1707 1955/1749/1708 1956/1750/1709
f 1955/1749/1708 1954/1748/1707 1957/1751/1710
f 1958/1752/1711 1957/1751/1710 1954/1748/1707
f 1957/1751/1710 1958/1752/1711 1959/1753/1712
f 1960/1754/1713 1959/1753/1712 1958/1752/1711
f 1959/1753/1712 1960/1754/1713 1961/1755/1714
f 1962/1756/1715 1961/1755/1714 1960/1754/1713
f 1961/1755/1714 1962/1756/1715 1963/1757/1716
f 1964/1758/1717 1963/1757/1716 1962/1756/1715
f 1963/1757/1716 1964/1758/1717 1965/1759/1718
f 1966/1760/1719 1965/1759/1718 1964/1758/1717
f 1965/1759/1718 1966/1760/1719 1967/1761/1720
f 1968/1762/1721 1967/1761/1720 1966/1760/1719
f 1967/1761/1720 1968/1762/1721 1969/1763/1722
f 1970/1764/1723 1969/1763/1722 1968/1762/1721
f 1969/1763/1722 1970/1764/1723 1971/1765/1724
f 1972/1766/1725 1971/1765/1724 1970/1764/1723
f 1971/1765/1724 1972/1766/1725 1973/1767/1726
f 1974/1768/1727 1973/1767/1726 1972/1766/1725
f 1973/1767/1726 1974/1768/1727 1975/1769/1728
f 1972/1766/1725 1976/1770/1729 1974/1768/1727
f 1976/1770/1729 1972/1766/1725 1977/1771/1730
f 1970/1764/1723 1977/1771/1730 1972/1766/1725
f 1978/1772/1731 1974/1768/1727 1976/1770/1729
f 1979/1773/1732 1975/1769/1728 1974/1768/1727
f 1974/1768/1727 1978/1772/1731 1979/1773/1732
f 1956/1750/1709 1980/1774/1733 1979/1773/1732
f 1980/1774/1733 1956/1750/1709 1955/1749/1708
f 1975/1769/1728 1979/1773/1732 1980/1774/1733
f 1980/1774/1733 1981/1775/1734 1975/1769/1728
f 1981/1775/1734 1980/1774/1733 1982/1776/1735
f 1955/1749/1708 1982/1776/1735 1980/1774/1733
f 1983/1777/1736 1975/1769/1728 1981/1775/1734
f 1975/1769/1728 1983/1777/1736 1973/1767/1726
f 1973/1767/1726 1984/1778/1737 1971/1765/1724
f 1984/1778/1737 1973/1767/1726 1983/1777/1736
f 1971/1765/1724 1985/1779/1738 1969/1763/1722
f 1984/1778/1737 1978/1772/1731 1985/1779/1738
f 1976/1770/1729 1985/1779/1738 1978/1772/1731
f 1985/1779/1738 1971/1765/1724 1984/1778/1737
f 1985/1779/1738 1976/1770/1729 1986/1780/1739
f 1986/1780/1739 1969/1763/1722 1985/1779/1738
f 1969/1763/1722 1986/1780/1739 1967/1761/1720
f 1977/1771/1730 1986/1780/1739 1976/1770/1729
f 1967/1761/1720 1987/1781/1740 1965/1759/1718
f 1987/1781/1740 1967/1761/1720 1986/1780/1739
f 1986/1780/1739 1977/1771/1730 1987/1781/1740
f 1965/1759/1718 1988/1782/1741 1963/1757/1716
f 1988/1782/1741 1965/1759/1718 1987/1781/1740
f 1989/1783/1742 1963/1757/1716 1988/1782/1741
f 1963/1757/1716 1989/1783/1742 1961/1755/1714
f 1990/1784/1743 1961/1755/1714 1989/1783/1742
f 1961/1755/1714 1990/1784/1743 1959/1753/1712
f 1959/1753/1712 1991/1785/1744 1957/1751/1710
f 1991/1785/1744 1959/1753/1712 1990/1784/1743
f 1957/1751/1710 1992/1786/1745 1955/1749/1708
f 1982/1776/1735 1955/1749/1708 1992/1786/1745
f 1992/1786/1745 1957/1751/1710 1991/1785/1744
f 1993/1787/1746 1979/1773/1732 1978/1772/1731
f 1983/1777/1736 1993/1787/1746 1984/1778/1737
f 1979/1773/1732 1993/1787/1746 1956/1750/1709
f 1978/1772/1731 1984/1778/1737 1993/1787/1746
f 1968/1762/1721 1994/1788/1747 1970/1764/1723
f 1977/1771/1730 1970/1764/1723 1994/1788/1747
f 1994/1788/1747 1987/1781/1740 1977/1771/1730
f 1987/1781/1740 1994/1788/1747 1988/1782/1741
f 1966/1760/1719 1995/1789/1748 1968/1762/1721
f 1994/1788/1747 1968/1762/1721 1995/1789/1748
f 1988/1782/1741 1995/1789/1748 1989/1783/1742
f 1995/1789/1748 1988/1782/1741 1994/1788/1747
f 1964/1758/1717 1996/1790/1749 1966/1760/1719
f 1989/1783/1742 1996/1790/1749 1990/1784/1743
f 1995/1789/1748 1966/1760/1719 1996/1790/1749
f 1996/1790/1749 1989/1783/1742 1995/1789/1748
f 1990/1784/1743 1997/1791/1750 1991/1785/1744
f 1997/1791/1750 1990/1784/1743 1996/1790/1749
f 1962/1756/1715 1997/1791/1750 1964/1758/1717
f 1996/1790/1749 1964/1758/1717 1997/1791/1750
f 1991/1785/1744 1998/1792/1751 1992/1786/1745
f 1998/1792/1751 1991/1785/1744 1997/1791/1750
f 1997/1791/1750 1962/1756/1715 1998/1792/1751
f 1960/1754/1713 1998/1792/1751 1962/1756/1715
f 1958/1752/1711 1999/1793/1752 1960/1754/1713
f 1998/1792/1751 1960/1754/1713 1999/1793/1752
f 1992/1786/1745 1999/1793/1752 1982/1776/1735
f 1999/1793/1752 1992/1786/1745 1998/1792/1751
f 1999/1793/1752 1958/1752/1711 2000/1794/1753
f 2000/1794/1753 1982/1776/1735 1999/1793/1752
f 1982/1776/1735 2000/1794/1753 1981/1775/1734
f 1954/1748/1707 2000/1794/1753 1958/1752/1711
f 2001/1795/1754 1956/1750/1709 1993/1787/1746
f 2001/1795/1754 1981/1775/1734 2000/1794/1753
f 1956/1750/1709 2001/1795/1754 1954/1748/1707
f 2000/1794/1753 1954/1748/1707 2001/1795/1754
f 1981/1775/1734 2001/1795/1754 1983/1777/1736
f 1993/1787/1746 1983/1777/1736 2001/1795/1754
o mesh0
v 0.007270 -0.033431 -0.003343
v 0.007760 -0.033431 0.001322
v 0.007270 -0.033431 0.001322
v -0.001628 -0.072709 0.010290
v 0.007760 -0.072709 0.010290
v -0.001628 -0.046282 0.010290
v 0.007760 -0.046282 0.010290
v 0.000425 0.005793 -0.034897
v 0.003067 0.007481 -0.034904
v -0.005973 -0.000887 -0.034879
v -0.003424 0.003226 -0.034886
v 0.012105 -0.000887 -0.034879
v 0.007823 -0.019509 -0.034890
v 0.012105 -0.014963 -0.034880
v 0.003067 -0.021600 -0.034893
v -0.001691 -0.019509 -0.034890
v -0.005973 -0.014963 -0.034880
v 0.005708 0.005793 -0.034897
v 0.009556 0.003226 -0.034886
v 0.003669 -0.031171 0.024483
v 0.003832 -0.031691 0.025202
v 0.004552 -0.031171 0.024058
v 0.004078 -0.036113 0.026279
v 0.002279 -0.036113 0.026279
v 0.005012 -0.031691 0.024634
v 0.005163 -0.031171 0.023292
v -0.000792 -0.036113 0.024249
v -0.000466 -0.036113 0.024090
v -0.001229 -0.036113 0.022336
v 0.000656 -0.036113 0.025498
v 0.000430 -0.036113 0.025781
v 0.002198 -0.036113 0.026633
v 0.004159 -0.036113 0.026633
v 0.005701 -0.036113 0.025498
v 0.005827 -0.031691 0.023611
v 0.005382 -0.031171 0.022336
v 0.002688 -0.031171 0.024483
v 0.002525 -0.031691 0.025202
v 0.005701 -0.036113 0.019173
v 0.005012 -0.031691 0.020038
v 0.006823 -0.036113 0.020581
v 0.005827 -0.031691 0.021060
v 0.004552 -0.031171 0.020614
v 0.005163 -0.031171 0.021379
v 0.006118 -0.031691 0.022336
v 0.006823 -0.036113 0.024090
v 0.005927 -0.036113 0.025781
v 0.004159 -0.036877 0.026633
v 0.002198 -0.036877 0.026633
v 0.000430 -0.036877 0.025781
v -0.000792 -0.036877 0.024249
v 0.007224 -0.036113 0.022336
v 0.007149 -0.036113 0.024249
v 0.007586 -0.036113 0.022336
v 0.007149 -0.036113 0.020424
v 0.005927 -0.036113 0.018890
v -0.001229 -0.036877 0.022336
v -0.000792 -0.036877 0.020424
v -0.000792 -0.036113 0.020424
v 0.000430 -0.036877 0.018890
v 0.000430 -0.036113 0.018890
v 0.002198 -0.036877 0.018039
v 0.002198 -0.036113 0.018039
v 0.004159 -0.036877 0.018039
v 0.004159 -0.036113 0.018039
v 0.005927 -0.036877 0.018890
v 0.007149 -0.036877 0.020424
v 0.007586 -0.036877 0.022336
v 0.007149 -0.036877 0.024249
v 0.005927 -0.036877 0.025781
v 0.002688 -0.031171 0.020188
v 0.001194 -0.031171 0.021379
v 0.003669 -0.031171 0.020188
v 0.003832 -0.031691 0.019470
v 0.004078 -0.036113 0.018392
v 0.002279 -0.036113 0.018392
v 0.000656 -0.036113 0.019173
v -0.000466 -0.036113 0.020581
v -0.000867 -0.036113 0.022336
v 0.002525 -0.031691 0.019470
v 0.001345 -0.031691 0.020038
v 0.000530 -0.031691 0.021060
v 0.000239 -0.031691 0.022336
v 0.000530 -0.031691 0.023611
v 0.001345 -0.031691 0.024634
v 0.001805 -0.031171 0.024058
v 0.001194 -0.031171 0.023292
v 0.000976 -0.031171 0.022336
v 0.001805 -0.031171 0.020614
v 0.005042 -0.038149 0.028582
v 0.003070 -0.038149 0.028582
v 0.005385 -0.038920 0.029610
v 0.007552 -0.038920 0.028426
v 0.003070 -0.037012 0.027164
v 0.001097 -0.038149 0.028582
v 0.000747 -0.038920 0.029610
v 0.005042 -0.041503 0.031339
v 0.001097 -0.041503 0.031339
v 0.005042 -0.042781 0.032647
v 0.001097 -0.042781 0.032647
v 0.001407 -0.037012 0.026928
v 0.006897 -0.041503 0.031339
v 0.006922 -0.042781 0.032648
v 0.006922 -0.042782 0.034649
v 0.005042 -0.042782 0.034649
v 0.001097 -0.042782 0.034649
v -0.000790 -0.042782 0.034649
v -0.000790 -0.042781 0.032647
v -0.000765 -0.041503 0.031339
v -0.001420 -0.038920 0.028426
v 0.000204 -0.037012 0.026321
v 0.001097 -0.036996 0.025162
v -0.000875 -0.037012 0.025137
v 0.001097 -0.036986 0.023836
v 0.005042 -0.036996 0.025162
v 0.004732 -0.037012 0.026928
v 0.005928 -0.037012 0.026321
v 0.007008 -0.037012 0.025137
v 0.005042 -0.036986 0.023836
v 0.007648 -0.037012 0.023664
v 0.009221 -0.038920 0.026596
v 0.010211 -0.038920 0.024319
v 0.007780 -0.037012 0.022060
v 0.010414 -0.038920 0.021839
v 0.007389 -0.037012 0.020500
v 0.009810 -0.038920 0.019428
v 0.006517 -0.037012 0.019152
v 0.007760 -0.038350 0.017964
v 0.005042 -0.037028 0.017697
v 0.005042 -0.036990 0.020530
v 0.001097 -0.037028 0.017697
v 0.001097 -0.036990 0.020530
v 0.008461 -0.038920 0.017345
v 0.007760 -0.038906 0.016796
v 0.007881 -0.046283 0.012745
v 0.007760 -0.041488 0.014188
v 0.010712 -0.046289 0.014960
v 0.009810 -0.041503 0.016092
v 0.011487 -0.041503 0.018685
v 0.012240 -0.041503 0.021687
v 0.011986 -0.041503 0.024772
v 0.010754 -0.041503 0.027608
v 0.008677 -0.041503 0.029886
v 0.006934 -0.046289 0.032352
v 0.009398 -0.046289 0.030964
v 0.011809 -0.046289 0.028321
v 0.013238 -0.046289 0.025031
v 0.013532 -0.046289 0.021451
v 0.012658 -0.046289 0.017967
v -0.001628 -0.033431 0.001322
v -0.001138 -0.033431 -0.003343
v -0.001138 -0.033431 0.001322
v 0.001097 -0.036983 0.022996
v 0.005042 -0.036983 0.022996
v 0.001097 -0.036982 0.022289
v 0.005042 -0.036982 0.022289
v 0.001097 -0.036984 0.021542
v -0.001648 -0.037012 0.022060
v -0.001516 -0.037012 0.023664
v -0.004079 -0.038920 0.024319
v -0.003088 -0.038920 0.026596
v -0.004622 -0.041503 0.027608
v -0.002545 -0.041503 0.029886
v -0.000385 -0.037012 0.019152
v -0.001256 -0.037012 0.020500
v -0.004282 -0.038920 0.021839
v -0.005854 -0.041503 0.024772
v -0.005676 -0.046289 0.028321
v -0.003265 -0.046289 0.030964
v -0.000802 -0.046289 0.032352
v -0.007106 -0.046289 0.025031
v -0.006108 -0.041503 0.021687
v -0.003677 -0.038920 0.019428
v -0.001628 -0.038350 0.017964
v -0.007400 -0.046289 0.021451
v -0.005355 -0.041503 0.018685
v -0.002329 -0.038920 0.017345
v -0.001628 -0.038906 0.016796
v -0.003677 -0.041503 0.016092
v -0.001628 -0.041488 0.014188
v -0.004579 -0.046289 0.014959
v -0.001749 -0.046283 0.012745
v -0.006526 -0.046289 0.017967
v 0.005042 -0.036984 0.021542
v 0.001639 -0.045297 0.023747
v 0.002147 -0.045297 0.024173
v 0.001307 -0.045297 0.023172
v 0.001307 -0.045297 0.021866
v 0.001193 -0.045297 0.022519
v 0.002770 -0.045297 0.024400
v 0.003434 -0.045297 0.024400
v 0.004057 -0.045297 0.024173
v 0.004565 -0.045297 0.023747
v 0.002147 -0.045297 0.020865
v 0.001639 -0.045297 0.021292
v 0.004898 -0.045297 0.023172
v 0.004898 -0.047051 0.023172
v 0.005013 -0.045297 0.022519
v 0.004565 -0.047051 0.023747
v 0.004057 -0.047051 0.024173
v 0.003434 -0.047051 0.024400
v 0.002770 -0.047051 0.024400
v 0.002147 -0.047051 0.024173
v 0.001639 -0.047051 0.023747
v 0.001307 -0.047051 0.023172
v 0.001193 -0.047051 0.022519
v 0.001307 -0.047051 0.021866
v 0.002770 -0.045297 0.020638
v 0.003434 -0.045297 0.020638
v 0.004565 -0.045297 0.021292
v 0.004057 -0.045297 0.020865
v 0.004898 -0.045297 0.021866
v 0.001639 -0.047051 0.021292
v 0.002147 -0.047051 0.020865
v 0.002770 -0.047051 0.020638
v 0.003434 -0.047051 0.020638
v 0.004057 -0.047051 0.020865
v 0.004565 -0.047051 0.021292
v 0.004898 -0.047051 0.021866
v 0.005013 -0.047051 0.022519
v -0.000792 -0.036877 0.024249
v -0.001229 -0.036877 0.022336
v 0.000430 -0.036877 0.025781
v 0.007149 -0.036877 0.024249
v 0.004159 -0.036877 0.026633
v 0.005927 -0.036877 0.025781
v 0.002198 -0.036877 0.026633
v 0.007586 -0.036877 0.022336
v 0.007149 -0.036877 0.020424
v 0.004159 -0.036877 0.018039
v 0.000430 -0.036877 0.018890
v -0.000792 -0.036877 0.020424
v 0.005927 -0.036877 0.018890
v 0.002198 -0.036877 0.018039
v 0.003757 -0.019711 0.020297
v 0.003018 -0.019486 0.020215
v 0.004212 -0.020301 0.020512
v 0.003757 -0.021621 0.020992
v 0.004212 -0.021030 0.020777
v 0.003018 -0.021846 0.021073
v 0.002280 -0.021621 0.020992
v 0.001824 -0.020301 0.020512
v 0.002280 -0.019711 0.020297
v 0.001824 -0.021030 0.020777
v -0.000982 -0.020338 0.008972
v 0.007008 -0.020338 0.008972
v -0.000982 -0.027815 0.010245
v 0.007008 -0.027815 0.010245
v -0.000982 -0.027815 0.010245
v 0.007008 -0.027815 0.010245
v -0.000982 -0.027477 0.012761
v 0.006265 -0.027375 0.013515
v -0.000239 -0.027375 0.013515
v 0.005753 -0.026894 0.013341
v 0.000272 -0.026894 0.013341
v 0.005753 -0.027282 0.012268
v 0.000272 -0.027282 0.012268
v 0.007008 -0.027477 0.012761
v 0.007008 -0.020338 0.008972
v 0.007008 -0.020220 0.010135
v 0.007008 -0.027815 0.010245
v 0.007008 -0.027477 0.012761
v 0.006265 -0.020143 0.010896
v 0.005753 -0.020624 0.011071
v 0.005753 -0.021013 0.009998
v 0.000272 -0.021013 0.009998
v 0.000272 -0.020624 0.011071
v -0.000239 -0.020143 0.010896
v -0.000982 -0.027477 0.012761
v -0.000982 -0.020220 0.010135
v -0.000982 -0.027815 0.010245
v -0.000982 -0.020338 0.008972
v 0.007008 -0.020220 0.010135
v 0.007008 -0.020338 0.008972
v -0.000982 -0.020338 0.008972
v -0.000982 -0.020220 0.010135
v -0.002352 -0.031952 0.007226
v -0.003352 -0.028556 0.006938
v -0.002352 -0.031952 0.001028
v -0.000667 -0.017069 0.006839
v 0.001790 -0.016192 0.006903
v -0.000737 -0.010811 0.002352
v 0.000748 -0.019975 0.009371
v -0.001099 -0.019426 0.008666
v -0.003352 -0.022900 0.006517
v -0.003352 -0.028605 0.000361
v -0.001138 -0.033431 -0.003343
v -0.001628 -0.033431 0.001322
v -0.001628 -0.033431 0.009720
v -0.001099 -0.032889 0.009635
v -0.001099 -0.031633 0.009545
v -0.001099 -0.029285 0.009375
v 0.003067 -0.019975 0.009371
v 0.000089 -0.022361 -0.008139
v 0.000089 -0.024459 -0.005866
v -0.003352 -0.020819 -0.004753
v -0.003352 -0.023190 -0.002368
v -0.003352 -0.013622 0.000768
v -0.003352 -0.019206 0.004682
v -0.003352 -0.025147 -0.001008
v 0.000089 -0.029184 -0.003282
v 0.000089 -0.026368 -0.004487
v 0.005384 -0.019975 0.009371
v 0.004344 -0.016192 0.006903
v 0.003067 -0.015754 0.006936
v 0.001790 -0.009744 0.002278
v -0.000947 -0.006571 -0.003952
v -0.003674 -0.009527 -0.005425
v -0.003674 -0.017771 -0.009650
v 0.000002 -0.020016 -0.012332
v 0.006800 -0.017069 0.006839
v 0.007231 -0.019426 0.008666
v 0.006869 -0.010811 0.002352
v 0.004344 -0.009744 0.002278
v 0.003067 -0.009227 0.002242
v 0.001818 -0.005604 -0.003756
v -0.001605 -0.002616 -0.012902
v -0.004328 -0.005996 -0.013593
v -0.004328 -0.015341 -0.015956
v -0.000558 -0.018478 -0.017633
v 0.009484 -0.013622 0.000768
v 0.009484 -0.019206 0.004682
v 0.007079 -0.006571 -0.003952
v 0.004314 -0.005604 -0.003756
v 0.003067 -0.005184 -0.003671
v 0.001304 -0.001421 -0.012904
v -0.002362 0.000106 -0.022030
v -0.005081 -0.003562 -0.022196
v -0.005081 -0.014538 -0.023023
v -0.001124 -0.018237 -0.024260
v 0.003067 -0.019606 -0.017998
v 0.003067 -0.019764 -0.024588
v -0.005973 -0.014963 -0.034880
v -0.005973 -0.000887 -0.034879
v -0.003424 0.003226 -0.034886
v 0.000831 0.001619 -0.022084
v 0.003067 -0.000727 -0.012905
v 0.004830 -0.001421 -0.012904
v 0.007737 -0.002616 -0.012902
v 0.009806 -0.009527 -0.005425
v 0.009484 -0.020819 -0.004753
v 0.009484 -0.023190 -0.002368
v 0.006043 -0.024459 -0.005866
v 0.006043 -0.022361 -0.008139
v 0.009806 -0.017771 -0.009650
v 0.010460 -0.005996 -0.013593
v 0.008494 0.000106 -0.022030
v 0.005302 0.001619 -0.022084
v 0.003067 0.002634 -0.022120
v 0.000425 0.005793 -0.034897
v 0.006130 -0.020016 -0.012332
v 0.010460 -0.015341 -0.015956
v 0.011213 -0.003562 -0.022196
v 0.009556 0.003226 -0.034886
v 0.005708 0.005793 -0.034897
v 0.003067 0.007481 -0.034904
v 0.006692 -0.018478 -0.017633
v 0.011213 -0.014538 -0.023023
v 0.012105 -0.000887 -0.034879
v 0.007257 -0.018237 -0.024260
v 0.012105 -0.014963 -0.034880
v 0.007823 -0.019509 -0.034890
v 0.003067 -0.029321 -0.004172
v 0.003067 -0.033431 -0.004313
v 0.006043 -0.029184 -0.003282
v 0.006043 -0.026368 -0.004487
v 0.003067 -0.026722 -0.005330
v 0.003067 -0.024798 -0.006742
v 0.003067 -0.022776 -0.009012
v 0.003067 -0.020658 -0.012962
v 0.003067 -0.021600 -0.034893
v -0.001691 -0.019509 -0.034890
v 0.007270 -0.033431 -0.003343
v 0.009484 -0.025147 -0.001008
v 0.009484 -0.028605 0.000361
v 0.008484 -0.031952 0.001028
v 0.007760 -0.033431 0.001322
v 0.008484 -0.031952 0.007226
v 0.007760 -0.033431 0.009720
v 0.007231 -0.032889 0.009635
v 0.007231 -0.031633 0.009545
v 0.007231 -0.029285 0.009375
v 0.009484 -0.028556 0.006938
v 0.009484 -0.022900 0.006517
v -0.000806 -0.072709 0.034478
v -0.000795 -0.071825 0.035065
v 0.006937 -0.072709 0.034478
v 0.006928 -0.071825 0.035065
v -0.000792 -0.046298 0.035066
v 0.006924 -0.046298 0.035066
v 0.001097 -0.037028 0.017697
v -0.001628 -0.035547 0.017289
v -0.001628 -0.038350 0.017964
v 0.005042 -0.037028 0.017697
v 0.001097 -0.033431 0.016667
v -0.001628 -0.033431 0.016667
v -0.001099 -0.032889 0.016511
v 0.000748 -0.030156 0.014523
v 0.005384 -0.030156 0.014523
v 0.000748 -0.029542 0.013041
v 0.005384 -0.030854 0.015548
v 0.000748 -0.030854 0.015548
v 0.000748 -0.031444 0.015959
v 0.001097 -0.032889 0.016511
v 0.005042 -0.033431 0.016667
v 0.007760 -0.035547 0.017289
v 0.007760 -0.038350 0.017964
v 0.005384 -0.031444 0.015959
v 0.007760 -0.033431 0.016667
v 0.007231 -0.032889 0.016511
v 0.005042 -0.032889 0.016511
v 0.007231 -0.032193 0.015939
v 0.007231 -0.031353 0.014745
v 0.005384 -0.029542 0.013041
v 0.007231 -0.030624 0.013013
v 0.005384 -0.029053 0.012060
v 0.007231 -0.030066 0.011833
v 0.005384 -0.028408 0.011367
v 0.007231 -0.029311 0.010988
v 0.005384 -0.027431 0.011065
v 0.007231 -0.028221 0.010512
v 0.005384 -0.024799 0.010595
v 0.007231 -0.025083 0.010157
v 0.007231 -0.019426 0.008666
v 0.005384 -0.019975 0.009371
v 0.007231 -0.020302 0.009208
v 0.005384 -0.020722 0.009833
v 0.003067 -0.019975 0.009371
v 0.000748 -0.019975 0.009371
v 0.000748 -0.020722 0.009833
v 0.005384 -0.022663 0.010211
v 0.000748 -0.022663 0.010211
v 0.000748 -0.024799 0.010595
v 0.000748 -0.027431 0.011065
v 0.000748 -0.028408 0.011367
v 0.000748 -0.029053 0.012060
v 0.007231 -0.022537 0.009734
v -0.001099 -0.019426 0.008666
v -0.001099 -0.020302 0.009208
v -0.001099 -0.022537 0.009734
v -0.001099 -0.025083 0.010157
v -0.001099 -0.028221 0.010512
v -0.001099 -0.029311 0.010988
v -0.001099 -0.030066 0.011833
v -0.001099 -0.030624 0.013013
v -0.001099 -0.031353 0.014745
v -0.001099 -0.032193 0.015939
v 0.002684 -0.133114 0.039031
v 0.002684 -0.124076 0.033356
v 0.002684 -0.137030 0.033356
v 0.002684 -0.135252 0.039031
v 0.002684 -0.137030 0.037253
v -0.000789 -0.044168 0.035462
v -0.000790 -0.042782 0.034649
v -0.000788 -0.045389 0.035853
v -0.000792 -0.046298 0.035066
v -0.000785 -0.076423 0.035852
v -0.000795 -0.071825 0.035065
v -0.000790 -0.042781 0.032647
v -0.000802 -0.046289 0.032352
v -0.000765 -0.041503 0.031339
v -0.000777 -0.081215 0.033914
v -0.000784 -0.079038 0.035300
v -0.000777 -0.081215 0.033409
v -0.000806 -0.072709 0.034478
v -0.000806 -0.072709 0.033409
v -0.001004 -0.072709 0.032751
v -0.000975 -0.081215 0.032751
v -0.001405 -0.072709 0.031755
v -0.001377 -0.081215 0.031755
v -0.001655 -0.072709 0.030758
v -0.001627 -0.081215 0.030758
v -0.001655 -0.072709 0.029760
v -0.001627 -0.081215 0.029760
v -0.001389 -0.072709 0.028764
v -0.001359 -0.081215 0.028764
v -0.000875 -0.072709 0.027767
v -0.000847 -0.081215 0.027767
v -0.000600 -0.072709 0.027110
v -0.000571 -0.081215 0.027110
v -0.000611 -0.072709 0.026448
v -0.000579 -0.081215 0.026448
v -0.000915 -0.072709 0.025504
v -0.000882 -0.081215 0.025504
v -0.000937 -0.072709 0.024558
v -0.000904 -0.081215 0.024558
v -0.000589 -0.072709 0.023613
v -0.000557 -0.081215 0.023613
v -0.000065 -0.072709 0.022952
v -0.000062 -0.081215 0.022952
v -0.000062 -0.072709 0.019913
v -0.000059 -0.081215 0.019913
v 0.000662 -0.072709 0.018296
v 0.000690 -0.079565 0.018296
v 0.000939 -0.072709 0.016997
v 0.000968 -0.078721 0.016997
v 0.000939 -0.072709 0.016041
v 0.000968 -0.078232 0.016041
v 0.000608 -0.072709 0.013360
v 0.000637 -0.078232 0.013360
v 0.000023 -0.072709 0.012197
v 0.000052 -0.077832 0.012197
v -0.000654 -0.075020 0.011309
v -0.000625 -0.077162 0.011309
v -0.001925 -0.075020 0.010290
v -0.001386 -0.076031 0.010290
v -0.001925 -0.075021 0.006657
v -0.001955 -0.073864 0.010290
v -0.001955 -0.073271 0.006434
v -0.001628 -0.072709 0.010290
v -0.001628 -0.071521 0.006210
v -0.000654 -0.072709 0.011309
v -0.001386 -0.076033 0.006755
v -0.001628 -0.038350 0.017964
v -0.001628 -0.035547 0.017289
v -0.001628 -0.038906 0.016796
v -0.001628 -0.041488 0.014188
v -0.001628 -0.046282 0.010290
v -0.001628 -0.033431 0.001322
v -0.001138 -0.033431 0.001322
v -0.001138 -0.071521 0.006210
v -0.001138 -0.043473 0.001862
v -0.001138 -0.042281 0.001365
v -0.001138 -0.071521 0.005463
v -0.001749 -0.046283 0.012745
v -0.001138 -0.033431 -0.003343
v -0.001138 -0.035212 -0.004955
v -0.001138 -0.039951 -0.002612
v 0.000068 -0.040863 -0.008935
v 0.000068 -0.039828 -0.008098
v 0.000068 -0.042221 -0.010702
v 0.000068 -0.040427 -0.007924
v -0.000285 -0.040281 -0.007309
v -0.000285 -0.039445 -0.007552
v -0.001138 -0.040134 -0.006693
v -0.001138 -0.039061 -0.007006
v -0.001138 -0.038006 -0.005884
v -0.001138 -0.040069 -0.005651
v -0.001138 -0.036401 -0.005125
v -0.001138 -0.040242 -0.003869
v -0.001138 -0.040209 -0.001075
v -0.001138 -0.041035 0.000359
v -0.000135 -0.041701 -0.001059
v 0.000052 -0.043020 0.000058
v -0.000546 -0.040869 -0.002515
v 0.000068 -0.040336 -0.009139
v 0.000068 -0.041628 -0.010974
v 0.000068 -0.042894 -0.012285
v 0.000068 -0.044489 -0.013062
v 0.000068 -0.046499 -0.013425
v 0.000068 -0.049138 -0.013274
v 0.000068 -0.051732 -0.012709
v 0.000068 -0.053973 -0.011960
v 0.000068 -0.058808 -0.004595
v 0.000068 -0.059293 -0.006312
v 0.000068 -0.058773 -0.003116
v 0.000068 -0.058604 -0.006220
v 0.000068 -0.058056 -0.008017
v 0.000068 -0.057512 -0.009724
v 0.000068 -0.057029 -0.009336
v 0.000068 -0.055452 -0.010553
v 0.000068 -0.053663 -0.011488
v 0.000068 -0.051429 -0.012250
v 0.000068 -0.049101 -0.012720
v 0.000068 -0.046726 -0.012855
v 0.000068 -0.044681 -0.012546
v 0.000068 -0.043288 -0.011841
v 0.000068 -0.058701 -0.008228
v 0.000068 -0.055800 -0.011066
v -0.001099 -0.025083 0.010157
v -0.001099 -0.022537 0.009734
v -0.001099 -0.028221 0.010512
v -0.001099 -0.032889 0.009635
v -0.001099 -0.029311 0.010988
v -0.001099 -0.030066 0.011833
v -0.001099 -0.030624 0.013013
v -0.001628 -0.033431 0.009720
v -0.001628 -0.033431 0.016667
v -0.001099 -0.032889 0.016511
v -0.001099 -0.032193 0.015939
v -0.001099 -0.031353 0.014745
v -0.001099 -0.020302 0.009208
v -0.001099 -0.031633 0.009545
v -0.001099 -0.029285 0.009375
v -0.001099 -0.019426 0.008666
v -0.002377 -0.050188 0.013027
v 0.000481 -0.050188 0.017979
v 0.001199 -0.050188 0.011726
v -0.000914 -0.050188 0.019149
v -0.005294 -0.050188 0.015474
v -0.001824 -0.050188 0.020726
v -0.007197 -0.050188 0.018770
v -0.002140 -0.050188 0.022519
v -0.007858 -0.050188 0.022519
v -0.001824 -0.050188 0.024312
v -0.007197 -0.050188 0.026267
v -0.000914 -0.050188 0.025889
v -0.005294 -0.050188 0.029564
v 0.000481 -0.050188 0.027059
v -0.002377 -0.050188 0.032011
v 0.002192 -0.050188 0.027681
v 0.005005 -0.050188 0.011726
v 0.005079 -0.050814 0.011307
v 0.008795 -0.050814 0.012659
v 0.001126 -0.050814 0.011307
v -0.002590 -0.050814 0.012659
v -0.005619 -0.050814 0.015201
v -0.007596 -0.050814 0.018626
v -0.008282 -0.050814 0.022519
v -0.007596 -0.050814 0.026413
v -0.005619 -0.050814 0.029837
v -0.002590 -0.050814 0.032378
v 0.001199 -0.050188 0.033313
v 0.001126 -0.050814 0.033731
v 0.005005 -0.050188 0.033313
v 0.005079 -0.050814 0.033731
v 0.008582 -0.050188 0.032011
v 0.008795 -0.050814 0.032378
v 0.011498 -0.050188 0.029564
v 0.011824 -0.050814 0.029837
v 0.013402 -0.050188 0.026267
v 0.013801 -0.050814 0.026413
v 0.014062 -0.050188 0.022519
v 0.014487 -0.050814 0.022519
v 0.013402 -0.050188 0.018770
v 0.013801 -0.050814 0.018626
v 0.011498 -0.050188 0.015474
v 0.011824 -0.050814 0.015201
v 0.008582 -0.050188 0.013027
v 0.005724 -0.050188 0.027059
v 0.007118 -0.050188 0.025889
v 0.008029 -0.050188 0.024312
v 0.008345 -0.050188 0.022519
v 0.008029 -0.050188 0.020726
v 0.007118 -0.050188 0.019149
v 0.005724 -0.050188 0.017979
v 0.004012 -0.050188 0.017356
v 0.002192 -0.050188 0.017356
v 0.004012 -0.048619 0.017356
v 0.002192 -0.048619 0.017356
v 0.005724 -0.048619 0.017979
v 0.007118 -0.048619 0.019149
v 0.008029 -0.048619 0.020726
v 0.008345 -0.048619 0.022519
v 0.008029 -0.048619 0.024312
v 0.007118 -0.048619 0.025889
v 0.005724 -0.048619 0.027059
v 0.004012 -0.050188 0.027681
v 0.004012 -0.048619 0.027681
v 0.005034 -0.047051 0.025863
v 0.006061 -0.047051 0.025001
v 0.006732 -0.047051 0.023840
v 0.006965 -0.047051 0.022519
v 0.006732 -0.047051 0.021198
v 0.006061 -0.047051 0.020037
v 0.005034 -0.047051 0.019174
v 0.003773 -0.047051 0.018716
v 0.002192 -0.048619 0.027681
v 0.002431 -0.047051 0.026322
v 0.000481 -0.048619 0.027059
v 0.003773 -0.047051 0.026322
v -0.000914 -0.048619 0.025889
v -0.001824 -0.048619 0.024312
v -0.002140 -0.048619 0.022519
v -0.001824 -0.048619 0.020726
v -0.000914 -0.048619 0.019149
v 0.000481 -0.048619 0.017979
v 0.002431 -0.047051 0.018716
v 0.001171 -0.047051 0.019174
v 0.000144 -0.047051 0.020037
v -0.000526 -0.047051 0.021198
v -0.000760 -0.047051 0.022519
v -0.000526 -0.047051 0.023840
v 0.000144 -0.047051 0.025001
v 0.001171 -0.047051 0.025863
v 0.000061 -0.065902 0.003299
v -0.000438 -0.069253 0.004323
v 0.000081 -0.061679 0.002758
v 0.000052 -0.044425 0.000501
v 0.000081 -0.055120 0.001873
v 0.000081 -0.060443 0.001949
v 0.000081 -0.059724 0.001237
v 0.000081 -0.056447 0.001281
v 0.000081 -0.059176 -0.000410
v 0.000081 -0.058244 -0.000642
v 0.000068 -0.059440 -0.003057
v 0.000068 -0.059496 -0.004545
v 0.000068 -0.049101 -0.012720
v 0.000068 -0.051429 -0.012250
v 0.006064 -0.049101 -0.012720
v 0.006064 -0.046726 -0.012855
v 0.000068 -0.046726 -0.012855
v 0.006064 -0.044681 -0.012546
v 0.000068 -0.044681 -0.012546
v 0.006064 -0.043288 -0.011841
v 0.000068 -0.043288 -0.011841
v 0.006064 -0.042221 -0.010702
v 0.000068 -0.042221 -0.010702
v 0.006064 -0.040863 -0.008935
v 0.000068 -0.040863 -0.008935
v 0.006064 -0.040427 -0.007924
v 0.000068 -0.040427 -0.007924
v -0.000285 -0.040281 -0.007309
v -0.001138 -0.040134 -0.006693
v 0.006417 -0.040281 -0.007309
v 0.007270 -0.040134 -0.006692
v 0.007270 -0.040069 -0.005651
v -0.001138 -0.040069 -0.005651
v 0.007270 -0.040242 -0.003869
v -0.001138 -0.040242 -0.003869
v -0.000546 -0.040869 -0.002515
v 0.006679 -0.040869 -0.002515
v -0.000135 -0.041701 -0.001059
v 0.006268 -0.041701 -0.001059
v 0.000052 -0.043020 0.000058
v 0.006081 -0.043020 0.000058
v 0.006081 -0.044425 0.000501
v 0.000052 -0.044425 0.000501
v 0.006051 -0.055120 0.001873
v 0.000081 -0.055120 0.001873
v 0.006051 -0.056447 0.001281
v 0.000081 -0.056447 0.001281
v 0.006051 -0.058244 -0.000642
v 0.000081 -0.058244 -0.000642
v 0.006064 -0.058773 -0.003116
v 0.000068 -0.058773 -0.003116
v 0.006064 -0.058808 -0.004595
v 0.000068 -0.058808 -0.004595
v 0.006064 -0.058604 -0.006220
v 0.000068 -0.058604 -0.006220
v 0.006064 -0.058056 -0.008017
v 0.000068 -0.058056 -0.008017
v 0.006064 -0.057029 -0.009336
v 0.000068 -0.057029 -0.009336
v 0.006064 -0.055452 -0.010553
v 0.000068 -0.055452 -0.010553
v 0.006064 -0.053663 -0.011488
v 0.000068 -0.053663 -0.011488
v 0.006064 -0.051429 -0.012250
v 0.001171 -0.047051 0.025863
v 0.002431 -0.047051 0.026322
v 0.000144 -0.047051 0.025001
v 0.006061 -0.047051 0.020037
v 0.005034 -0.047051 0.019174
v 0.006732 -0.047051 0.021198
v 0.006732 -0.047051 0.023840
v 0.000144 -0.047051 0.020037
v -0.000760 -0.047051 0.022519
v -0.000526 -0.047051 0.023840
v 0.006965 -0.047051 0.022519
v -0.000526 -0.047051 0.021198
v 0.002431 -0.047051 0.018716
v 0.003773 -0.047051 0.018716
v 0.001171 -0.047051 0.019174
v 0.005034 -0.047051 0.025863
v 0.003773 -0.047051 0.026322
v 0.006061 -0.047051 0.025001
v 0.004853 -0.072995 0.021050
v 0.005250 -0.072995 0.021737
v 0.004245 -0.072995 0.020540
v 0.004853 -0.072995 0.023988
v 0.004245 -0.072995 0.024499
v 0.005250 -0.072995 0.023301
v 0.001352 -0.072995 0.023988
v 0.002706 -0.072995 0.020268
v 0.003499 -0.072995 0.020268
v 0.005387 -0.072995 0.022519
v 0.002706 -0.072995 0.024770
v 0.003499 -0.072995 0.024770
v 0.001960 -0.072995 0.024499
v 0.001352 -0.071113 0.023988
v 0.000955 -0.072995 0.023301
v 0.001960 -0.071113 0.024499
v 0.002706 -0.071113 0.024770
v 0.003499 -0.071113 0.024770
v 0.004245 -0.071113 0.024499
v 0.004853 -0.071113 0.023988
v 0.005250 -0.071113 0.023301
v 0.005387 -0.071113 0.022519
v 0.005250 -0.071113 0.021737
v 0.004853 -0.071113 0.021050
v 0.004245 -0.071113 0.020540
v 0.003499 -0.071113 0.020268
v 0.002706 -0.071113 0.020268
v 0.001960 -0.071113 0.020540
v 0.001960 -0.072995 0.020540
v 0.001352 -0.071113 0.021050
v 0.001352 -0.072995 0.021050
v 0.000955 -0.071113 0.021737
v 0.000955 -0.072995 0.021737
v 0.000818 -0.071113 0.022519
v 0.000818 -0.072995 0.022519
v 0.000955 -0.071113 0.023301
v 0.001097 -0.044606 0.035603
v 0.005042 -0.044606 0.035603
v 0.001097 -0.044168 0.035462
v 0.005042 -0.044168 0.035462
v -0.000789 -0.044168 0.035462
v -0.000788 -0.045389 0.035853
v -0.000790 -0.042782 0.034649
v 0.001097 -0.042782 0.034649
v 0.005042 -0.042782 0.034649
v 0.006922 -0.042782 0.034649
v 0.006921 -0.044168 0.035462
v 0.006920 -0.045389 0.035853
v -0.000785 -0.076423 0.035852
v 0.006918 -0.076423 0.035852
v 0.006029 -0.079038 0.035300
v 0.006917 -0.079038 0.035300
v 0.006909 -0.081215 0.033914
v 0.004783 -0.081215 0.034872
v 0.001350 -0.081215 0.034872
v 0.000103 -0.079038 0.035300
v -0.000777 -0.081215 0.033914
v -0.000784 -0.079038 0.035300
v -0.005619 -0.071113 0.015201
v -0.002590 -0.071113 0.012659
v -0.007596 -0.071113 0.018626
v 0.013801 -0.071113 0.026413
v 0.011824 -0.071113 0.029837
v 0.014487 -0.071113 0.022519
v 0.011824 -0.071113 0.015201
v -0.002590 -0.071113 0.032378
v -0.007596 -0.071113 0.026413
v -0.008282 -0.071113 0.022519
v 0.013801 -0.071113 0.018626
v -0.005619 -0.071113 0.029837
v 0.005079 -0.071113 0.033731
v 0.008795 -0.071113 0.032378
v 0.001126 -0.071113 0.033731
v 0.005079 -0.071113 0.011307
v 0.001126 -0.071113 0.011307
v 0.008795 -0.071113 0.012659
v 0.001401 -0.026299 0.011674
v 0.000402 -0.025006 0.011203
v 0.003018 -0.026793 0.011854
v 0.003018 -0.026055 0.013882
v 0.004636 -0.025560 0.013703
v 0.004636 -0.026299 0.011674
v 0.005635 -0.024268 0.013232
v 0.005635 -0.025006 0.011203
v 0.001401 -0.022115 0.010151
v 0.000402 -0.023409 0.010622
v 0.004636 -0.022115 0.010151
v 0.003018 -0.021622 0.009971
v 0.004212 -0.023834 0.013074
v 0.004212 -0.023105 0.012808
v 0.005635 -0.022671 0.012649
v 0.005635 -0.023409 0.010622
v 0.004636 -0.021378 0.012180
v 0.003018 -0.020883 0.012000
v 0.001401 -0.021378 0.012180
v 0.000402 -0.022671 0.012649
v 0.000402 -0.024268 0.013232
v 0.001401 -0.025560 0.013703
v 0.003757 -0.022515 0.012594
v 0.003018 -0.022289 0.012511
v 0.002280 -0.022515 0.012594
v 0.001824 -0.023105 0.012808
v 0.001824 -0.023834 0.013074
v 0.002280 -0.024424 0.013288
v 0.003018 -0.024650 0.013370
v 0.003757 -0.024424 0.013288
v 0.006679 -0.040869 -0.002515
v 0.007270 -0.040242 -0.003869
v 0.007270 -0.040209 -0.001075
v 0.007270 -0.041035 0.000359
v 0.006268 -0.041701 -0.001059
v 0.006064 -0.040427 -0.007924
v 0.006064 -0.039828 -0.008098
v 0.006417 -0.040281 -0.007309
v 0.006417 -0.039445 -0.007552
v 0.007270 -0.040134 -0.006692
v 0.007270 -0.039061 -0.007006
v 0.007270 -0.038006 -0.005884
v 0.007270 -0.040069 -0.005651
v 0.007270 -0.036401 -0.005125
v 0.007270 -0.035212 -0.004955
v 0.007270 -0.039951 -0.002612
v 0.007270 -0.033431 0.001322
v 0.007270 -0.042281 0.001365
v 0.006081 -0.043020 0.000058
v 0.007270 -0.043473 0.001862
v 0.006081 -0.044425 0.000501
v 0.007270 -0.033431 -0.003343
v 0.007270 -0.071521 0.006210
v 0.007270 -0.071521 0.005463
v 0.007760 -0.071521 0.006210
v 0.007760 -0.033431 0.001322
v 0.006570 -0.069253 0.004323
v 0.006051 -0.061679 0.002758
v 0.006072 -0.065902 0.003299
v 0.006051 -0.055120 0.001873
v 0.006051 -0.060443 0.001949
v 0.006051 -0.059724 0.001237
v 0.006051 -0.056447 0.001281
v 0.006051 -0.059176 -0.000410
v 0.006051 -0.058244 -0.000642
v 0.006064 -0.058773 -0.003116
v 0.006064 -0.059293 -0.006312
v 0.006064 -0.058808 -0.004595
v 0.006064 -0.058604 -0.006220
v 0.006064 -0.058056 -0.008017
v 0.006064 -0.059440 -0.003057
v 0.006064 -0.059496 -0.004545
v 0.005164 -0.078721 0.016997
v 0.005193 -0.072709 0.016997
v 0.005442 -0.079565 0.018296
v 0.005193 -0.072709 0.016041
v 0.005164 -0.078232 0.016041
v 0.005524 -0.072709 0.013360
v 0.005496 -0.078232 0.013360
v 0.006109 -0.072709 0.012197
v 0.006081 -0.077832 0.012197
v 0.006787 -0.075020 0.011309
v 0.006759 -0.077162 0.011309
v 0.008058 -0.075020 0.010290
v 0.007518 -0.076031 0.010290
v 0.008058 -0.075021 0.006657
v 0.008087 -0.073864 0.010290
v 0.008087 -0.073271 0.006434
v 0.007760 -0.072709 0.010290
v 0.007760 -0.046282 0.010290
v 0.006787 -0.072709 0.011309
v 0.007518 -0.076033 0.006755
v 0.007760 -0.038350 0.017964
v 0.007760 -0.038906 0.016796
v 0.007760 -0.035547 0.017289
v 0.007760 -0.041488 0.014188
v 0.007881 -0.046283 0.012745
v 0.007760 -0.033431 0.009720
v 0.007760 -0.033431 0.016667
v 0.007231 -0.032889 0.016511
v 0.007231 -0.032889 0.009635
v 0.007231 -0.032193 0.015939
v 0.007231 -0.030624 0.013013
v 0.007231 -0.031353 0.014745
v 0.007231 -0.022537 0.009734
v 0.007231 -0.028221 0.010512
v 0.007231 -0.025083 0.010157
v 0.007231 -0.029311 0.010988
v 0.007231 -0.030066 0.011833
v 0.007231 -0.020302 0.009208
v 0.007231 -0.031633 0.009545
v 0.007231 -0.029285 0.009375
v 0.007231 -0.019426 0.008666
v 0.003750 -0.124076 0.033356
v 0.003750 -0.133114 0.039031
v 0.003750 -0.137030 0.033356
v 0.003750 -0.137030 0.037253
v 0.003750 -0.135253 0.039031
v 0.002684 -0.135252 0.039031
v 0.002684 -0.133114 0.039031
v 0.002684 -0.124076 0.033356
v 0.002684 -0.137030 0.033356
v 0.002684 -0.137030 0.037253
v 0.005205 -0.073312 0.006442
v 0.005205 -0.073312 0.005694
v 0.006153 -0.072938 0.006390
v 0.006153 -0.072938 0.005643
v 0.007270 -0.071521 0.005463
v 0.000927 -0.073312 0.005694
v 0.006807 -0.072363 0.005567
v 0.006807 -0.072363 0.006315
v 0.005794 -0.076567 0.006804
v 0.000927 -0.073312 0.006442
v -0.000021 -0.072938 0.006390
v -0.000021 -0.072938 0.005643
v 0.000338 -0.076567 0.006804
v 0.007270 -0.071521 0.006210
v 0.008087 -0.073271 0.006434
v 0.007518 -0.076033 0.006755
v 0.008058 -0.075021 0.006657
v 0.007760 -0.071521 0.006210
v -0.001138 -0.071521 0.005463
v -0.000438 -0.069253 0.004323
v -0.000675 -0.072363 0.005567
v -0.000675 -0.072363 0.006315
v -0.001925 -0.075021 0.006657
v -0.001386 -0.076033 0.006755
v -0.001138 -0.071521 0.006210
v -0.001955 -0.073271 0.006434
v -0.001628 -0.071521 0.006210
v 0.000068 -0.059293 -0.006312
v 0.000068 -0.058701 -0.008228
v 0.006064 -0.059293 -0.006312
v 0.006064 -0.059496 -0.004545
v 0.000068 -0.059496 -0.004545
v 0.006064 -0.059440 -0.003057
v 0.000068 -0.059440 -0.003057
v 0.006051 -0.059176 -0.000410
v 0.000081 -0.059176 -0.000410
v 0.006051 -0.059724 0.001237
v 0.000081 -0.059724 0.001237
v 0.006051 -0.060443 0.001949
v 0.000081 -0.060443 0.001949
v 0.006051 -0.061679 0.002758
v 0.000081 -0.061679 0.002758
v 0.006072 -0.065902 0.003299
v 0.000061 -0.065902 0.003299
v 0.006570 -0.069253 0.004323
v 0.000068 -0.042894 -0.012285
v 0.000068 -0.041628 -0.010974
v 0.006064 -0.042894 -0.012285
v 0.006064 -0.044489 -0.013062
v 0.000068 -0.044489 -0.013062
v 0.006064 -0.046499 -0.013425
v 0.000068 -0.046499 -0.013425
v 0.006064 -0.049138 -0.013274
v 0.000068 -0.049138 -0.013274
v 0.006064 -0.051732 -0.012709
v 0.000068 -0.051732 -0.012709
v 0.006064 -0.053973 -0.011960
v 0.000068 -0.053973 -0.011960
v 0.006064 -0.055800 -0.011066
v 0.000068 -0.055800 -0.011066
v 0.006064 -0.057512 -0.009724
v 0.000068 -0.057512 -0.009724
v 0.006064 -0.058701 -0.008228
v -0.001138 -0.033431 -0.003343
v 0.003067 -0.033431 -0.004313
v -0.001138 -0.035212 -0.004955
v 0.007270 -0.033431 -0.003343
v 0.007270 -0.035212 -0.004955
v 0.007270 -0.036401 -0.005125
v -0.001138 -0.036401 -0.005125
v 0.007270 -0.038006 -0.005884
v -0.001138 -0.038006 -0.005884
v 0.007270 -0.039061 -0.007006
v -0.001138 -0.039061 -0.007006
v -0.000285 -0.039445 -0.007552
v 0.000068 -0.039828 -0.008098
v 0.006417 -0.039445 -0.007552
v 0.006064 -0.039828 -0.008098
v 0.006064 -0.040336 -0.009139
v 0.000068 -0.040336 -0.009139
v 0.006064 -0.041628 -0.010974
v 0.010712 -0.046289 0.014960
v 0.012658 -0.046289 0.017967
v 0.007881 -0.046283 0.012745
v 0.013238 -0.046289 0.025031
v 0.006934 -0.046289 0.032352
v 0.009398 -0.046289 0.030964
v 0.011809 -0.046289 0.028321
v 0.013532 -0.046289 0.021451
v 0.006924 -0.046298 0.035066
v -0.000792 -0.046298 0.035066
v -0.000802 -0.046289 0.032352
v -0.007400 -0.046289 0.021451
v 0.007760 -0.046282 0.010290
v -0.004579 -0.046289 0.014959
v -0.001749 -0.046283 0.012745
v -0.001628 -0.046282 0.010290
v -0.006526 -0.046289 0.017967
v -0.005676 -0.046289 0.028321
v -0.003265 -0.046289 0.030964
v -0.007106 -0.046289 0.025031
v 0.006064 -0.057512 -0.009724
v 0.006064 -0.055800 -0.011066
v 0.006064 -0.053973 -0.011960
v 0.006064 -0.051732 -0.012709
v 0.006064 -0.049138 -0.013274
v 0.006064 -0.046499 -0.013425
v 0.006064 -0.044489 -0.013062
v 0.006064 -0.058701 -0.008228
v 0.006064 -0.057029 -0.009336
v 0.006064 -0.055452 -0.010553
v 0.006064 -0.053663 -0.011488
v 0.006064 -0.051429 -0.012250
v 0.006064 -0.049101 -0.012720
v 0.006064 -0.046726 -0.012855
v 0.006064 -0.044681 -0.012546
v 0.006064 -0.043288 -0.011841
v 0.006064 -0.041628 -0.010974
v 0.006064 -0.042221 -0.010702
v 0.006064 -0.040863 -0.008935
v 0.006064 -0.040336 -0.009139
v 0.006064 -0.042894 -0.012285
v -0.001655 -0.072709 0.030758
v -0.001405 -0.072709 0.031755
v -0.001655 -0.072709 0.029760
v -0.001004 -0.072709 0.032751
v -0.000600 -0.072709 0.027110
v -0.000875 -0.072709 0.027767
v -0.001389 -0.072709 0.028764
v -0.000589 -0.072709 0.023613
v -0.000937 -0.072709 0.024558
v -0.000065 -0.072709 0.022952
v -0.000611 -0.072709 0.026448
v 0.000939 -0.072709 0.016997
v 0.006937 -0.072709 0.033409
v 0.006937 -0.072709 0.034478
v -0.000806 -0.072709 0.033409
v -0.000806 -0.072709 0.034478
v -0.000915 -0.072709 0.025504
v 0.000662 -0.072709 0.018296
v -0.000062 -0.072709 0.019913
v 0.007538 -0.072709 0.031755
v 0.007788 -0.072709 0.030758
v 0.007136 -0.072709 0.032751
v 0.007520 -0.072709 0.028764
v 0.007008 -0.072709 0.027767
v 0.006732 -0.072709 0.027110
v 0.005193 -0.072709 0.016997
v 0.006197 -0.072709 0.022952
v 0.005471 -0.072709 0.018296
v 0.006195 -0.072709 0.019913
v 0.007788 -0.072709 0.029760
v 0.006721 -0.072709 0.023613
v 0.007069 -0.072709 0.024558
v 0.006744 -0.072709 0.026448
v 0.007047 -0.072709 0.025504
v 0.007760 -0.072709 0.010290
v -0.001628 -0.072709 0.010290
v -0.000654 -0.072709 0.011309
v 0.006787 -0.072709 0.011309
v 0.006109 -0.072709 0.012197
v 0.005524 -0.072709 0.013360
v 0.005193 -0.072709 0.016041
v 0.000023 -0.072709 0.012197
v 0.000608 -0.072709 0.013360
v 0.000939 -0.072709 0.016041
v 0.006897 -0.041503 0.031339
v 0.006922 -0.042781 0.032648
v 0.006934 -0.046289 0.032352
v 0.006924 -0.046298 0.035066
v 0.006922 -0.042782 0.034649
v 0.006921 -0.044168 0.035462
v 0.006920 -0.045389 0.035853
v 0.006917 -0.079038 0.035300
v 0.006928 -0.071825 0.035065
v 0.006909 -0.081215 0.033409
v 0.006937 -0.072709 0.034478
v 0.006937 -0.072709 0.033409
v 0.007136 -0.072709 0.032751
v 0.007107 -0.081215 0.032751
v 0.007538 -0.072709 0.031755
v 0.007509 -0.081215 0.031755
v 0.007788 -0.072709 0.030758
v 0.007759 -0.081215 0.030758
v 0.007788 -0.072709 0.029760
v 0.007759 -0.081215 0.029760
v 0.007520 -0.072709 0.028764
v 0.007491 -0.081215 0.028764
v 0.007008 -0.072709 0.027767
v 0.006909 -0.081215 0.033914
v 0.006918 -0.076423 0.035852
v 0.006979 -0.081215 0.027767
v 0.006732 -0.072709 0.027110
v 0.006704 -0.081215 0.027110
v 0.006744 -0.072709 0.026448
v 0.006711 -0.081215 0.026448
v 0.007047 -0.072709 0.025504
v 0.007014 -0.081215 0.025504
v 0.007069 -0.072709 0.024558
v 0.007037 -0.081215 0.024558
v 0.006721 -0.072709 0.023613
v 0.006689 -0.081215 0.023613
v 0.006197 -0.072709 0.022952
v 0.006194 -0.081215 0.022952
v 0.006195 -0.072709 0.019913
v 0.006191 -0.081215 0.019913
v 0.005471 -0.072709 0.018296
v -0.000777 -0.081215 0.033914
v -0.000777 -0.081215 0.033409
v 0.004783 -0.081215 0.034872
v 0.001350 -0.081215 0.034872
v 0.007491 -0.081215 0.028764
v 0.007759 -0.081215 0.029760
v 0.006979 -0.081215 0.027767
v 0.006704 -0.081215 0.027110
v 0.007107 -0.081215 0.032751
v 0.006909 -0.081215 0.033409
v 0.006909 -0.081215 0.033914
v 0.007509 -0.081215 0.031755
v 0.007759 -0.081215 0.030758
v -0.000847 -0.081215 0.027767
v -0.001359 -0.081215 0.028764
v -0.000975 -0.081215 0.032751
v -0.001627 -0.081215 0.030758
v -0.001377 -0.081215 0.031755
v -0.001627 -0.081215 0.029760
v 0.006711 -0.081215 0.026448
v 0.006194 -0.081215 0.022952
v 0.007037 -0.081215 0.024558
v 0.007014 -0.081215 0.025504
v 0.006689 -0.081215 0.023613
v 0.000052 -0.077832 0.012197
v 0.001744 -0.078537 0.012197
v 0.000637 -0.078232 0.013360
v 0.001926 -0.078937 0.013360
v 0.000968 -0.078232 0.016041
v 0.002108 -0.078937 0.016041
v 0.002108 -0.079427 0.016997
v 0.004025 -0.078937 0.016041
v 0.004025 -0.079427 0.016997
v 0.005164 -0.078232 0.016041
v 0.005164 -0.078721 0.016997
v 0.004179 -0.080270 0.018300
v 0.005442 -0.079565 0.018296
v 0.004693 -0.081215 0.019913
v 0.006191 -0.081215 0.019913
v -0.000062 -0.081215 0.022952
v -0.000571 -0.081215 0.027110
v 0.000968 -0.078721 0.016997
v 0.001953 -0.080270 0.018300
v 0.000690 -0.079565 0.018296
v 0.001440 -0.081215 0.019913
v -0.000059 -0.081215 0.019913
v -0.000579 -0.081215 0.026448
v -0.000904 -0.081215 0.024558
v -0.000882 -0.081215 0.025504
v -0.000557 -0.081215 0.023613
v 0.003845 -0.069739 0.013257
v 0.003318 -0.069739 0.013498
v 0.003845 -0.068648 0.013257
v 0.003318 -0.068564 0.013498
v -0.004664 -0.068716 0.017061
v -0.005063 -0.068911 0.016642
v -0.004664 -0.069739 0.017061
v -0.003754 -0.068492 0.016765
v -0.005619 -0.069333 0.015201
v -0.002590 -0.069333 0.012659
v -0.001373 -0.068492 0.014767
v 0.001126 -0.069333 0.011307
v 0.001548 -0.068492 0.013704
v 0.002145 -0.068921 0.012481
v 0.002309 -0.068726 0.013036
v 0.002309 -0.069739 0.013036
v 0.002745 -0.069739 0.013415
v 0.002745 -0.068592 0.013415
v 0.004656 -0.068492 0.013704
v 0.004157 -0.068820 0.012770
v 0.002145 -0.069739 0.012481
v 0.004157 -0.069739 0.012770
v 0.002745 -0.069739 0.011547
v 0.002309 -0.069739 0.011925
v 0.002309 -0.069116 0.011925
v 0.002745 -0.069250 0.011547
v 0.003318 -0.069278 0.011465
v 0.003318 -0.069739 0.011465
v 0.003845 -0.069739 0.011705
v 0.003845 -0.069194 0.011705
v 0.004157 -0.069739 0.012192
v 0.004157 -0.069023 0.012192
v 0.005079 -0.069333 0.011307
v 0.008795 -0.069333 0.012659
v 0.007578 -0.068492 0.014767
v 0.011824 -0.069333 0.015201
v 0.009959 -0.068492 0.016765
v 0.011365 -0.068940 0.016642
v 0.010966 -0.068746 0.017061
v 0.010966 -0.069739 0.017061
v 0.010856 -0.069739 0.017629
v 0.011071 -0.069739 0.018166
v 0.010856 -0.068612 0.017629
v 0.011071 -0.068584 0.018166
v 0.011514 -0.068492 0.019457
v 0.011542 -0.068668 0.018502
v 0.013801 -0.069333 0.018626
v 0.012120 -0.068839 0.018529
v 0.012831 -0.069739 0.017150
v 0.012474 -0.069739 0.016696
v 0.012887 -0.069739 0.017726
v 0.012120 -0.069739 0.018529
v 0.011542 -0.069739 0.018502
v 0.011365 -0.069739 0.016642
v 0.011927 -0.069739 0.016506
v 0.012622 -0.069042 0.018241
v 0.012622 -0.069739 0.018241
v 0.012887 -0.069213 0.017726
v 0.012831 -0.069298 0.017150
v 0.012474 -0.069268 0.016696
v 0.011927 -0.069136 0.016506
v -0.006585 -0.069184 0.017726
v -0.006585 -0.069739 0.017726
v -0.006530 -0.069268 0.017150
v -0.007596 -0.069333 0.018626
v -0.005619 -0.071113 0.015201
v -0.002590 -0.071113 0.012659
v 0.001126 -0.071113 0.011307
v 0.005079 -0.071113 0.011307
v 0.008795 -0.071113 0.012659
v 0.011824 -0.071113 0.015201
v 0.013801 -0.071113 0.018626
v 0.014487 -0.071113 0.022519
v 0.014487 -0.069333 0.022519
v 0.012053 -0.068492 0.022519
v 0.013801 -0.069333 0.026413
v 0.011514 -0.068492 0.025580
v 0.012372 -0.068950 0.026708
v 0.012770 -0.069145 0.027126
v 0.011809 -0.068755 0.026571
v 0.011809 -0.069739 0.026571
v 0.012372 -0.069739 0.026708
v 0.012770 -0.069739 0.027126
v 0.012880 -0.069278 0.027695
v 0.012664 -0.069308 0.028232
v 0.011824 -0.069333 0.029837
v 0.012194 -0.069223 0.028568
v 0.011616 -0.069052 0.028595
v 0.011616 -0.069739 0.028595
v 0.011114 -0.069739 0.028306
v 0.012194 -0.069739 0.028568
v 0.012880 -0.069739 0.027695
v 0.012664 -0.069739 0.028232
v 0.011114 -0.068848 0.028306
v 0.004157 -0.069739 0.032322
v 0.004157 -0.068838 0.032322
v 0.003845 -0.069739 0.031836
v 0.004157 -0.069042 0.032902
v 0.004656 -0.068492 0.031334
v 0.005079 -0.069333 0.033731
v 0.007578 -0.068492 0.030271
v 0.008795 -0.069333 0.032378
v 0.009959 -0.068492 0.028273
v 0.010850 -0.068678 0.027791
v 0.010850 -0.069739 0.027791
v 0.010905 -0.069739 0.027216
v 0.011262 -0.069739 0.026761
v 0.011262 -0.068622 0.026761
v 0.010905 -0.068594 0.027216
v 0.001126 -0.069333 0.033731
v 0.003318 -0.069297 0.033628
v 0.002745 -0.069268 0.033546
v 0.002309 -0.069136 0.033167
v 0.002745 -0.069739 0.033546
v 0.002309 -0.069739 0.033167
v 0.003318 -0.069739 0.033628
v 0.004157 -0.069739 0.032902
v 0.003845 -0.069739 0.033388
v 0.003845 -0.069212 0.033388
v -0.004547 -0.069739 0.027791
v -0.004960 -0.069739 0.026761
v -0.005313 -0.069739 0.028595
v -0.004813 -0.069739 0.028306
v -0.004813 -0.068820 0.028306
v -0.005313 -0.069023 0.028595
v -0.003754 -0.068492 0.028273
v -0.005619 -0.069333 0.029837
v -0.001373 -0.068492 0.030271
v -0.002590 -0.069333 0.032378
v 0.001548 -0.068492 0.031334
v 0.002145 -0.068940 0.032612
v 0.002145 -0.069739 0.032612
v 0.002745 -0.069739 0.031678
v 0.002309 -0.068745 0.032057
v 0.002309 -0.069739 0.032057
v 0.002745 -0.068612 0.031678
v 0.003318 -0.068584 0.031596
v 0.003845 -0.068668 0.031836
v 0.003318 -0.069739 0.031596
v 0.013801 -0.071113 0.026413
v 0.011824 -0.071113 0.029837
v 0.008795 -0.071113 0.032378
v 0.005079 -0.071113 0.033731
v 0.001126 -0.071113 0.033731
v -0.002590 -0.071113 0.032378
v -0.005619 -0.071113 0.029837
v -0.007596 -0.071113 0.026413
v -0.007596 -0.069333 0.026413
v -0.008282 -0.071113 0.022519
v -0.008282 -0.069333 0.022519
v -0.007596 -0.071113 0.018626
v -0.005818 -0.068810 0.018529
v -0.005309 -0.068492 0.019457
v -0.005241 -0.068639 0.018502
v -0.005241 -0.069739 0.018502
v -0.005818 -0.069739 0.018529
v -0.006319 -0.069739 0.018241
v -0.006319 -0.069013 0.018241
v -0.005849 -0.068492 0.022519
v -0.005309 -0.068492 0.025580
v -0.006069 -0.068921 0.026708
v -0.006469 -0.069116 0.027126
v -0.006069 -0.069739 0.026708
v -0.006469 -0.069739 0.027126
v -0.005506 -0.068725 0.026571
v -0.005506 -0.069739 0.026571
v -0.004960 -0.068592 0.026761
v -0.004602 -0.068564 0.027215
v -0.004547 -0.068648 0.027791
v -0.004602 -0.069739 0.027215
v -0.006362 -0.069278 0.028232
v -0.006578 -0.069249 0.027695
v -0.006578 -0.069739 0.027695
v -0.006362 -0.069739 0.028232
v -0.005891 -0.069739 0.028568
v -0.005891 -0.069194 0.028568
v -0.000607 -0.138808 0.028077
v 0.000427 -0.138803 0.026688
v -0.001178 -0.138808 0.030209
v -0.000001 -0.138282 0.025071
v 0.000427 -0.137761 0.023454
v 0.006776 -0.138808 0.028077
v 0.005479 -0.138805 0.028475
v 0.005958 -0.138803 0.026688
v 0.004021 -0.138805 0.027416
v 0.006386 -0.138282 0.025071
v 0.005958 -0.137761 0.023454
v 0.003192 -0.137238 0.021837
v 0.001595 -0.137379 0.022270
v 0.004789 -0.137379 0.022270
v 0.006037 -0.138807 0.030188
v 0.005479 -0.138808 0.031902
v 0.003120 -0.108965 0.030188
v 0.002220 -0.138804 0.027416
v 0.000762 -0.138805 0.028475
v 0.000205 -0.138806 0.030188
v 0.000762 -0.138807 0.031902
v 0.002220 -0.138808 0.032961
v 0.004021 -0.138809 0.032961
v 0.003085 -0.138808 0.034472
v 0.006776 -0.138808 0.032340
v 0.005216 -0.138808 0.033900
v 0.007348 -0.138808 0.030209
v 0.000954 -0.138808 0.033900
v -0.000607 -0.138808 0.032340
v 0.001672 -0.045998 0.001884
v 0.001672 -0.045572 -0.006047
v 0.001672 -0.045813 -0.001629
v 0.001672 -0.046245 -0.004276
v 0.001672 -0.047293 -0.006368
v 0.004727 -0.047293 -0.006368
v 0.004727 -0.048280 -0.007784
v 0.001672 -0.048280 -0.007784
v 0.004727 -0.048033 -0.009071
v 0.001672 -0.048033 -0.009071
v 0.004727 -0.045572 -0.006047
v 0.004727 -0.044277 -0.003224
v 0.001672 -0.044277 -0.003224
v 0.004727 -0.043721 -0.000275
v 0.001672 -0.043721 -0.000275
v 0.004727 -0.043721 0.001884
v 0.001672 -0.043721 0.001884
v 0.004727 -0.045998 0.001884
v 0.004727 -0.045813 -0.001629
v 0.004727 -0.046245 -0.004276
v 0.004727 -0.045572 -0.006047
v 0.004727 -0.044277 -0.003224
v 0.004727 -0.048033 -0.009071
v 0.004727 -0.045998 0.001884
v 0.004727 -0.045813 -0.001629
v 0.004727 -0.043721 0.001884
v 0.004727 -0.046245 -0.004276
v 0.004727 -0.047293 -0.006368
v 0.004727 -0.048280 -0.007784
v 0.004727 -0.043721 -0.000275
v -0.006530 -0.069739 0.017150
v -0.005625 -0.069739 0.016506
v -0.006172 -0.069739 0.016696
v -0.006172 -0.069239 0.016696
v -0.005625 -0.069106 0.016506
v -0.005063 -0.069739 0.016642
v -0.004554 -0.069739 0.017629
v -0.004769 -0.069739 0.018166
v -0.004769 -0.068554 0.018166
v -0.004554 -0.068583 0.017629
v 0.000338 -0.076564 0.010290
v 0.005794 -0.076564 0.010290
v 0.001515 -0.077162 0.011309
v 0.004617 -0.077162 0.011309
v 0.004389 -0.078537 0.012197
v 0.004207 -0.078937 0.013360
v 0.005496 -0.078232 0.013360
v 0.006081 -0.077832 0.012197
v 0.006759 -0.077162 0.011309
v 0.007518 -0.076031 0.010290
v 0.007518 -0.076033 0.006755
v 0.005794 -0.076567 0.006804
v 0.000338 -0.076567 0.006804
v -0.001386 -0.076033 0.006755
v -0.001386 -0.076031 0.010290
v -0.000625 -0.077162 0.011309
v 0.003192 -0.137238 0.021837
v 0.003192 -0.093016 0.021865
v 0.004789 -0.137379 0.022270
v 0.004789 -0.093016 0.022293
v 0.003194 -0.080218 0.021629
v 0.004855 -0.080218 0.022074
v 0.005958 -0.093016 0.023463
v 0.006071 -0.080218 0.023290
v 0.006386 -0.093016 0.025059
v 0.006515 -0.080218 0.024950
v 0.005958 -0.093016 0.026656
v 0.006071 -0.080218 0.026611
v 0.006776 -0.092983 0.028078
v 0.006922 -0.080185 0.028088
v 0.007348 -0.092983 0.030209
v 0.007516 -0.080185 0.030306
v 0.006776 -0.092983 0.032340
v 0.006922 -0.080185 0.032522
v 0.005216 -0.092983 0.033900
v 0.005299 -0.080185 0.034145
v 0.005958 -0.137761 0.023454
v 0.006386 -0.138282 0.025071
v 0.005958 -0.138803 0.026688
v 0.006776 -0.138808 0.028077
v 0.007348 -0.138808 0.030209
v 0.006776 -0.138808 0.032340
v 0.005216 -0.138808 0.033900
v 0.003085 -0.138808 0.034472
v 0.003085 -0.092983 0.034472
v 0.000954 -0.138808 0.033900
v 0.000954 -0.092983 0.033900
v 0.003083 -0.080185 0.034738
v 0.000866 -0.080185 0.034145
v -0.000607 -0.092983 0.032340
v -0.000757 -0.080185 0.032522
v -0.001178 -0.092983 0.030209
v -0.001350 -0.080185 0.030306
v -0.000607 -0.092983 0.028078
v -0.000757 -0.080185 0.028088
v 0.000427 -0.093016 0.026656
v 0.000318 -0.080218 0.026611
v -0.000001 -0.093016 0.025059
v -0.000127 -0.080218 0.024950
v 0.000427 -0.093016 0.023463
v 0.000318 -0.080218 0.023290
v 0.001595 -0.093016 0.022293
v 0.001534 -0.080218 0.022074
v 0.003192 -0.093016 0.021865
v 0.003194 -0.080218 0.021629
v -0.000607 -0.138808 0.032340
v -0.001178 -0.138808 0.030209
v -0.000607 -0.138808 0.028077
v 0.000427 -0.138803 0.026688
v -0.000001 -0.138282 0.025071
v 0.000427 -0.137761 0.023454
v 0.001595 -0.137379 0.022270
v 0.003192 -0.137238 0.021837
v 0.001548 -0.053437 0.031334
v 0.001548 -0.068492 0.031334
v 0.004656 -0.053437 0.031334
v 0.004656 -0.068492 0.031334
v 0.007578 -0.053437 0.030271
v 0.007578 -0.068492 0.030271
v 0.009959 -0.053437 0.028273
v 0.009959 -0.068492 0.028273
v 0.011514 -0.053437 0.025580
v 0.011514 -0.068492 0.025580
v 0.012053 -0.053437 0.022519
v 0.012053 -0.068492 0.022519
v 0.011514 -0.053437 0.019457
v 0.011514 -0.068492 0.019457
v 0.009959 -0.053437 0.016765
v 0.009959 -0.068492 0.016765
v 0.007578 -0.053437 0.014767
v 0.007578 -0.068492 0.014767
v 0.004656 -0.053437 0.013704
v 0.004656 -0.068492 0.013704
v 0.004656 -0.053437 0.013704
v 0.004656 -0.068492 0.013704
v 0.001548 -0.053437 0.013704
v 0.001548 -0.068492 0.013704
v -0.001373 -0.053437 0.014767
v -0.001373 -0.068492 0.014767
v -0.003754 -0.053437 0.016765
v -0.003754 -0.068492 0.016765
v -0.005309 -0.053437 0.019457
v -0.005309 -0.068492 0.019457
v -0.005849 -0.053437 0.022519
v -0.005849 -0.068492 0.022519
v -0.005309 -0.053437 0.025580
v -0.005309 -0.068492 0.025580
v -0.003754 -0.053437 0.028273
v -0.003754 -0.068492 0.028273
v -0.001373 -0.053437 0.030271
v -0.001373 -0.068492 0.030271
v -0.007596 -0.050814 0.026413
v -0.007596 -0.052594 0.026413
v -0.005619 -0.050814 0.029837
v -0.008282 -0.052594 0.022519
v -0.008282 -0.050814 0.022519
v -0.007596 -0.052594 0.018626
v -0.007596 -0.050814 0.018626
v -0.005619 -0.052594 0.015201
v -0.005619 -0.050814 0.015201
v -0.002590 -0.052594 0.012659
v -0.002590 -0.050814 0.012659
v 0.001126 -0.052594 0.011307
v 0.001126 -0.050814 0.011307
v 0.005079 -0.052594 0.011307
v 0.005079 -0.050814 0.011307
v 0.008795 -0.052594 0.012659
v 0.008795 -0.050814 0.012659
v 0.011824 -0.052594 0.015201
v 0.011824 -0.050814 0.015201
v 0.013801 -0.052594 0.018626
v -0.005309 -0.053437 0.025580
v -0.005619 -0.052594 0.029837
v -0.005849 -0.053437 0.022519
v -0.005309 -0.053437 0.019457
v -0.003754 -0.053437 0.016765
v -0.001373 -0.053437 0.014767
v 0.001548 -0.053437 0.013704
v 0.004656 -0.053437 0.013704
v 0.007578 -0.053437 0.014767
v 0.009959 -0.053437 0.016765
v 0.011514 -0.053437 0.019457
v 0.012053 -0.053437 0.022519
v 0.014487 -0.052594 0.022519
v 0.011514 -0.053437 0.025580
v 0.013801 -0.052594 0.026413
v 0.009959 -0.053437 0.028273
v 0.011824 -0.052594 0.029837
v 0.007578 -0.053437 0.030271
v 0.008795 -0.052594 0.032378
v 0.004656 -0.053437 0.031334
v 0.005079 -0.052594 0.033731
v 0.001548 -0.053437 0.031334
v 0.001126 -0.052594 0.033731
v -0.001373 -0.053437 0.030271
v -0.002590 -0.052594 0.032378
v -0.003754 -0.053437 0.028273
v 0.013801 -0.050814 0.018626
v 0.014487 -0.050814 0.022519
v 0.013801 -0.050814 0.026413
v 0.011824 -0.050814 0.029837
v 0.008795 -0.050814 0.032378
v 0.005079 -0.050814 0.033731
v 0.001126 -0.050814 0.033731
v -0.002590 -0.050814 0.032378
v 0.001824 -0.021925 0.018318
v 0.001468 -0.021318 0.020325
v 0.001824 -0.021196 0.018053
v 0.002061 -0.022084 0.020604
v 0.002280 -0.022515 0.018533
v 0.003018 -0.022375 0.020710
v 0.003018 -0.022741 0.018616
v 0.003976 -0.022084 0.020604
v 0.003757 -0.022515 0.018533
v 0.004569 -0.021318 0.020325
v 0.004212 -0.021925 0.018318
v 0.004569 -0.020371 0.019981
v 0.004212 -0.021196 0.018053
v 0.003976 -0.019605 0.019702
v 0.003757 -0.020606 0.017838
v 0.003018 -0.019313 0.019596
v 0.003018 -0.020380 0.017757
v 0.002061 -0.019605 0.019702
v 0.002280 -0.020606 0.017838
v 0.001468 -0.020371 0.019981
v 0.002280 -0.019711 0.020297
v 0.001824 -0.020301 0.020512
v 0.001824 -0.021030 0.020777
v 0.002280 -0.021621 0.020992
v 0.003018 -0.021846 0.021073
v 0.003757 -0.021621 0.020992
v 0.004212 -0.021030 0.020777
v 0.004212 -0.020301 0.020512
v 0.003757 -0.019711 0.020297
v 0.003018 -0.019486 0.020215
v 0.003536 -0.022410 0.017938
v 0.003018 -0.022569 0.017996
v 0.002499 -0.022410 0.017938
v 0.002179 -0.021996 0.017787
v 0.002179 -0.021484 0.017601
v 0.002499 -0.021069 0.017451
v 0.003018 -0.020911 0.017392
v 0.003536 -0.021069 0.017451
v 0.003857 -0.021484 0.017601
v 0.003857 -0.021996 0.017787
v 0.004212 -0.023105 0.012808
v 0.004212 -0.023834 0.013074
v 0.003757 -0.024424 0.013288
v 0.003018 -0.024650 0.013370
v 0.002280 -0.024424 0.013288
v 0.001824 -0.023834 0.013074
v 0.001824 -0.023105 0.012808
v 0.002280 -0.022515 0.012594
v 0.003018 -0.022289 0.012511
v 0.003757 -0.022515 0.012594
vn 0.7987 -0.1577 -0.5807
vn 0.9277 -0.3415 -0.1507
vn 0.9313 -0.1947 -0.3080
vn -0.8598 0.2668 0.4353
vn 0.7578 0.3813 0.5295
vn -0.8785 -0.2110 0.4287
vn 0.7006 -0.6940 0.1659
vn -0.4685 0.8045 -0.3650
vn -0.0000 0.2850 -0.9585
vn -0.6068 0.1095 -0.7872
vn -0.6802 0.7325 -0.0269
vn 0.6068 0.1095 -0.7872
vn 0.3738 -0.6468 -0.6648
vn 0.8315 -0.4944 -0.2534
vn 0.0001 -0.7329 -0.6803
vn -0.3737 -0.6468 -0.6648
vn -0.8315 -0.4944 -0.2534
vn 0.4687 0.8044 -0.3650
vn 0.6802 0.7325 -0.0269
vn 0.0664 0.8940 0.4432
vn 0.1682 0.5674 0.8061
vn 0.1698 0.9533 0.2497
vn 0.2144 0.6892 0.6922
vn -0.0765 0.8556 0.5120
vn 0.5013 0.5674 0.6533
vn 0.3879 0.8939 0.2246
vn -0.6511 0.7150 0.2548
vn -0.5272 0.7931 0.3051
vn -0.6971 0.7150 -0.0530
vn -0.3426 0.7931 0.5036
vn -0.4761 0.7150 0.5119
vn -0.2445 0.5634 0.7892
vn 0.0875 0.8064 0.5849
vn 0.4148 0.7931 0.4460
vn 0.7352 0.5673 0.3711
vn 0.1995 0.9798 0.0152
vn -0.0668 0.9742 0.2154
vn -0.1983 0.5674 0.7992
vn 0.3424 0.7931 -0.5037
vn 0.5254 0.5674 -0.6341
vn 0.5272 0.7931 -0.3051
vn 0.7485 0.5674 -0.3432
vn 0.2057 0.9533 -0.2211
vn 0.4176 0.8938 -0.1633
vn 0.8234 0.5673 0.0155
vn 0.5673 0.7931 0.2218
vn 0.3932 0.7150 0.5781
vn 0.2069 -0.7150 0.6678
vn -0.1401 -0.3226 0.9361
vn -0.3325 -0.8064 0.4890
vn -0.8192 -0.3226 0.4742
vn 0.6073 0.7931 -0.0461
vn 0.6051 0.7150 0.3502
vn 0.6971 0.7150 0.0530
vn 0.6511 0.7150 -0.2547
vn 0.4762 0.7150 -0.5118
vn -0.5045 -0.8625 0.0384
vn -0.8815 -0.3226 -0.3447
vn -0.6052 0.7150 -0.3501
vn -0.4762 -0.7151 -0.5118
vn -0.3933 0.7150 -0.5780
vn -0.2801 -0.3226 -0.9041
vn -0.1034 0.7150 -0.6914
vn 0.0750 -0.8625 -0.5004
vn 0.2069 0.7150 -0.6678
vn 0.5324 -0.3226 -0.7826
vn 0.6051 -0.7150 -0.3501
vn 0.9438 -0.3226 -0.0718
vn 0.4090 -0.8984 0.1600
vn 0.6447 -0.3226 0.6931
vn -0.0383 0.9660 -0.2558
vn -0.1952 0.9742 -0.1130
vn 0.1326 0.8938 -0.4284
vn 0.1981 0.5672 -0.7994
vn 0.0901 0.7931 -0.6023
vn -0.1801 0.7931 -0.5819
vn -0.4148 0.7931 -0.4460
vn -0.5673 0.7931 -0.2218
vn -0.6073 0.7931 0.0462
vn -0.1680 0.5673 -0.8062
vn -0.5011 0.5674 -0.6534
vn -0.7352 0.5673 -0.3710
vn -0.8234 0.5673 -0.0154
vn -0.7485 0.5674 0.3432
vn -0.5255 0.5674 0.6339
vn -0.3053 0.8939 0.3282
vn -0.2813 0.9533 0.1101
vn -0.4472 0.8938 -0.0339
vn -0.2521 0.8938 -0.3708
vn 0.1515 0.8151 0.5591
vn -0.0000 0.7902 0.6128
vn 0.0941 0.7283 0.6787
vn 0.4231 0.7329 0.5328
vn 0.0003 0.9101 0.4144
vn -0.1295 0.8143 0.5658
vn -0.1100 0.6737 0.7307
vn -0.0001 0.6392 0.7690
vn -0.0000 0.6654 0.7465
vn -0.0001 0.9259 0.3777
vn -0.0000 0.9683 0.2497
vn -0.0901 0.9544 0.2847
vn 0.4885 0.5235 0.6980
vn 0.7303 0.5938 0.3377
vn 0.6536 0.6563 0.3769
vn -0.0000 0.9186 0.3953
vn -0.0000 0.8054 0.5927
vn -0.6536 0.6563 0.3769
vn -0.7304 0.5937 0.3378
vn -0.4885 0.5235 0.6981
vn -0.4229 0.7330 0.5328
vn -0.2072 0.9302 0.3031
vn -0.0033 1.0000 0.0084
vn -0.2520 0.9501 0.1837
vn -0.0049 1.0000 0.0059
vn 0.0040 1.0000 0.0083
vn 0.0721 0.9708 0.2287
vn 0.2076 0.9301 0.3029
vn 0.2520 0.9501 0.1837
vn 0.0049 1.0000 0.0054
vn 0.2983 0.9500 0.0926
vn 0.5915 0.7054 0.3906
vn 0.6867 0.7046 0.1789
vn 0.2691 0.9631 -0.0075
vn 0.7079 0.7044 -0.0517
vn 0.3486 0.9283 -0.1293
vn 0.6240 0.7266 -0.2876
vn 0.2514 0.9460 -0.2045
vn 0.6063 0.7862 -0.1200
vn 0.0859 0.7478 0.6583
vn 0.0023 0.9999 -0.0105
vn -0.0850 0.8813 0.4649
vn -0.0022 1.0000 -0.0092
vn 0.5462 0.7033 -0.4551
vn 0.7945 0.4726 -0.3813
vn 0.3154 -0.9352 -0.1608
vn 0.8942 0.2174 -0.3913
vn 0.7177 -0.0667 -0.6931
vn 0.6841 0.4402 -0.5816
vn 0.8288 0.4320 -0.3557
vn 0.9014 0.4273 -0.0697
vn 0.8770 0.4249 0.2243
vn 0.7574 0.4254 0.4954
vn 0.6043 0.4123 0.6818
vn 0.4719 -0.8479 0.2418
vn 0.6099 -0.3943 0.6874
vn 0.8652 -0.0832 0.4945
vn 0.5502 -0.8283 0.1063
vn 0.9879 -0.0751 -0.1360
vn 0.7090 -0.6088 -0.3558
vn -0.9278 -0.3415 -0.1506
vn -0.8716 -0.1443 -0.4685
vn -0.9313 -0.1947 -0.3079
vn -0.0054 1.0000 0.0026
vn 0.0054 1.0000 0.0026
vn -0.0045 1.0000 -0.0003
vn 0.0045 1.0000 -0.0011
vn -0.0056 1.0000 -0.0044
vn -0.2691 0.9631 -0.0076
vn -0.2983 0.9500 0.0925
vn -0.6867 0.7046 0.1789
vn -0.5915 0.7054 0.3906
vn -0.7574 0.4254 0.4954
vn -0.6043 0.4122 0.6818
vn -0.2512 0.9461 -0.2046
vn -0.3485 0.9283 -0.1293
vn -0.7079 0.7044 -0.0518
vn -0.8770 0.4249 0.2243
vn -0.6842 -0.6156 0.3911
vn -0.6616 -0.0800 0.7456
vn -0.6216 -0.7153 0.3192
vn -0.9786 -0.0815 0.1891
vn -0.9014 0.4272 -0.0698
vn -0.6240 0.7266 -0.2875
vn -0.6061 0.7862 -0.1202
vn -0.4141 -0.9084 -0.0571
vn -0.8288 0.4320 -0.3557
vn -0.5462 0.7033 -0.4551
vn -0.7945 0.4726 -0.3813
vn -0.6841 0.4402 -0.5815
vn -0.8942 0.2174 -0.3913
vn -0.5710 -0.6078 -0.5519
vn -0.6434 -0.6912 -0.3290
vn -0.8919 -0.0645 -0.4475
vn 0.0058 1.0000 -0.0050
vn -0.7598 0.3202 0.5658
vn -0.2432 0.8968 0.3696
vn -0.6730 0.7119 0.2005
vn -0.5458 0.8040 -0.2361
vn -0.9458 0.3201 -0.0549
vn -0.2192 0.3202 0.9216
vn 0.0813 0.7119 0.6976
vn 0.4248 0.3201 0.8468
vn 0.3214 0.8968 0.3040
vn -0.1985 0.8968 -0.3954
vn -0.6887 0.3201 -0.6506
vn 0.8695 0.3202 0.3760
vn 0.9581 -0.0000 0.2866
vn 0.7011 0.7119 0.0413
vn 0.8021 -0.0000 0.5972
vn 0.5497 -0.0000 0.8354
vn 0.2314 -0.0000 0.9729
vn -0.1157 -0.0000 0.9933
vn -0.4484 -0.0000 0.8938
vn -0.7266 -0.0000 0.6871
vn -0.9180 -0.0000 0.3965
vn -0.9983 -0.0000 0.0583
vn -0.9583 -0.0000 -0.2856
vn -0.1096 0.3201 -0.9410
vn 0.1625 0.7119 -0.6832
vn 0.4086 0.8605 -0.3043
vn 0.5214 0.3201 -0.7910
vn 0.9076 0.3202 -0.2716
vn -0.8020 -0.0000 -0.5974
vn -0.5504 -0.0000 -0.8349
vn -0.2314 -0.0000 -0.9729
vn 0.1157 -0.0000 -0.9933
vn 0.4488 -0.0000 -0.8936
vn 0.7270 -0.0000 -0.6867
vn 0.9176 -0.0000 -0.3974
vn 0.9983 -0.0000 -0.0585
vn -0.8191 -0.3227 0.4742
vn -0.3326 -0.8064 0.4890
vn 0.6446 -0.3227 0.6930
vn -0.1400 -0.3227 0.9361
vn 0.9438 -0.3227 -0.0718
vn 0.6052 -0.7150 -0.3501
vn 0.0748 -0.8625 -0.5004
vn -0.4762 -0.7150 -0.5118
vn -0.8815 -0.3227 -0.3447
vn 0.5324 -0.3227 -0.7825
vn -0.2801 -0.3227 -0.9041
vn 0.4447 0.7173 0.5364
vn 0.0360 0.6351 0.7716
vn 0.4420 0.3920 0.8068
vn 0.1916 0.0012 0.9815
vn 0.6039 0.0017 0.7971
vn -0.0712 -0.3629 0.9291
vn -0.2587 0.0468 0.9648
vn -0.4125 0.4792 0.7748
vn -0.3293 0.7964 0.5072
vn -0.6482 0.1289 0.7505
vn -0.3070 0.8653 -0.3962
vn 0.4177 0.2753 -0.8658
vn -0.6615 -0.4389 -0.6081
vn 0.5303 -0.8334 -0.1556
vn -0.6615 -0.4389 -0.6082
vn -0.6227 -0.6427 0.4463
vn 0.2834 -0.2949 0.9125
vn -0.1913 0.0733 0.9788
vn -0.5345 0.5243 0.6629
vn 0.2672 0.7755 0.5720
vn -0.3334 0.8538 0.3999
vn 0.8164 0.5229 0.2449
vn 0.8415 -0.3702 0.3934
vn 0.4177 0.2753 -0.8659
vn 0.6866 0.6971 0.2065
vn 0.5304 -0.8334 -0.1555
vn 0.1712 0.5466 0.8197
vn -0.2673 -0.2296 0.9359
vn -0.8165 -0.2449 0.5229
vn 0.3334 -0.3999 0.8538
vn 0.5345 0.0217 0.8449
vn -0.2325 0.7383 0.6331
vn -0.8937 0.4081 0.1863
vn -0.6615 -0.4388 -0.6082
vn -0.3069 0.8654 -0.3961
vn 0.6866 0.6970 0.2066
vn 0.4177 0.2754 -0.8658
vn -0.8937 0.4082 0.1862
vn -0.9348 -0.1009 0.3405
vn -0.9246 -0.1144 0.3633
vn -0.9331 -0.3562 -0.0496
vn -0.5229 0.5095 0.6834
vn -0.1792 0.5550 0.8123
vn -0.5319 0.5634 0.6322
vn -0.0961 0.5502 0.8295
vn -0.7024 0.3168 0.6374
vn -0.9502 0.1319 0.2822
vn -0.9567 -0.1153 -0.2673
vn -0.9460 0.3072 0.1039
vn -0.9864 0.1324 0.0979
vn -0.9698 0.0175 0.2431
vn -0.9241 -0.0175 0.3818
vn -0.0000 0.5243 0.8515
vn -0.4890 -0.7076 -0.5100
vn -0.5138 -0.5639 -0.6466
vn -0.9203 -0.3162 -0.2304
vn -0.9259 -0.2360 -0.2949
vn -0.9397 0.2465 0.2371
vn -0.9331 0.1913 0.3046
vn -0.9291 -0.1652 -0.3309
vn -0.5215 -0.1026 -0.8471
vn -0.5247 -0.4153 -0.7431
vn 0.1121 0.5537 0.8251
vn 0.1792 0.5550 0.8123
vn -0.0000 0.5560 0.8312
vn -0.2660 0.6875 0.6757
vn -0.5673 0.6964 0.4395
vn -0.9400 0.2748 0.2019
vn -0.9081 -0.3962 -0.1358
vn -0.4693 -0.8210 -0.3251
vn 0.5229 0.5094 0.6834
vn 0.7024 0.3167 0.6375
vn 0.5319 0.5635 0.6321
vn 0.2659 0.6876 0.6757
vn -0.0000 0.7536 0.6573
vn -0.3186 0.8214 0.4730
vn -0.5811 0.7409 0.3368
vn -0.9406 0.2885 0.1788
vn -0.9061 -0.4227 -0.0190
vn -0.4884 -0.8670 -0.0991
vn 0.9397 0.2465 0.2371
vn 0.9331 0.1913 0.3045
vn 0.5673 0.6964 0.4395
vn 0.3186 0.8214 0.4730
vn 0.0001 0.8782 0.4783
vn -0.3524 0.8652 0.3567
vn -0.6084 0.7492 0.2617
vn -0.9462 0.2863 0.1506
vn -0.9094 -0.4114 0.0619
vn -0.5193 -0.8523 0.0634
vn -0.0000 -0.9979 -0.0641
vn -0.0000 -0.9937 0.1119
vn -0.8315 -0.4944 -0.2533
vn -0.6068 0.1096 -0.7873
vn -0.4133 0.8622 0.2929
vn -0.0000 0.9289 0.3704
vn 0.3525 0.8652 0.3566
vn 0.5811 0.7409 0.3367
vn 0.9400 0.2748 0.2019
vn 0.9203 -0.3162 -0.2304
vn 0.9259 -0.2360 -0.2949
vn 0.5138 -0.5639 -0.6465
vn 0.4891 -0.7076 -0.5100
vn 0.9081 -0.3962 -0.1358
vn 0.9406 0.2885 0.1788
vn 0.6085 0.7492 0.2617
vn 0.4134 0.8622 0.2929
vn 0.0001 0.9407 0.3394
vn -0.4686 0.8045 -0.3650
vn 0.4694 -0.8210 -0.3250
vn 0.9061 -0.4226 -0.0189
vn 0.9462 0.2863 0.1506
vn 0.4686 0.8044 -0.3650
vn 0.0001 0.2850 -0.9585
vn 0.4885 -0.8669 -0.0991
vn 0.9094 -0.4114 0.0619
vn 0.6068 0.1096 -0.7873
vn 0.5193 -0.8523 0.0633
vn 0.8315 -0.4944 -0.2533
vn 0.0001 -0.2610 -0.9653
vn 0.0095 0.1266 -0.9919
vn 0.5215 -0.1026 -0.8471
vn 0.5247 -0.4153 -0.7431
vn 0.0001 -0.5308 -0.8475
vn 0.0001 -0.6943 -0.7197
vn 0.0001 -0.8394 -0.5435
vn -0.0000 -0.9498 -0.3129
vn -0.3738 -0.6468 -0.6648
vn 0.7986 -0.1577 -0.5808
vn 0.9291 -0.1652 -0.3309
vn 0.9567 -0.1153 -0.2673
vn 0.9331 -0.3562 -0.0496
vn 0.9278 -0.3415 -0.1506
vn 0.9348 -0.1009 0.3405
vn 0.9459 0.3072 0.1039
vn 0.9863 0.1324 0.0979
vn 0.9698 0.0175 0.2431
vn 0.9241 -0.0175 0.3818
vn 0.9246 -0.1144 0.3633
vn 0.9502 0.1318 0.2823
vn -0.7545 0.5820 -0.3032
vn -0.8151 0.2231 -0.5346
vn 0.4128 0.8456 -0.3384
vn 0.7295 0.1326 -0.6710
vn -0.8717 -0.3478 -0.3452
vn 0.9645 -0.1920 -0.1812
vn -0.8949 0.1178 0.4305
vn 0.0008 0.2765 0.9610
vn -0.5988 0.4386 0.6702
vn -0.4609 0.5499 0.6965
vn -0.2296 0.8384 0.4943
vn 0.2298 0.8557 0.4637
vn -0.2463 0.8861 0.3927
vn 0.1344 0.6924 0.7089
vn -0.1881 0.6814 0.7073
vn -0.0331 0.4670 0.8837
vn -0.0000 0.3090 0.9511
vn -0.0008 0.2765 0.9610
vn 0.8949 0.1177 0.4306
vn 0.6063 0.7861 -0.1200
vn 0.0497 0.4664 0.8831
vn 0.5988 0.4385 0.6702
vn 0.4609 0.5499 0.6965
vn -0.0000 0.3252 0.9456
vn 0.8333 0.4224 0.3567
vn 0.6687 0.6630 0.3365
vn 0.2463 0.8811 0.4036
vn 0.8592 0.4641 0.2152
vn 0.2404 0.7977 0.5531
vn 0.7863 0.4948 0.3700
vn 0.2127 0.5161 0.8297
vn 0.7642 0.3156 0.5624
vn 0.1831 0.2481 0.9513
vn 0.8194 0.1312 0.5580
vn 0.1422 0.1644 0.9761
vn 0.5119 0.1298 0.8492
vn 0.7024 0.3167 0.6374
vn 0.8457 0.2314 0.4809
vn 0.0973 0.3931 0.9143
vn -0.1134 0.3118 0.9433
vn 0.1211 0.1804 0.9761
vn -0.1212 0.1781 0.9765
vn -0.1422 0.1642 0.9761
vn -0.1830 0.2683 0.9458
vn -0.2119 0.5909 0.7784
vn -0.2401 0.8248 0.5118
vn 0.7893 0.1195 0.6022
vn -0.7024 0.3167 0.6374
vn -0.8457 0.2314 0.4808
vn -0.7893 0.1195 0.6022
vn -0.5119 0.1298 0.8492
vn -0.8194 0.1312 0.5580
vn -0.7642 0.3156 0.5624
vn -0.7863 0.4948 0.3700
vn -0.8592 0.4641 0.2152
vn -0.6687 0.6630 0.3366
vn -0.8333 0.4224 0.3567
vn -0.5682 0.1510 0.8089
vn -0.6187 0.6581 0.4292
vn -0.8018 -0.2673 -0.5346
vn -0.5815 -0.4114 0.7018
vn -0.3366 -0.9111 0.2379
vn -0.3179 0.3544 0.8794
vn -0.6536 0.6564 0.3769
vn -0.7097 0.1441 0.6896
vn -0.6257 -0.0970 0.7740
vn -0.8151 0.2232 -0.5346
vn -0.7303 0.5938 0.3378
vn -0.6216 -0.7154 0.3193
vn -0.4886 0.5235 0.6980
vn -0.7080 -0.6124 0.3518
vn -0.4544 -0.3373 0.8245
vn -0.6305 -0.7723 0.0778
vn -0.7545 0.5820 -0.3033
vn -0.6970 0.7097 0.1024
vn -0.4883 0.8572 0.1634
vn -0.6621 -0.7086 0.2441
vn -0.7858 0.5537 0.2756
vn -0.9076 -0.3195 0.2724
vn -0.9363 0.3153 0.1550
vn -0.7012 -0.7107 0.0574
vn -0.5104 0.8588 -0.0445
vn -0.9326 -0.3212 -0.1648
vn -0.8970 0.3149 -0.3103
vn -0.5490 -0.8021 -0.2349
vn -0.7505 0.5532 -0.3615
vn -0.6436 -0.7084 -0.2895
vn -0.4910 0.8613 -0.1305
vn -0.6939 -0.7150 -0.0852
vn -0.5934 0.8021 0.0673
vn -0.6866 -0.7119 0.1473
vn -0.9270 0.3157 0.2026
vn -0.9401 -0.3221 0.1120
vn -0.6992 0.7114 -0.0712
vn -0.6821 -0.7140 -0.1581
vn -0.8509 0.3165 -0.4193
vn -0.8049 -0.3211 -0.4991
vn -0.4490 0.8680 -0.2120
vn -0.3296 -0.9415 -0.0707
vn -0.9376 0.3215 -0.1322
vn -0.7744 -0.4683 -0.4254
vn -0.7794 0.5552 -0.2904
vn -0.7297 -0.4305 -0.5312
vn -0.5085 0.8580 -0.0724
vn -0.8377 -0.4360 -0.3290
vn -0.8329 0.5525 0.0334
vn -0.8298 -0.5527 -0.0770
vn -0.6845 0.7100 0.1652
vn -0.8300 -0.5377 0.1484
vn -0.7580 0.4463 0.4755
vn -0.8036 -0.5942 0.0357
vn -0.7051 0.0157 0.7089
vn -0.6583 -0.7503 -0.0613
vn -0.8982 -0.2213 0.3799
vn -0.7099 -0.6950 -0.1140
vn -0.6663 -0.2556 -0.7005
vn -0.9244 0.0813 0.3728
vn -0.7151 0.0162 -0.6988
vn -0.8599 0.2669 0.4352
vn -0.5604 -0.0542 -0.8265
vn -0.2086 0.9616 0.1782
vn -0.4836 -0.8124 -0.3259
vn -0.6061 0.7863 -0.1202
vn -0.8785 -0.2110 0.4286
vn -0.9278 -0.3414 -0.1506
vn -0.7548 -0.2697 -0.5979
vn -0.9458 -0.0883 -0.3126
vn -0.9264 -0.2236 -0.3030
vn -0.6577 -0.2013 -0.7259
vn -0.6433 -0.6913 -0.3290
vn -0.3870 0.2859 -0.8766
vn -1.0000 -0.0000 -0.0000
vn -0.5573 -0.7326 0.3907
vn -0.7334 0.5081 -0.4517
vn -0.7075 -0.5462 0.4485
vn -0.6774 -0.7334 0.0574
vn -0.6492 -0.6777 -0.3454
vn -0.5268 0.2683 -0.8065
vn -0.5079 -0.8537 -0.1151
vn -0.5499 0.4556 -0.7000
vn -0.7126 0.4477 -0.5402
vn -0.5558 -0.8305 -0.0366
vn 0.0003 0.3356 -0.9420
vn -0.8177 -0.5648 -0.1113
vn -0.9750 -0.2180 -0.0420
vn -0.9405 -0.2921 -0.1734
vn -0.4357 -0.7298 -0.5268
vn -0.3791 -0.4497 -0.8087
vn -0.4465 -0.8333 -0.3260
vn -0.3171 0.8033 -0.5042
vn -0.8581 0.3872 -0.3373
vn -0.3201 0.5105 -0.7980
vn -0.9204 0.1043 -0.3769
vn -0.3181 0.0201 -0.9479
vn -0.8949 -0.0720 -0.4404
vn -0.3166 -0.2679 -0.9099
vn -0.8948 -0.1784 -0.4093
vn -0.5556 0.8291 0.0627
vn -0.9375 -0.3426 -0.0609
vn -0.7102 0.7015 -0.0589
vn -0.5559 0.8075 0.1970
vn -0.7123 0.6018 0.3612
vn -0.8589 -0.3750 -0.3488
vn -0.7096 0.4757 0.5199
vn -0.5560 0.4273 0.7129
vn -0.7080 0.2617 0.6560
vn -0.5554 0.1995 0.8073
vn -0.7079 0.0734 0.7025
vn -0.5565 -0.0672 0.8281
vn -0.5590 -0.2943 0.7752
vn -0.7119 -0.4535 0.5363
vn -0.3206 -0.8637 -0.3888
vn -0.3176 -0.5314 -0.7853
vn -0.5120 0.1298 0.8491
vn -0.7893 0.1195 0.6023
vn -0.8194 0.1311 0.5581
vn -0.9863 0.1324 0.0979
vn -0.7642 0.3156 0.5625
vn -0.7863 0.4948 0.3701
vn -0.8592 0.4641 0.2153
vn -0.9460 0.3072 0.1038
vn -0.5988 0.4385 0.6702
vn -0.4609 0.5499 0.6966
vn -0.8332 0.4225 0.3567
vn -0.6687 0.6630 0.3365
vn -0.8457 0.2314 0.4809
vn -0.9241 -0.0174 0.3818
vn -0.7024 0.3169 0.6374
vn -0.2091 0.8845 -0.4170
vn -0.3861 0.7119 -0.5866
vn -0.0539 0.8847 -0.4631
vn -0.5635 0.7119 -0.4192
vn -0.3393 0.8844 -0.3204
vn -0.6729 0.7119 -0.2010
vn -0.4283 0.8845 -0.1850
vn -0.7011 0.7119 0.0412
vn -0.4658 0.8845 -0.0273
vn -0.6447 0.7119 0.2785
vn -0.4470 0.8845 0.1335
vn -0.5106 0.7119 0.4821
vn -0.3742 0.8846 0.2783
vn -0.3147 0.7119 0.6278
vn -0.2565 0.8845 0.3896
vn -0.0811 0.7119 0.6976
vn 0.1078 0.8846 -0.4537
vn 0.1711 0.2947 -0.9402
vn 0.4823 0.2944 -0.8250
vn -0.1609 0.2945 -0.9420
vn -0.4734 0.2942 -0.8302
vn -0.7289 0.2941 -0.6183
vn -0.8964 0.2942 -0.3316
vn -0.9557 0.2942 -0.0051
vn -0.8998 0.2945 0.3219
vn -0.7353 0.2944 0.6104
vn -0.4823 0.2942 0.8251
vn -0.1079 0.8844 0.4540
vn -0.1711 0.2941 0.9403
vn 0.0540 0.8844 0.4636
vn 0.1609 0.2941 0.9421
vn 0.2092 0.8844 0.4171
vn 0.4733 0.2943 0.8302
vn 0.3391 0.8846 0.3203
vn 0.7287 0.2945 0.6183
vn 0.4281 0.8846 0.1849
vn 0.8963 0.2944 0.3316
vn 0.4658 0.8845 0.0273
vn 0.9557 0.2942 0.0052
vn 0.4471 0.8845 -0.1335
vn 0.8999 0.2943 -0.3220
vn 0.3744 0.8844 -0.2785
vn 0.7354 0.2942 -0.6104
vn 0.2566 0.8844 -0.3897
vn 0.3862 0.7119 0.5865
vn 0.5635 0.7119 0.4191
vn 0.6729 0.7119 0.2011
vn 0.7011 0.7119 -0.0411
vn 0.6447 0.7119 -0.2785
vn 0.5105 0.7119 -0.4823
vn 0.3149 0.7119 -0.6277
vn 0.0812 0.7119 -0.6976
vn -0.1624 0.7119 -0.6832
vn 0.1700 0.3543 -0.9196
vn -0.1549 0.3543 -0.9222
vn 0.4741 0.3542 -0.8061
vn 0.7212 0.3543 -0.5953
vn 0.8813 0.3543 -0.3127
vn 0.9351 0.3543 0.0077
vn 0.8761 0.3543 0.3270
vn 0.7114 0.3543 0.6070
vn 0.4608 0.3544 0.8137
vn 0.1621 0.7119 0.6833
vn 0.1547 0.3543 0.9222
vn 0.1841 0.9118 0.3670
vn 0.4377 0.7985 0.4134
vn 0.2481 0.9628 0.1072
vn 0.6011 0.7984 0.0353
vn 0.3934 0.9118 -0.1176
vn 0.4831 0.7985 -0.3593
vn 0.1681 0.9521 -0.2553
vn 0.1392 0.7983 -0.5859
vn -0.1697 0.3543 0.9196
vn -0.0624 0.9628 0.2629
vn -0.4741 0.3544 0.8060
vn 0.0696 0.7984 0.5981
vn -0.7212 0.3544 0.5952
vn -0.8813 0.3544 0.3127
vn -0.9351 0.3543 -0.0075
vn -0.8760 0.3545 -0.3271
vn -0.7113 0.3544 -0.6070
vn -0.4610 0.3543 -0.8136
vn -0.0475 0.9118 -0.4079
vn -0.2701 0.7983 -0.5383
vn -0.1965 0.9628 -0.1855
vn -0.5526 0.7985 -0.2388
vn -0.3503 0.9364 -0.0206
vn -0.5768 0.7985 0.1725
vn -0.3295 0.9118 0.2450
vn -0.3311 0.7985 0.5027
vn -0.2095 -0.2131 -0.9543
vn -0.3448 -0.2991 -0.8897
vn -0.5621 -0.1780 -0.8077
vn -0.4330 -0.1670 -0.8858
vn -0.7350 0.0838 -0.6728
vn -0.5564 -0.5003 -0.6634
vn -0.7157 -0.5622 -0.4144
vn -0.7133 0.4444 -0.5419
vn -0.8635 -0.4962 -0.0904
vn -0.5674 0.7625 -0.3108
vn -0.5591 -0.8264 0.0665
vn -0.3170 -0.9483 -0.0123
vn -0.7079 0.0735 0.7024
vn 0.7079 0.1067 0.6982
vn 0.5565 -0.0099 0.8308
vn 0.5591 -0.2097 0.8022
vn -0.5591 -0.2942 0.7752
vn 0.7119 -0.3875 0.5856
vn -0.7119 -0.4534 0.5363
vn 0.7075 -0.5311 0.4662
vn -0.7075 -0.5462 0.4484
vn 0.5573 -0.6978 0.4499
vn -0.5573 -0.7325 0.3909
vn 0.3510 -0.9167 0.1909
vn -0.6775 -0.7333 0.0574
vn -0.6493 -0.6776 -0.3453
vn 0.6494 -0.6775 -0.3453
vn 0.7607 -0.5770 -0.2974
vn 0.5558 -0.8313 0.0074
vn 0.6305 -0.7566 -0.1731
vn -0.8177 -0.5647 -0.1114
vn -0.4464 -0.8333 -0.3260
vn 0.4472 -0.8269 -0.3410
vn -0.4357 -0.7298 -0.5269
vn 0.4366 -0.6892 -0.5782
vn -0.3791 -0.4498 -0.8087
vn 0.5285 -0.4140 -0.7412
vn 0.4331 -0.1993 -0.8790
vn -0.4330 -0.1671 -0.8858
vn 0.7312 -0.0034 -0.6821
vn 0.7134 0.3676 -0.5966
vn -0.7134 0.4445 -0.5418
vn 0.5676 0.6925 -0.4453
vn -0.5674 0.7625 -0.3109
vn 0.7103 0.6964 -0.1027
vn -0.7103 0.7015 -0.0590
vn 0.5557 0.8311 0.0215
vn -0.5557 0.8290 0.0628
vn 0.5560 0.8175 0.1505
vn -0.5560 0.8076 0.1969
vn 0.7124 0.6415 0.2845
vn -0.7124 0.6018 0.3611
vn 0.7096 0.5175 0.4781
vn -0.7096 0.4756 0.5198
vn 0.5560 0.4684 0.6866
vn -0.5560 0.4272 0.7129
vn 0.7081 0.2949 0.6416
vn -0.7081 0.2618 0.6559
vn 0.5554 0.2343 0.7978
vn -0.3311 0.7985 0.5028
vn -0.3294 0.9118 0.2450
vn 0.1681 0.9522 -0.2553
vn 0.3934 0.9118 -0.1175
vn 0.2480 0.9628 0.1072
vn -0.5525 0.7985 -0.2388
vn -0.0474 0.9118 -0.4079
vn -0.2700 0.7983 -0.5383
vn 0.1840 0.9118 0.3670
vn 0.0695 0.7984 0.5981
vn 0.4376 0.7985 0.4134
vn 0.6887 -0.3201 -0.6506
vn 0.4061 -0.8968 -0.1755
vn 0.3152 -0.7119 -0.6276
vn 0.7602 -0.3201 0.5653
vn 0.2801 -0.8605 0.4255
vn 0.6730 -0.7119 0.2007
vn -0.3217 -0.8968 0.3037
vn -0.1024 -0.8968 -0.4304
vn 0.1097 -0.3202 -0.9410
vn 0.9458 -0.3201 -0.0552
vn -0.0810 -0.7119 0.6976
vn 0.2186 -0.3200 0.9218
vn -0.4245 -0.3201 0.8470
vn -0.8025 -0.0000 0.5967
vn -0.8698 -0.3202 0.3755
vn -0.5499 -0.0000 0.8352
vn -0.2307 -0.0000 0.9730
vn 0.1154 -0.0000 0.9933
vn 0.4480 -0.0000 0.8940
vn 0.7271 -0.0000 0.6865
vn 0.9181 -0.0000 0.3964
vn 0.9983 -0.0000 0.0585
vn 0.9583 -0.0000 -0.2859
vn 0.8022 -0.0000 -0.5971
vn 0.5502 -0.0000 -0.8350
vn 0.2315 -0.0000 -0.9728
vn -0.1158 -0.0000 -0.9933
vn -0.4487 -0.0000 -0.8937
vn -0.5212 -0.3202 -0.7911
vn -0.7269 -0.0000 -0.6867
vn -0.5634 -0.7118 -0.4194
vn -0.9179 -0.0000 -0.3967
vn -0.9078 -0.3202 -0.2708
vn -0.9983 -0.0000 -0.0582
vn -0.5938 -0.8038 0.0348
vn -0.9583 -0.0000 0.2858
vn -0.0000 0.3049 0.9524
vn -0.0000 0.3048 0.9524
vn -0.0000 0.4083 0.9129
vn -0.0000 0.4415 0.8972
vn -0.3179 0.3545 0.8794
vn -0.7098 0.1440 0.6895
vn 0.3178 0.3545 0.8794
vn 0.6285 0.1434 0.7645
vn -0.6258 -0.0970 0.7740
vn 0.3177 -0.1312 0.9391
vn 0.0552 -0.2802 0.9583
vn 0.9272 -0.1389 0.3478
vn 0.4747 -0.6619 0.5802
vn 0.0645 -0.9485 0.3102
vn -0.1137 -0.5299 0.8404
vn -0.0777 -0.3124 0.9468
vn -0.7080 -0.6123 0.3518
vn -0.4543 -0.3373 0.8245
vn -0.7602 -0.3202 -0.5653
vn -0.2433 -0.8969 -0.3694
vn -0.6730 -0.7119 -0.2010
vn 0.9077 -0.3202 0.2711
vn 0.4087 -0.8605 0.3040
vn 0.7011 -0.7119 -0.0411
vn 0.3216 -0.8968 -0.3037
vn -0.1983 -0.8968 0.3954
vn -0.5460 -0.8039 0.2358
vn -0.9457 -0.3201 0.0555
vn 0.8697 -0.3202 -0.3756
vn -0.6887 -0.3202 0.6506
vn 0.1624 -0.7119 0.6833
vn 0.5210 -0.3202 0.7912
vn -0.1095 -0.3201 0.9410
vn 0.0812 -0.7119 -0.6976
vn -0.2190 -0.3202 -0.9217
vn 0.4248 -0.3201 -0.8468
vn -0.4696 -0.8824 -0.0291
vn -0.6305 -0.5133 -0.5822
vn 0.0628 -0.8225 -0.5653
vn -0.0745 -0.3987 0.9140
vn 0.3434 -0.3165 0.8843
vn 0.6340 -0.7702 -0.0699
vn 0.6308 -0.0184 0.7757
vn 0.5705 -0.3902 -0.7227
vn -0.3343 0.0500 -0.9411
vn -0.9243 0.0691 -0.3754
vn 0.3440 0.3164 -0.8841
vn -0.1019 0.7697 -0.6303
vn 0.6515 0.1277 0.7478
vn 0.6074 0.5115 0.6079
vn 0.6767 0.3801 0.6306
vn 0.8615 0.2509 -0.4415
vn 0.4643 0.7283 0.5039
vn 0.0744 0.8929 0.4441
vn -0.3441 0.8104 0.4741
vn -0.6305 0.5136 0.5820
vn -0.6766 0.1140 0.7275
vn -0.4640 -0.2340 0.8543
vn 0.3315 0.7975 0.5041
vn -0.0716 0.8770 0.4751
vn -0.4473 0.7184 0.5327
vn -0.6515 0.3835 0.6546
vn -0.6070 -0.0009 0.7947
vn -0.3312 -0.2873 0.8988
vn 0.0723 -0.3663 0.9277
vn 0.4466 -0.2082 0.8702
vn 0.6305 -0.7567 -0.1731
vn 0.9751 -0.2180 -0.0420
vn 0.9406 -0.2919 -0.1733
vn 0.4367 -0.6892 -0.5782
vn 0.3511 -0.9167 0.1910
vn 0.9212 0.2315 -0.3126
vn 0.6493 -0.6776 -0.3453
vn 0.5271 0.2681 -0.8064
vn 0.7607 -0.5769 -0.2974
vn 0.2863 0.6613 -0.6934
vn 0.7126 0.3762 -0.5922
vn 0.5558 -0.8313 0.0076
vn -0.0000 0.2392 -0.9710
vn 0.7227 0.2936 -0.6257
vn 1.0000 -0.0000 -0.0000
vn 0.9313 -0.1947 -0.3079
vn 0.9264 -0.2236 -0.3029
vn 0.5285 -0.4140 -0.7411
vn 0.9458 -0.0883 -0.3126
vn 0.4332 -0.1993 -0.8790
vn 0.7987 -0.1577 -0.5808
vn 0.7548 -0.2697 -0.5979
vn 0.5432 -0.2298 -0.8075
vn 0.5604 -0.0541 -0.8265
vn 0.9278 -0.3414 -0.1506
vn 0.3439 -0.2635 -0.9013
vn 0.5653 -0.2511 -0.7857
vn 0.2094 -0.1682 -0.9633
vn 0.5564 -0.5439 -0.6281
vn 0.7157 -0.6207 -0.3203
vn 0.7133 0.3676 -0.5967
vn 0.8634 -0.5041 -0.0187
vn 0.5675 0.6925 -0.4454
vn 0.7103 0.6964 -0.1028
vn 0.9375 -0.3381 -0.0822
vn 0.5556 0.8312 0.0214
vn 0.5559 0.8175 0.1504
vn 0.7123 0.6416 0.2845
vn 0.5591 -0.8276 0.0492
vn 0.3170 -0.9465 -0.0604
vn 0.8377 -0.4360 -0.3290
vn 0.3890 0.9196 -0.0554
vn 0.7297 -0.4305 -0.5312
vn 0.8328 0.5525 0.0334
vn 0.8298 -0.5527 -0.0771
vn 0.8074 0.5569 0.1949
vn 0.8300 -0.5376 0.1483
vn 0.7579 0.4463 0.4758
vn 0.8034 -0.5943 0.0361
vn 0.7050 0.0158 0.7090
vn 0.6583 -0.7503 -0.0615
vn 0.8983 -0.2213 0.3796
vn 0.7099 -0.6950 -0.1142
vn 0.9318 -0.2707 -0.2418
vn 0.9244 0.0813 0.3726
vn 0.5274 -0.0294 -0.8491
vn 0.7578 0.3812 0.5295
vn 0.5372 0.7077 0.4590
vn 0.4241 -0.7227 -0.5457
vn 0.6063 0.7862 -0.1199
vn 0.8949 0.1178 0.4305
vn 0.3155 -0.9352 -0.1608
vn 0.9460 0.3072 0.1038
vn 0.4609 0.5499 0.6966
vn 0.8332 0.4225 0.3567
vn 0.8592 0.4641 0.2153
vn 0.7893 0.1194 0.6023
vn 0.8194 0.1312 0.5581
vn 0.5120 0.1297 0.8491
vn 0.7642 0.3156 0.5625
vn 0.9699 0.0175 0.2431
vn 0.9241 -0.0174 0.3818
vn 0.6187 0.3290 -0.7135
vn 0.7194 0.2550 0.6460
vn 0.6666 -0.6667 -0.3334
vn 0.5815 -0.7021 0.4110
vn 0.3366 -0.2381 0.9111
vn -0.5816 -0.4113 0.7018
vn -0.5683 0.1511 0.8089
vn -0.6187 0.6580 0.4292
vn -0.8018 -0.2672 -0.5345
vn -0.3365 -0.9111 0.2379
vn 0.1211 -0.7294 -0.6733
vn 0.1385 -0.8102 -0.5696
vn 0.3674 -0.7616 -0.5338
vn 0.5231 -0.7947 -0.3079
vn 0.5432 -0.2299 -0.8075
vn -0.1378 -0.6403 -0.7557
vn 0.6526 -0.5325 -0.5391
vn 0.5012 -0.5342 -0.6807
vn 0.0394 -0.4702 -0.8817
vn -0.0921 -0.8389 -0.5365
vn -0.2660 -0.5856 -0.7657
vn -0.5231 -0.7947 -0.3079
vn -0.0825 -0.6054 -0.7916
vn 0.5273 -0.0294 -0.8491
vn 0.4242 -0.7227 -0.5456
vn 0.9318 -0.2707 -0.2419
vn 0.5604 -0.0541 -0.8264
vn -0.3448 -0.2991 -0.8898
vn -0.6525 -0.5325 -0.5391
vn -0.5014 -0.5381 -0.6775
vn -0.6664 -0.2556 -0.7004
vn -0.7548 -0.2697 -0.5980
vn -0.7152 0.0163 -0.6988
vn -0.5604 -0.0541 -0.8264
vn -0.9375 -0.3427 -0.0609
vn -0.3206 -0.8637 -0.3889
vn 0.9375 -0.3382 -0.0821
vn 0.3169 -0.9465 -0.0604
vn -0.3169 -0.9484 -0.0124
vn 0.5592 -0.8276 0.0493
vn -0.5592 -0.8264 0.0665
vn 0.7157 -0.6206 -0.3203
vn -0.7158 -0.5622 -0.4143
vn -0.5565 -0.5004 -0.6633
vn 0.2094 -0.1683 -0.9633
vn 0.3438 -0.2635 -0.9013
vn -0.3201 0.5105 -0.7981
vn -0.8581 0.3873 -0.3372
vn 0.3201 0.6007 -0.7326
vn 0.9203 0.1385 -0.3658
vn -0.9203 0.1043 -0.3770
vn 0.3180 0.0948 -0.9434
vn -0.3180 0.0201 -0.9479
vn 0.8949 -0.0488 -0.4436
vn 0.3165 -0.2351 -0.9190
vn -0.3165 -0.2678 -0.9100
vn 0.8948 -0.1602 -0.4168
vn -0.8948 -0.1782 -0.4094
vn 0.3176 -0.4752 -0.8206
vn 0.8589 -0.3464 -0.3773
vn -0.8589 -0.3750 -0.3489
vn 0.3206 -0.8086 -0.4934
vn 0.7228 0.2936 -0.6256
vn -0.0000 0.2393 -0.9710
vn -0.0000 0.3356 -0.9420
vn 0.7126 0.3762 -0.5921
vn -0.7126 0.4476 -0.5402
vn 0.2862 0.6613 -0.6933
vn -0.5268 0.2682 -0.8066
vn -0.7335 0.5080 -0.4516
vn 0.5270 0.2680 -0.8065
vn 0.9212 0.2317 -0.3126
vn 0.3170 0.8290 -0.4608
vn -0.3170 0.8033 -0.5042
vn 0.8581 0.4041 -0.3169
vn 0.7091 -0.6088 -0.3558
vn 0.6100 -0.3944 0.6873
vn 0.9879 -0.0750 -0.1361
vn 0.9645 -0.1920 -0.1811
vn -0.8717 -0.3479 -0.3451
vn -0.6216 -0.7154 0.3192
vn 0.7006 -0.6939 0.1660
vn -0.5709 -0.6078 -0.5519
vn -0.6433 -0.6913 -0.3291
vn -0.8785 -0.2110 0.4285
vn -0.8920 -0.0645 -0.4475
vn -0.6616 -0.0800 0.7455
vn 0.3176 -0.4751 -0.8206
vn 0.8948 -0.1600 -0.4169
vn 0.3166 -0.2350 -0.9190
vn 0.3180 0.0949 -0.9433
vn 0.9204 0.1385 -0.3657
vn 0.3206 -0.8085 -0.4935
vn 0.7096 0.5178 0.4779
vn 0.7080 0.2949 0.6417
vn 0.5554 0.2344 0.7978
vn 0.5590 -0.2096 0.8022
vn 0.7119 -0.3875 0.5858
vn 0.8581 0.4041 -0.3168
vn 0.7075 -0.5312 0.4662
vn 0.5573 -0.6978 0.4500
vn 0.3171 0.8290 -0.4607
vn 0.3201 0.6008 -0.7325
vn -0.9362 0.3153 0.1550
vn -0.7858 0.5537 0.2757
vn -0.5105 0.8588 -0.0445
vn -0.4883 0.8573 0.1633
vn -0.4910 0.8613 -0.1306
vn -0.7505 0.5532 -0.3616
vn -0.8970 0.3149 -0.3102
vn -0.8509 0.3166 -0.4193
vn -0.6993 0.7113 -0.0712
vn -0.4490 0.8680 -0.2121
vn -0.5935 0.8020 0.0672
vn 0.1921 0.9810 0.0284
vn 0.4128 0.8456 -0.3385
vn -0.6971 0.7096 0.1025
vn -0.9270 0.3157 0.2027
vn -0.9376 0.3216 -0.1322
vn 0.8959 0.3142 0.3142
vn 0.6965 0.7083 0.1153
vn 0.6713 0.7063 0.2250
vn 0.5661 0.8007 -0.1959
vn 0.7506 0.5532 -0.3613
vn 0.5737 0.8048 -0.1522
vn 0.3889 0.9196 -0.0554
vn 0.3890 0.9027 -0.1839
vn 0.7794 0.5552 -0.2904
vn 0.9376 0.3216 -0.1321
vn 0.9453 0.3156 -0.0827
vn 0.8507 0.3166 -0.4196
vn 0.6993 0.7113 -0.0709
vn 0.7005 0.7092 0.0795
vn 0.9271 0.3157 0.2023
vn -0.8598 0.2670 0.4352
vn -0.2086 0.9616 0.1781
vn 0.5372 0.7076 0.4590
vn 0.7578 0.4464 0.4759
vn 0.8074 0.5569 0.1948
vn 0.8329 0.5525 0.0335
vn -0.7580 0.4464 0.4755
vn -0.6846 0.7100 0.1652
vn 0.4886 0.5236 0.6980
vn 0.7303 0.5938 0.3378
vn 0.4719 -0.8478 0.2418
vn 0.3180 0.3544 0.8794
vn 0.9273 -0.1389 0.3477
vn 0.9419 -0.3219 0.0961
vn 0.1921 0.9810 0.0283
vn 0.6712 0.7063 0.2249
vn 0.4817 -0.8581 0.1777
vn 0.8959 0.3141 0.3143
vn 0.7952 -0.5574 0.2387
vn 0.6964 0.7083 0.1152
vn 0.9439 -0.3210 0.0773
vn 0.5030 -0.8597 -0.0891
vn 0.5661 0.8008 -0.1958
vn 0.8711 -0.3203 -0.3724
vn 0.7506 0.5532 -0.3614
vn 0.4747 -0.6619 0.5801
vn 0.3178 -0.1313 0.9390
vn 0.7576 -0.5567 -0.3407
vn 0.3424 -0.9386 -0.0418
vn 0.7004 0.7093 0.0795
vn 0.6867 -0.7120 0.1470
vn 0.9271 0.3156 0.2023
vn 0.9400 -0.3220 0.1124
vn 0.6992 0.7114 -0.0709
vn 0.6821 -0.7140 -0.1580
vn 0.8045 -0.3211 -0.4996
vn 0.4212 -0.9025 -0.0902
vn 0.9376 0.3215 -0.1321
vn 0.7744 -0.4683 -0.4253
vn 0.7794 0.5552 -0.2903
vn -0.6306 -0.7722 0.0778
vn 0.0645 -0.9485 0.3101
vn 0.8710 -0.3203 -0.3724
vn 0.7576 -0.5565 -0.3410
vn 0.4818 -0.8581 0.1776
vn 0.9419 -0.3220 0.0960
vn 0.7952 -0.5573 0.2387
vn -0.6437 -0.7084 -0.2896
vn -0.6621 -0.7085 0.2441
vn -0.7012 -0.7106 0.0574
vn -0.9076 -0.3196 0.2723
vn -0.9325 -0.3213 -0.1649
vn 0.6867 -0.7119 0.1471
vn 0.4211 -0.9025 -0.0904
vn 0.6822 -0.7139 -0.1581
vn 0.9400 -0.3221 0.1123
vn -0.8035 -0.5942 0.0358
vn -0.1972 -0.7946 -0.5742
vn -0.8300 -0.5376 0.1484
vn -0.2576 -0.9567 -0.1359
vn -0.2145 -0.9611 -0.1740
vn -0.2085 -0.8468 -0.4893
vn 0.2146 -0.9383 -0.2710
vn 0.2917 -0.8282 -0.4786
vn 0.8298 -0.5527 -0.0770
vn 0.8376 -0.4360 -0.3290
vn 0.2147 -0.8061 -0.5514
vn 0.0616 -0.9359 -0.3468
vn 0.7745 -0.4683 -0.4253
vn -0.3295 -0.9415 -0.0707
vn -0.6940 -0.7149 -0.0851
vn -0.8376 -0.4360 -0.3290
vn -0.2148 -0.8104 -0.5451
vn -0.7298 -0.4305 -0.5312
vn -0.0868 -0.9206 -0.3808
vn -0.7744 -0.4683 -0.4255
vn -0.6867 -0.7119 0.1473
vn -0.6822 -0.7139 -0.1581
vn -0.9401 -0.3221 0.1119
vn -0.8048 -0.3211 -0.4992
vn -0.6857 0.3268 -0.6504
vn -0.1120 0.6158 -0.7799
vn -0.4247 0.4794 -0.7680
vn -0.0820 0.5798 -0.8107
vn -0.8494 0.4914 0.1922
vn -0.6009 0.6685 0.4383
vn -0.7940 0.3268 0.5127
vn -0.5018 0.7830 -0.3675
vn -0.5070 0.7552 -0.4155
vn -0.3850 0.5839 -0.7147
vn -0.4265 0.5839 -0.6908
vn -0.0674 0.7832 -0.6181
vn -0.1212 0.7172 -0.6862
vn 0.7878 0.5811 -0.2039
vn 0.5916 0.4914 -0.6391
vn 0.5216 0.8102 -0.2673
vn 0.4754 0.3269 -0.8168
vn 0.1975 0.5853 -0.7864
vn 0.0682 0.7791 -0.6232
vn -0.6075 0.6407 -0.4695
vn 0.6923 0.7216 -0.0000
vn -0.4920 0.8656 -0.0935
vn 0.1627 0.8656 0.4736
vn 0.8139 0.2521 0.5235
vn 0.6432 0.7511 0.1488
vn 0.4826 0.6271 0.6114
vn -0.0383 0.8295 0.5571
vn -0.2247 0.3268 0.9180
vn -0.3529 0.8424 0.4072
vn -0.6516 0.4891 0.5799
vn -0.8767 0.3268 0.3529
vn -0.8325 0.5528 -0.0358
vn 0.1062 0.7556 -0.6464
vn 0.4265 0.5839 -0.6907
vn 0.3850 0.5839 -0.7147
vn 0.5019 0.7830 -0.3675
vn 0.5337 0.7172 -0.4481
vn 0.5706 0.5810 0.5804
vn 0.8494 0.4915 0.1922
vn 0.4923 0.8103 0.3179
vn 0.9451 0.3268 0.0023
vn 0.6194 0.6158 -0.4869
vn 0.7753 0.5918 -0.2205
vn 0.6534 0.5893 -0.4751
vn 0.6028 0.7542 -0.2603
vn 0.4381 0.5970 -0.6720
vn 0.5785 0.7823 -0.2308
vn 0.0453 0.5011 -0.8642
vn -0.9071 0.3268 0.2653
vn -0.3289 0.8655 0.3778
vn -0.5291 0.8424 -0.1016
vn -0.1645 0.8655 -0.4730
vn 0.2208 0.3269 -0.9189
vn 0.3461 0.7216 0.5996
vn -0.0468 0.2522 0.9666
vn -0.3845 0.5529 -0.7392
vn -0.7439 0.3268 -0.5830
vn -0.8281 0.4892 -0.2738
vn -0.5007 0.8300 0.2458
vn -0.2878 0.6273 0.7236
vn 0.1919 0.7514 0.6314
vn 0.7051 0.6050 -0.3699
vn 0.9410 0.3268 -0.0879
vn 0.5581 0.8248 0.0908
vn -0.6020 0.7549 -0.2601
vn -0.7602 -0.3201 -0.5653
vn -0.2433 -0.8968 -0.3695
vn -0.2190 -0.3201 -0.9217
vn 0.0812 -0.7119 -0.6975
vn 0.3217 -0.8968 -0.3037
vn 0.8697 -0.3201 -0.3757
vn 0.7010 -0.7119 -0.0411
vn 0.8115 0.5839 0.0239
vn 0.8115 0.5839 -0.0240
vn 0.5686 0.7835 0.2506
vn 0.6550 0.7172 0.2381
vn -0.2176 0.5810 0.7843
vn -0.4508 0.7511 0.4823
vn 0.2588 0.4917 0.8314
vn -0.0294 0.8104 0.5851
vn -0.3466 0.7215 0.5994
vn -0.8601 0.2521 0.4434
vn -0.7705 0.6273 0.1133
vn -0.4637 0.8294 -0.3115
vn 0.4810 0.7851 0.3902
vn -0.1767 0.4891 -0.8541
vn 0.4478 0.5526 -0.7030
vn 0.1326 0.3268 -0.9357
vn 0.3272 0.8656 -0.3790
vn -0.1764 0.8424 -0.5091
vn -0.4915 0.8656 -0.0958
vn -0.6829 0.3268 -0.6533
vn 0.7658 0.5123 -0.3887
vn -0.9284 0.3268 0.1768
vn -0.7217 0.5082 0.4699
vn -0.5032 0.7199 0.4780
vn -0.7036 0.7017 0.1123
vn 0.1066 0.7552 0.6468
vn 0.0758 0.7548 0.6516
vn 0.4265 0.5839 0.6908
vn 0.3850 0.5840 0.7147
vn 0.5268 0.7543 0.3919
vn 0.7938 0.6059 0.0521
vn 0.9064 0.3268 -0.2676
vn 0.7315 0.6158 0.2926
vn 0.4714 0.3268 0.8191
vn 0.5787 0.5920 0.5610
vn 0.7382 0.5894 0.3281
vn -0.1064 0.7555 0.6464
vn -0.2003 0.8244 -0.5293
vn 0.3174 0.6380 -0.7015
vn 0.8076 0.4719 -0.3535
vn 0.4745 0.3268 -0.8173
vn 0.3639 0.9016 -0.2340
vn -0.0313 0.7199 -0.6934
vn -0.4644 0.8656 -0.1873
vn -0.5461 0.3268 -0.7714
vn -0.6723 0.6052 -0.4263
vn -0.6654 0.7199 -0.1973
vn -0.2496 0.8655 0.4342
vn -0.0704 0.8656 -0.4957
vn -0.6177 0.3268 -0.7153
vn -0.7677 0.5079 -0.3907
vn -0.4498 0.7010 -0.5534
vn -0.5071 0.7552 0.4154
vn -0.5260 0.7553 0.3910
vn -0.3849 0.5839 0.7147
vn -0.4264 0.5840 0.6908
vn -0.0674 0.7830 0.6184
vn 0.6797 0.6686 0.3016
vn 0.8185 0.5689 -0.0803
vn 0.2514 0.8656 0.4330
vn 0.5908 0.4916 0.6398
vn 0.8409 0.3267 0.4315
vn 0.2351 0.4723 0.8495
vn -0.0672 0.6979 0.7131
vn -0.4247 0.4794 0.7680
vn -0.1375 0.2521 0.9579
vn 0.9078 -0.3201 0.2711
vn 0.5210 -0.3201 0.7913
vn 0.1622 -0.7119 0.6833
vn -0.6887 -0.3201 0.6506
vn -0.6131 0.7554 0.2313
vn -0.9458 -0.3201 0.0555
vn -0.8115 0.5839 -0.0239
vn -0.6729 -0.7119 -0.2010
vn -0.0458 0.5078 -0.8602
vn -0.6131 0.7553 -0.2313
vn -0.4526 0.4794 -0.7519
vn -0.1620 0.7199 -0.6749
vn 0.3104 0.3268 -0.8927
vn 0.3941 0.8656 -0.3088
vn 0.2542 0.7010 -0.6663
vn -0.8115 0.5839 0.0240
vn -0.5692 0.7830 0.2508
vn 0.0792 0.6685 0.7395
vn 0.7095 0.4720 0.5234
vn 0.4784 0.5687 0.6691
vn 0.3843 0.9016 0.1985
vn -0.2588 0.4917 0.8314
vn 0.0475 0.3269 0.9439
vn -0.6180 0.4723 0.6284
vn -0.6510 0.6980 0.2983
vn -0.8775 0.4794 0.0158
vn -0.8983 0.2522 0.3598
vn 0.3582 0.8245 -0.4382
vn 0.7658 0.6387 -0.0753
vn 0.9451 0.3269 0.0020
vn 0.5846 0.7198 -0.3743
vn 0.3950 0.3269 -0.8586
vn 0.0324 0.6050 -0.7956
vn -0.8766 -0.3217 -0.3579
vn -0.2726 -0.9345 -0.2291
vn -0.3804 -0.9242 0.0336
vn -0.9500 -0.3119 -0.0157
vn -0.5045 -0.7265 -0.4665
vn 0.4556 -0.8622 -0.2214
vn -0.4147 -0.8593 0.2995
vn 0.5759 -0.8151 -0.0631
vn -0.1580 -0.8599 0.4853
vn 0.8107 -0.5322 -0.2439
vn 0.4465 -0.7124 -0.5414
vn -0.0543 -0.5980 -0.7997
vn -0.5088 -0.2877 -0.8114
vn 0.3703 -0.2857 -0.8839
vn -0.6647 -0.7471 -0.0058
vn -0.4233 -0.8538 -0.3031
vn 0.0002 -1.0000 -0.0003
vn 0.2021 -0.7559 0.6227
vn 0.4140 -0.8595 0.2997
vn 0.6556 -0.7551 -0.0005
vn 0.4144 -0.8588 -0.3014
vn 0.2017 -0.7559 -0.6228
vn -0.1578 -0.8596 -0.4860
vn 0.0394 -0.8999 0.4342
vn 0.4563 -0.8643 0.2118
vn 0.5439 -0.3251 0.7736
vn 0.9419 -0.3251 -0.0842
vn -0.3470 -0.5665 0.7474
vn -0.7736 -0.3251 0.5439
vn -0.8773 -0.4380 0.1962
vn -0.8957 0.3872 -0.2188
vn -0.5567 -0.8273 0.0750
vn -0.5586 -0.7751 0.2951
vn -0.5556 -0.7040 0.4423
vn 0.5556 -0.7246 0.4077
vn 0.3372 -0.8845 0.3225
vn -0.5825 -0.8108 0.0570
vn 0.9317 -0.2770 -0.2348
vn -0.5401 0.3073 -0.7835
vn 0.3182 0.7829 -0.5346
vn 0.8590 0.4812 -0.1751
vn -0.5573 0.8008 -0.2193
vn 0.3173 0.9410 -0.1174
vn -0.5562 0.8294 -0.0515
vn 0.8018 0.5345 0.2673
vn -0.4082 0.4083 0.8165
vn 0.4156 -0.4150 0.8093
vn 0.7090 -0.7051 0.0132
vn 0.7107 -0.6794 0.1825
vn 0.3183 0.7829 -0.5345
vn 0.8590 0.4811 -0.1751
vn 0.9318 -0.2768 -0.2348
vn 0.4157 -0.4151 0.8093
vn 0.7089 -0.7052 0.0132
vn 0.8018 0.5346 0.2673
vn 0.5556 -0.7246 0.4078
vn 0.3373 -0.8844 0.3225
vn 0.3174 0.9410 -0.1174
vn 0.6160 0.7199 0.3197
vn 0.0209 0.9016 0.4321
vn 0.4707 0.3267 0.8195
vn 0.4477 0.6384 0.6261
vn -0.0974 0.4721 0.8762
vn -0.3398 0.5688 0.7490
vn -0.5007 0.8656 0.0012
vn -0.7604 0.2522 -0.5984
vn -0.5836 0.6981 -0.4148
vn -0.8532 0.4721 -0.2215
vn -0.1233 -0.9605 -0.2494
vn 0.1230 -0.9377 -0.3250
vn -0.0395 -0.7658 -0.6419
vn 0.0396 -0.7127 -0.7003
vn 0.1950 -0.8581 -0.4749
vn 0.2568 -0.9633 -0.0788
vn 0.8035 -0.5942 0.0361
vn 0.7099 -0.6950 -0.1143
vn 0.0395 -0.4703 -0.8816
vn -0.4836 -0.8124 -0.3258
vn -0.0543 -0.5980 -0.7996
vn 0.0004 -0.0089 -1.0000
vn 0.5009 -0.0087 -0.8654
vn 0.0889 -0.0184 -0.9959
vn 0.5751 -0.0178 -0.8179
vn 0.8663 -0.0076 -0.4995
vn 0.9070 -0.0147 -0.4209
vn 1.0000 -0.0054 -0.0004
vn 0.9960 -0.0104 0.0889
vn 0.9913 -0.0045 -0.1315
vn 0.9645 -0.0095 -0.2641
vn 0.9240 -0.0051 -0.3823
vn 0.9398 -0.0102 -0.3414
vn 1.0000 -0.0062 0.0001
vn 0.9959 -0.0134 0.0890
vn 0.8659 -0.0081 0.5001
vn 0.8180 -0.0173 0.5749
vn 0.5004 -0.0099 0.8657
vn 0.4209 -0.0202 0.9069
vn 0.4465 -0.7125 -0.5413
vn 0.8107 -0.5323 -0.2439
vn 0.5758 -0.8151 -0.0630
vn 0.9419 -0.3250 -0.0841
vn 0.4563 -0.8642 0.2119
vn 0.5439 -0.3250 0.7736
vn 0.0394 -0.8999 0.4343
vn 0.0001 -0.0105 0.9999
vn -0.5003 -0.0100 0.8658
vn -0.0889 -0.0213 0.9958
vn -0.5749 -0.0204 0.8180
vn -0.8660 -0.0089 0.5000
vn -0.9069 -0.0176 0.4210
vn -1.0000 -0.0069 -0.0003
vn -0.9959 -0.0138 -0.0890
vn -0.9017 -0.0054 -0.4322
vn -0.8743 -0.0098 -0.4854
vn -0.9831 -0.0047 -0.1828
vn -0.9996 -0.0086 -0.0257
vn -1.0000 -0.0049 0.0007
vn -0.9960 -0.0100 -0.0890
vn -0.8666 -0.0067 -0.4990
vn -0.8181 -0.0144 -0.5749
vn -0.5006 -0.0084 -0.8657
vn -0.4211 -0.0176 -0.9069
vn 0.0888 -0.0184 -0.9959
vn -0.7737 -0.3250 0.5439
vn -0.3805 -0.9242 0.0336
vn -0.8767 -0.3215 -0.3579
vn -0.2727 -0.9344 -0.2291
vn -0.9500 -0.3117 -0.0157
vn -0.5087 -0.2878 -0.8114
vn -0.1644 -0.5838 0.7951
vn -0.0675 0.7830 0.6184
vn 0.1174 -0.5838 0.8033
vn 0.1066 0.7552 0.6467
vn 0.3850 -0.5838 0.7148
vn 0.4264 0.5840 0.6907
vn 0.6063 -0.5838 0.5400
vn 0.5267 0.7543 0.3920
vn 0.7544 -0.5839 0.3000
vn 0.6549 0.7172 0.2381
vn 0.8115 -0.5838 0.0240
vn 0.8114 0.5840 -0.0239
vn 0.7708 -0.5839 -0.2551
vn 0.6370 -0.5838 -0.5034
vn 0.4264 -0.5838 -0.6909
vn 0.3850 0.5840 -0.7147
vn 0.1644 -0.5838 -0.7950
vn 0.0683 0.7791 -0.6232
vn -0.1175 -0.5838 -0.8033
vn -0.1213 0.7172 -0.6862
vn -0.3850 -0.5838 -0.7148
vn -0.4264 0.5840 -0.6907
vn -0.6063 -0.5838 -0.5399
vn -0.5018 0.7830 -0.3676
vn -0.7544 -0.5838 -0.3001
vn -0.8115 -0.5838 -0.0239
vn -0.8114 0.5840 0.0240
vn -0.7707 -0.5838 0.2551
vn -0.5692 0.7830 0.2509
vn -0.6370 -0.5838 0.5034
vn -0.5071 0.7552 0.4153
vn -0.4265 -0.5838 0.6909
vn -0.3850 0.5840 0.7147
vn -0.8999 0.2944 0.3219
vn -0.7544 -0.5838 0.3000
vn -0.7354 0.2944 0.6104
vn -0.8116 -0.5838 0.0239
vn -0.7708 -0.5838 -0.2550
vn -0.8964 0.2942 -0.3317
vn -0.6371 -0.5838 -0.5033
vn -0.7288 0.2941 -0.6183
vn -0.4265 -0.5838 -0.6908
vn -0.4735 0.2941 -0.8303
vn -0.1645 -0.5838 -0.7951
vn -0.1608 0.2944 -0.9420
vn 0.1174 -0.5838 -0.8034
vn 0.1711 0.2946 -0.9402
vn 0.3851 -0.5838 -0.7148
vn 0.4824 0.2943 -0.8251
vn 0.6063 -0.5838 -0.5400
vn 0.7355 0.2941 -0.6104
vn 0.7544 -0.5838 -0.3000
vn -0.7708 -0.5838 0.2551
vn -0.6062 -0.5838 0.5400
vn -0.8116 -0.5838 -0.0239
vn -0.6063 -0.5838 -0.5400
vn -0.1173 -0.5838 -0.8034
vn 0.1645 -0.5838 -0.7951
vn 0.4265 -0.5838 -0.6908
vn 0.6371 -0.5838 -0.5033
vn 0.7708 -0.5838 -0.2551
vn 0.8116 -0.5838 0.0240
vn 0.8116 -0.5838 -0.0239
vn 0.7544 -0.5838 0.3001
vn 0.7708 -0.5838 0.2550
vn 0.6370 -0.5838 0.5034
vn 0.4264 -0.5838 0.6909
vn 0.1173 -0.5838 0.8034
vn 0.1645 -0.5838 0.7950
vn -0.1645 -0.5838 0.7951
vn -0.1174 -0.5838 0.8034
vn -0.4265 -0.5838 0.6908
vn -0.3851 -0.5838 0.7148
vn -0.6371 -0.5838 0.5033
vn 0.8999 0.2942 -0.3220
vn 0.9558 0.2941 0.0051
vn 0.8963 0.2943 0.3317
vn 0.7287 0.2944 0.6184
vn 0.4734 0.2942 0.8303
vn 0.1609 0.2940 0.9421
vn -0.1711 0.2940 0.9404
vn -0.4823 0.2941 0.8252
vn -0.8732 -0.4086 -0.2658
vn -0.9299 -0.1987 0.3096
vn -0.8785 0.1263 -0.4607
vn -0.5801 -0.6600 0.4774
vn -0.5344 -0.8382 -0.1092
vn -0.0096 -0.8396 0.5432
vn 0.0085 -0.9987 -0.0509
vn 0.5655 -0.6698 0.4812
vn 0.5489 -0.8282 -0.1134
vn 0.9241 -0.2148 0.3161
vn 0.8786 -0.3927 -0.2718
vn 0.9299 0.3511 0.1099
vn 0.8733 0.1416 -0.4663
vn 0.5803 0.8123 -0.0583
vn 0.5342 0.5713 -0.6231
vn 0.0093 0.9923 -0.1238
vn -0.0086 0.7320 -0.6813
vn -0.5652 0.8226 -0.0619
vn -0.5483 0.5619 -0.6194
vn -0.9242 0.3677 0.1036
vn -0.3293 0.7964 0.5073
vn -0.4125 0.4792 0.7747
vn -0.6482 0.1288 0.7505
vn -0.2587 0.0467 0.9648
vn 0.1916 0.0011 0.9815
vn 0.6039 0.0017 0.7970
vn 0.4421 0.3920 0.8068
vn 0.0360 0.6352 0.7716
vn 0.5582 -0.8297 0.0119
vn -0.0096 -0.9973 0.0727
vn -0.5735 -0.8191 0.0082
vn -0.9179 -0.3642 -0.1574
vn -0.9120 0.1948 -0.3611
vn -0.5576 0.6433 -0.5246
vn 0.0102 0.8106 -0.5855
vn 0.5734 0.6323 -0.5209
vn 0.9179 0.1770 -0.3550
vn 0.9119 -0.3814 -0.1512
vn 0.6073 0.5114 0.6080
vn 0.6514 0.1277 0.7479
vn 0.4465 -0.2082 0.8702
vn -0.3311 -0.2872 0.8988
vn -0.6070 -0.0008 0.7947
vn -0.6514 0.3836 0.6546
vn -0.0715 0.8770 0.4752
vn 0.3315 0.7974 0.5042
vt 0.056400 0.304800
vt 0.056400 0.315400
vt 0.687500 0.306800
vt 0.652200 0.306800
vt 0.687500 0.207400
vt 0.652200 0.207400
vt 0.482000 0.258100
vt 0.473900 0.245600
vt 0.513600 0.288400
vt 0.494100 0.276300
vt 0.513600 0.202700
vt 0.602000 0.223000
vt 0.580400 0.202700
vt 0.611900 0.245600
vt 0.602000 0.268100
vt 0.580400 0.288400
vt 0.482000 0.233000
vt 0.494100 0.214800
vt 0.250800 0.719400
vt 0.246400 0.718400
vt 0.253400 0.714000
vt 0.225900 0.713800
vt 0.225900 0.731100
vt 0.249900 0.711200
vt 0.258100 0.710300
vt 0.245500 0.760800
vt 0.247100 0.757600
vt 0.264000 0.765000
vt 0.233500 0.746800
vt 0.230800 0.749000
vt 0.222500 0.731900
vt 0.222500 0.713000
vt 0.233500 0.698100
vt 0.256200 0.706200
vt 0.264000 0.708900
vt 0.250800 0.725500
vt 0.246400 0.726500
vt 0.294500 0.698100
vt 0.278100 0.711200
vt 0.280900 0.687300
vt 0.271800 0.706200
vt 0.274600 0.714000
vt 0.269900 0.710300
vt 0.264000 0.704400
vt 0.247100 0.687300
vt 0.230800 0.695900
vt 0.217200 0.711800
vt 0.217200 0.733100
vt 0.226400 0.752400
vt 0.243100 0.765700
vt 0.264000 0.683400
vt 0.245500 0.684100
vt 0.264000 0.679900
vt 0.282400 0.684100
vt 0.297200 0.695900
vt 0.264000 0.770500
vt 0.284800 0.765700
vt 0.282400 0.760800
vt 0.301600 0.752400
vt 0.297200 0.749000
vt 0.310800 0.733100
vt 0.305500 0.731900
vt 0.310800 0.711800
vt 0.305500 0.713000
vt 0.301600 0.692500
vt 0.284800 0.679200
vt 0.264000 0.674400
vt 0.243100 0.679200
vt 0.226400 0.692500
vt 0.277200 0.725500
vt 0.269900 0.734600
vt 0.277200 0.719400
vt 0.281600 0.718400
vt 0.302000 0.713800
vt 0.302000 0.731100
vt 0.294500 0.746800
vt 0.280900 0.757600
vt 0.264000 0.761500
vt 0.281600 0.726500
vt 0.278100 0.733700
vt 0.271800 0.738700
vt 0.264000 0.740500
vt 0.256200 0.738700
vt 0.249900 0.733700
vt 0.253400 0.730900
vt 0.258100 0.734600
vt 0.264000 0.736000
vt 0.274600 0.730900
vt 0.618900 0.472800
vt 0.636200 0.472800
vt 0.615900 0.463800
vt 0.596800 0.474200
vt 0.636200 0.485300
vt 0.653600 0.472800
vt 0.656700 0.463800
vt 0.616300 0.437700
vt 0.656200 0.437700
vt 0.616300 0.420500
vt 0.656200 0.420500
vt 0.650900 0.487400
vt 0.597500 0.437700
vt 0.597300 0.420500
vt 0.597300 0.401800
vt 0.616300 0.401800
vt 0.656200 0.401800
vt 0.675300 0.401800
vt 0.675300 0.420500
vt 0.675000 0.437700
vt 0.675700 0.474200
vt 0.661400 0.492700
vt 0.653600 0.502900
vt 0.670900 0.503100
vt 0.653600 0.514600
vt 0.618900 0.502900
vt 0.621600 0.487400
vt 0.611100 0.492700
vt 0.601600 0.503100
vt 0.618900 0.514600
vt 0.596000 0.516100
vt 0.582100 0.490300
vt 0.573400 0.510300
vt 0.594800 0.530200
vt 0.571600 0.532100
vt 0.598300 0.543900
vt 0.577000 0.553400
vt 0.605900 0.555800
vt 0.595000 0.566200
vt 0.618900 0.568600
vt 0.618900 0.543700
vt 0.653600 0.568600
vt 0.653600 0.543700
vt 0.588800 0.571700
vt 0.595000 0.576500
vt 0.578000 0.646800
vt 0.588800 0.611200
vt 0.543700 0.620000
vt 0.568100 0.591900
vt 0.551100 0.565700
vt 0.543500 0.535300
vt 0.546000 0.504100
vt 0.558500 0.475400
vt 0.579500 0.452400
vt 0.589400 0.409400
vt 0.559600 0.426200
vt 0.530400 0.458200
vt 0.513100 0.498000
vt 0.509600 0.541400
vt 0.520100 0.583600
vt 0.653600 0.522000
vt 0.618900 0.522000
vt 0.653600 0.528200
vt 0.618900 0.528200
vt 0.653600 0.534800
vt 0.677700 0.530200
vt 0.676600 0.516100
vt 0.699100 0.510300
vt 0.690400 0.490300
vt 0.714000 0.475400
vt 0.693000 0.452400
vt 0.666600 0.555800
vt 0.674300 0.543900
vt 0.700900 0.532100
vt 0.726500 0.504100
vt 0.742100 0.458200
vt 0.712900 0.426200
vt 0.683100 0.409400
vt 0.759400 0.498000
vt 0.729100 0.535300
vt 0.695600 0.553400
vt 0.677600 0.566200
vt 0.763000 0.541400
vt 0.721400 0.565700
vt 0.683700 0.571700
vt 0.677600 0.576500
vt 0.704500 0.591900
vt 0.683700 0.611200
vt 0.728800 0.620000
vt 0.694600 0.646800
vt 0.752400 0.583600
vt 0.618900 0.534800
vt 0.068900 0.366200
vt 0.068900 0.367100
vt 0.068900 0.364800
vt 0.068900 0.361900
vt 0.068900 0.363400
vt 0.068900 0.367600
vt 0.068900 0.359600
vt 0.068900 0.360600
vt 0.070700 0.364800
vt 0.070700 0.366200
vt 0.070700 0.367100
vt 0.070700 0.367600
vt 0.070700 0.363400
vt 0.070700 0.361900
vt 0.068900 0.359100
vt 0.070700 0.360600
vt 0.070700 0.359600
vt 0.070700 0.359100
vt 0.060000 0.367300
vt 0.060000 0.363000
vt 0.060000 0.370800
vt 0.060000 0.372700
vt 0.060000 0.358600
vt 0.060000 0.353200
vt 0.060000 0.355200
vt 0.980600 0.148000
vt 0.986100 0.146200
vt 0.977200 0.152700
vt 0.980600 0.163200
vt 0.977200 0.158500
vt 0.986100 0.165000
vt 0.991600 0.163200
vt 0.995000 0.152700
vt 0.991600 0.148000
vt 0.995000 0.158500
vt 0.042700 0.332700
vt 0.050600 0.335600
vt 0.966700 0.146100
vt 0.904600 0.146100
vt 0.966700 0.126400
vt 0.910400 0.120500
vt 0.960900 0.120500
vt 0.914300 0.116500
vt 0.956900 0.116500
vt 0.904600 0.126400
vt 0.895800 0.057100
vt 0.904600 0.059300
vt 0.885300 0.115100
vt 0.904600 0.119300
vt 0.910400 0.060800
vt 0.914300 0.064700
vt 0.956900 0.064700
vt 0.960900 0.060800
vt 0.966700 0.119300
vt 0.966700 0.059300
vt 0.985900 0.115100
vt 0.975500 0.057100
vt 0.904600 0.054800
vt 0.904600 0.045700
vt 0.966700 0.045700
vt 0.966700 0.054800
vt 0.312400 0.330700
vt 0.286400 0.328500
vt 0.312400 0.283300
vt 0.198600 0.327800
vt 0.182700 0.335500
vt 0.150700 0.293500
vt 0.212300 0.354200
vt 0.222300 0.343000
vt 0.243200 0.325300
vt 0.286800 0.278200
vt 0.323700 0.249900
vt 0.323700 0.285600
vt 0.323700 0.349800
vt 0.319500 0.349200
vt 0.309900 0.348500
vt 0.292000 0.347200
vt 0.208000 0.367200
vt 0.239100 0.213300
vt 0.255100 0.230600
vt 0.227300 0.239100
vt 0.245400 0.257400
vt 0.172200 0.281400
vt 0.214900 0.311300
vt 0.260400 0.267800
vt 0.291200 0.250400
vt 0.269700 0.241200
vt 0.212000 0.354200
vt 0.169200 0.341500
vt 0.130000 0.299200
vt 0.118300 0.245300
vt 0.140900 0.234000
vt 0.204000 0.201700
vt 0.221100 0.181200
vt 0.118800 0.301300
vt 0.098400 0.251600
vt 0.088100 0.176800
vt 0.113900 0.171600
vt 0.185400 0.153500
vt 0.209400 0.140700
vt 0.086500 0.254200
vt 0.064500 0.179200
vt 0.067300 0.107000
vt 0.095300 0.105800
vt 0.179200 0.099500
vt 0.207500 0.090000
vt 0.235100 0.133800
vt 0.234700 0.087500
vt 0.182500 0.008800
vt 0.074900 0.008800
vt 0.043400 0.008700
vt 0.044100 0.107600
vt 0.051000 0.179700
vt 0.030100 0.107800
vt 0.023800 0.008700
vt 0.010900 0.008600
vt 0.217200 0.008700
vt 0.292300 0.225600
vt 0.323700 0.224600
vt 0.276500 0.216000
vt 0.263400 0.205200
vt 0.252000 0.194300
vt 0.242300 0.167400
vt 0.253600 0.008700
vt 0.684400 0.306800
vt 0.684400 0.303400
vt 0.655300 0.306800
vt 0.655300 0.303400
vt 0.684300 0.207500
vt 0.655300 0.207500
vt 0.434000 0.978400
vt 0.463600 0.962200
vt 0.463600 0.992400
vt 0.391000 0.978400
vt 0.434000 0.938800
vt 0.463600 0.938800
vt 0.457900 0.932800
vt 0.437800 0.896300
vt 0.387300 0.896300
vt 0.437800 0.882500
vt 0.387300 0.908400
vt 0.437800 0.908400
vt 0.437800 0.916200
vt 0.434000 0.932800
vt 0.391000 0.938800
vt 0.361400 0.962200
vt 0.361400 0.992400
vt 0.387300 0.916200
vt 0.361400 0.938800
vt 0.367200 0.932800
vt 0.391000 0.932800
vt 0.367200 0.923200
vt 0.367200 0.908800
vt 0.387300 0.882500
vt 0.367200 0.892600
vt 0.387300 0.872600
vt 0.367200 0.881000
vt 0.387300 0.862800
vt 0.367200 0.869300
vt 0.387300 0.851900
vt 0.367200 0.856400
vt 0.387300 0.824400
vt 0.367200 0.824800
vt 0.367200 0.763200
vt 0.387300 0.772200
vt 0.367200 0.774400
vt 0.387300 0.781700
vt 0.412500 0.772200
vt 0.437800 0.772200
vt 0.437800 0.781700
vt 0.387300 0.802100
vt 0.437800 0.802100
vt 0.437800 0.824400
vt 0.437800 0.851900
vt 0.437800 0.862800
vt 0.437800 0.872600
vt 0.367200 0.798400
vt 0.457900 0.763200
vt 0.457900 0.774400
vt 0.457900 0.798400
vt 0.457900 0.824800
vt 0.457900 0.856400
vt 0.457900 0.869300
vt 0.457900 0.881000
vt 0.457900 0.892600
vt 0.457900 0.908800
vt 0.457900 0.923200
vt 0.692300 0.180300
vt 0.624000 0.137400
vt 0.721900 0.137400
vt 0.708500 0.180300
vt 0.721900 0.166800
vt 0.454500 0.675500
vt 0.439100 0.666500
vt 0.468200 0.679900
vt 0.478300 0.671100
vt 0.814400 0.679900
vt 0.763100 0.671100
vt 0.439100 0.644100
vt 0.478200 0.640800
vt 0.424800 0.629500
vt 0.867900 0.658300
vt 0.843600 0.673700
vt 0.867900 0.652600
vt 0.773000 0.664600
vt 0.773000 0.652600
vt 0.773000 0.645300
vt 0.867900 0.645300
vt 0.773000 0.634200
vt 0.867900 0.634200
vt 0.773000 0.623100
vt 0.867900 0.623100
vt 0.773000 0.611900
vt 0.867900 0.611900
vt 0.773000 0.600800
vt 0.867900 0.600800
vt 0.773000 0.589700
vt 0.867900 0.589700
vt 0.773000 0.582400
vt 0.867900 0.582400
vt 0.773000 0.575000
vt 0.867900 0.575000
vt 0.773000 0.564400
vt 0.867900 0.564400
vt 0.773000 0.553900
vt 0.867900 0.553900
vt 0.773000 0.543300
vt 0.867900 0.543300
vt 0.773000 0.536000
vt 0.867900 0.536000
vt 0.773000 0.502100
vt 0.867900 0.502100
vt 0.773000 0.484000
vt 0.849400 0.484000
vt 0.773000 0.469500
vt 0.840000 0.469500
vt 0.773000 0.458900
vt 0.834600 0.458900
vt 0.773000 0.429000
vt 0.834600 0.429000
vt 0.773000 0.416000
vt 0.830100 0.416000
vt 0.798700 0.406100
vt 0.822600 0.406100
vt 0.798700 0.394700
vt 0.810000 0.394700
vt 0.798700 0.354200
vt 0.785800 0.394700
vt 0.779200 0.351700
vt 0.773000 0.394700
vt 0.759700 0.349200
vt 0.773000 0.406100
vt 0.810000 0.355300
vt 0.389600 0.480300
vt 0.358300 0.472800
vt 0.395800 0.467300
vt 0.424600 0.438200
vt 0.478100 0.394700
vt 0.334700 0.294700
vt 0.446800 0.300700
vt 0.433500 0.295100
vt 0.759700 0.340900
vt 0.478100 0.422100
vt 0.334700 0.242600
vt 0.354600 0.224600
vt 0.407500 0.250800
vt 0.417700 0.180200
vt 0.406100 0.189600
vt 0.432800 0.160500
vt 0.412800 0.191500
vt 0.411200 0.198400
vt 0.401800 0.195700
vt 0.409500 0.205200
vt 0.397600 0.201700
vt 0.385800 0.214300
vt 0.408800 0.216900
vt 0.367900 0.222700
vt 0.410700 0.236700
vt 0.410400 0.267900
vt 0.419600 0.283900
vt 0.427000 0.268100
vt 0.441700 0.280500
vt 0.417700 0.251800
vt 0.411800 0.178000
vt 0.426200 0.157500
vt 0.440300 0.142800
vt 0.458100 0.134200
vt 0.480500 0.130100
vt 0.510000 0.131800
vt 0.538900 0.138100
vt 0.563900 0.146500
vt 0.617900 0.228600
vt 0.623300 0.209500
vt 0.617500 0.245100
vt 0.615600 0.210500
vt 0.609500 0.190500
vt 0.603400 0.171400
vt 0.598000 0.175700
vt 0.580400 0.162200
vt 0.560500 0.151700
vt 0.535500 0.143200
vt 0.509600 0.138000
vt 0.483100 0.136500
vt 0.460300 0.139900
vt 0.444700 0.147800
vt 0.616700 0.188100
vt 0.584300 0.156400
vt 0.241600 0.393200
vt 0.213200 0.388500
vt 0.276600 0.397200
vt 0.328700 0.387400
vt 0.288800 0.402500
vt 0.297200 0.411900
vt 0.303400 0.425100
vt 0.334700 0.388400
vt 0.334700 0.465900
vt 0.328700 0.464100
vt 0.320900 0.457700
vt 0.311600 0.444400
vt 0.188300 0.382600
vt 0.314700 0.386400
vt 0.288500 0.384500
vt 0.178500 0.376600
vt 0.338700 0.937700
vt 0.303200 0.917200
vt 0.348100 0.912000
vt 0.294800 0.927200
vt 0.321200 0.958700
vt 0.283400 0.933700
vt 0.297500 0.972300
vt 0.270600 0.936000
vt 0.270600 0.977100
vt 0.257700 0.933700
vt 0.243600 0.972300
vt 0.246400 0.927200
vt 0.220000 0.958700
vt 0.238000 0.917200
vt 0.202400 0.937700
vt 0.233500 0.904900
vt 0.348100 0.884700
vt 0.355900 0.883300
vt 0.345600 0.855000
vt 0.355900 0.913400
vt 0.345600 0.941700
vt 0.326300 0.964800
vt 0.300200 0.979800
vt 0.270600 0.985000
vt 0.240900 0.979800
vt 0.214900 0.964800
vt 0.195500 0.941700
vt 0.193000 0.912000
vt 0.185200 0.913400
vt 0.193000 0.884700
vt 0.185200 0.883300
vt 0.202400 0.859000
vt 0.195500 0.855000
vt 0.220000 0.838100
vt 0.214900 0.832000
vt 0.243600 0.824400
vt 0.240900 0.816900
vt 0.270600 0.819600
vt 0.270600 0.811700
vt 0.297500 0.824400
vt 0.300200 0.816900
vt 0.321200 0.838100
vt 0.326300 0.832000
vt 0.338700 0.859000
vt 0.238000 0.879500
vt 0.246400 0.869500
vt 0.257700 0.863000
vt 0.270600 0.860700
vt 0.283400 0.863000
vt 0.294800 0.869500
vt 0.303200 0.879500
vt 0.307600 0.891800
vt 0.307600 0.904900
vt 0.297400 0.893600
vt 0.297400 0.903100
vt 0.294200 0.884700
vt 0.288100 0.877500
vt 0.279900 0.872700
vt 0.270600 0.871100
vt 0.261200 0.872700
vt 0.253000 0.877500
vt 0.246900 0.884700
vt 0.233500 0.891800
vt 0.243700 0.893600
vt 0.253200 0.888300
vt 0.257600 0.883000
vt 0.263700 0.879500
vt 0.270600 0.878300
vt 0.277400 0.879500
vt 0.283500 0.883000
vt 0.288000 0.888300
vt 0.290400 0.894900
vt 0.243700 0.903100
vt 0.250800 0.901900
vt 0.246900 0.912000
vt 0.250800 0.894900
vt 0.253000 0.919300
vt 0.261200 0.924000
vt 0.270600 0.925600
vt 0.279900 0.924000
vt 0.288100 0.919300
vt 0.294200 0.912000
vt 0.290400 0.901900
vt 0.288000 0.908400
vt 0.283500 0.913800
vt 0.277400 0.917300
vt 0.270600 0.918500
vt 0.263700 0.917300
vt 0.257600 0.913800
vt 0.253200 0.908400
vt 0.697000 0.316700
vt 0.734400 0.328100
vt 0.649900 0.310700
vt 0.457400 0.285500
vt 0.576700 0.300800
vt 0.636100 0.301700
vt 0.628100 0.293700
vt 0.591500 0.294200
vt 0.622000 0.275300
vt 0.611600 0.272700
vt 0.624900 0.245800
vt 0.625500 0.229200
vt 0.834300 0.140900
vt 0.834300 0.146700
vt 0.888000 0.140900
vt 0.888000 0.139300
vt 0.834300 0.139300
vt 0.888000 0.143100
vt 0.834300 0.143100
vt 0.888000 0.151700
vt 0.834300 0.151700
vt 0.888000 0.165600
vt 0.834300 0.165600
vt 0.888000 0.187100
vt 0.834300 0.187100
vt 0.888000 0.199500
vt 0.834300 0.199500
vt 0.831100 0.207000
vt 0.823400 0.214500
vt 0.891200 0.207000
vt 0.898900 0.214500
vt 0.898900 0.227200
vt 0.823400 0.227200
vt 0.898900 0.248900
vt 0.823400 0.248900
vt 0.828700 0.265400
vt 0.893600 0.265400
vt 0.832400 0.283200
vt 0.889900 0.283200
vt 0.834100 0.296800
vt 0.888200 0.296800
vt 0.888200 0.302200
vt 0.834100 0.302200
vt 0.887900 0.319000
vt 0.834400 0.319000
vt 0.887900 0.311700
vt 0.834400 0.311700
vt 0.887900 0.288300
vt 0.834400 0.288300
vt 0.888000 0.258100
vt 0.834300 0.258100
vt 0.888000 0.240100
vt 0.834300 0.240100
vt 0.888000 0.220200
vt 0.834300 0.220200
vt 0.888000 0.198300
vt 0.834300 0.198300
vt 0.888000 0.182200
vt 0.834300 0.182200
vt 0.888000 0.167400
vt 0.834300 0.167400
vt 0.888000 0.156000
vt 0.834300 0.156000
vt 0.888000 0.146700
vt 0.070700 0.370900
vt 0.070700 0.372000
vt 0.070700 0.369000
vt 0.070700 0.357800
vt 0.070700 0.355800
vt 0.070700 0.360400
vt 0.070700 0.366400
vt 0.070700 0.354800
vt 0.097900 0.360000
vt 0.097900 0.361600
vt 0.097900 0.358900
vt 0.097900 0.366700
vt 0.097900 0.367900
vt 0.097900 0.365100
vt 0.097900 0.358300
vt 0.097900 0.363400
vt 0.097900 0.368500
vt 0.095900 0.366700
vt 0.095900 0.367900
vt 0.095900 0.368500
vt 0.095900 0.365100
vt 0.095900 0.363400
vt 0.095900 0.361600
vt 0.095900 0.360000
vt 0.095900 0.358900
vt 0.095900 0.358300
vt 0.371800 0.705200
vt 0.371800 0.739100
vt 0.368100 0.705200
vt 0.368100 0.739100
vt 0.368100 0.689000
vt 0.378600 0.689000
vt 0.356200 0.689000
vt 0.356200 0.705200
vt 0.356200 0.739100
vt 0.356200 0.755200
vt 0.368100 0.755200
vt 0.378600 0.755200
vt 0.645200 0.689000
vt 0.645200 0.755200
vt 0.667700 0.747600
vt 0.667700 0.755200
vt 0.686400 0.755100
vt 0.686400 0.736800
vt 0.686400 0.707300
vt 0.667700 0.696600
vt 0.686400 0.689100
vt 0.667700 0.689000
vt 0.240000 0.586500
vt 0.228300 0.572700
vt 0.255700 0.595600
vt 0.291300 0.497700
vt 0.307000 0.506700
vt 0.273500 0.494500
vt 0.240000 0.506700
vt 0.318600 0.572700
vt 0.291300 0.595600
vt 0.273500 0.598700
vt 0.255700 0.497700
vt 0.307000 0.586500
vt 0.324800 0.537600
vt 0.318600 0.520600
vt 0.324800 0.555700
vt 0.222200 0.537600
vt 0.222200 0.555700
vt 0.228300 0.520600
vt 0.971300 0.218900
vt 0.984600 0.200500
vt 0.949700 0.225900
vt 0.949700 0.213300
vt 0.935500 0.208700
vt 0.928100 0.218900
vt 0.926800 0.196700
vt 0.914800 0.200500
vt 0.971300 0.159500
vt 0.984600 0.177800
vt 0.928100 0.159500
vt 0.949700 0.152500
vt 0.939200 0.192600
vt 0.939200 0.185800
vt 0.926800 0.181700
vt 0.914800 0.177800
vt 0.935500 0.169700
vt 0.949700 0.165000
vt 0.963900 0.169700
vt 0.972700 0.181700
vt 0.972700 0.196700
vt 0.963900 0.208700
vt 0.943200 0.180300
vt 0.949700 0.178200
vt 0.956200 0.180300
vt 0.960200 0.185800
vt 0.960200 0.192600
vt 0.956200 0.198100
vt 0.949700 0.200200
vt 0.943200 0.198100
vt 0.716900 0.196200
vt 0.693100 0.196200
vt 0.592600 0.133100
vt 0.736600 0.133100
vt 0.736600 0.176500
vt 0.798100 0.078000
vt 0.790600 0.080800
vt 0.794400 0.068600
vt 0.787500 0.072600
vt 0.775700 0.063100
vt 0.790600 0.117500
vt 0.782700 0.067000
vt 0.788700 0.062100
vt 0.830300 0.072200
vt 0.798100 0.120300
vt 0.794400 0.129700
vt 0.787500 0.125600
vt 0.830300 0.126100
vt 0.780400 0.057600
vt 0.797700 0.049500
vt 0.825000 0.055100
vt 0.815000 0.049800
vt 0.780400 0.052700
vt 0.775700 0.135200
vt 0.754000 0.129200
vt 0.782700 0.131200
vt 0.788700 0.136100
vt 0.815000 0.148500
vt 0.825000 0.143200
vt 0.780400 0.140700
vt 0.797700 0.148800
vt 0.780400 0.145600
vt 0.603600 0.124900
vt 0.586600 0.124900
vt 0.603600 0.073400
vt 0.618800 0.073400
vt 0.618800 0.124900
vt 0.631400 0.073400
vt 0.631400 0.124900
vt 0.653700 0.073500
vt 0.653700 0.124700
vt 0.668300 0.073500
vt 0.668300 0.124700
vt 0.676400 0.073500
vt 0.676400 0.124700
vt 0.688800 0.073500
vt 0.688800 0.124700
vt 0.724100 0.073300
vt 0.724100 0.124900
vt 0.754000 0.069100
vt 0.442200 0.124900
vt 0.427500 0.124900
vt 0.442200 0.073400
vt 0.457400 0.073400
vt 0.457400 0.124900
vt 0.474200 0.073400
vt 0.474200 0.124900
vt 0.493900 0.073400
vt 0.493900 0.124900
vt 0.515700 0.073400
vt 0.515700 0.124900
vt 0.535600 0.073400
vt 0.535600 0.124900
vt 0.553000 0.073400
vt 0.553000 0.124900
vt 0.571500 0.073400
vt 0.571500 0.124900
vt 0.586600 0.073400
vt 0.333100 0.135200
vt 0.338500 0.098900
vt 0.353700 0.135200
vt 0.333100 0.063100
vt 0.353700 0.063000
vt 0.362400 0.063200
vt 0.362400 0.135300
vt 0.377100 0.063300
vt 0.377100 0.135400
vt 0.390300 0.063300
vt 0.390300 0.135400
vt 0.395800 0.128000
vt 0.401400 0.125000
vt 0.395800 0.070500
vt 0.401400 0.073500
vt 0.410500 0.073400
vt 0.410500 0.124800
vt 0.427500 0.073400
vt 0.742400 0.281000
vt 0.734600 0.268900
vt 0.753700 0.289800
vt 0.732200 0.240600
vt 0.757500 0.211200
vt 0.747600 0.216800
vt 0.738000 0.227400
vt 0.731100 0.254900
vt 0.757600 0.200400
vt 0.788500 0.200400
vt 0.788500 0.211200
vt 0.815000 0.254900
vt 0.754200 0.299700
vt 0.803700 0.281000
vt 0.792300 0.289800
vt 0.791800 0.299700
vt 0.811500 0.268900
vt 0.808100 0.227400
vt 0.798400 0.216800
vt 0.813800 0.240600
vt 0.729300 0.223200
vt 0.728300 0.219100
vt 0.729300 0.227300
vt 0.726600 0.215000
vt 0.725000 0.238200
vt 0.726100 0.235500
vt 0.728200 0.231400
vt 0.724900 0.252600
vt 0.726300 0.248700
vt 0.722800 0.255300
vt 0.725000 0.240900
vt 0.718600 0.279800
vt 0.694000 0.212400
vt 0.694000 0.208000
vt 0.725800 0.212400
vt 0.725800 0.208000
vt 0.726200 0.244800
vt 0.719800 0.274400
vt 0.722700 0.267800
vt 0.691500 0.219100
vt 0.690500 0.223200
vt 0.693200 0.215000
vt 0.691600 0.231400
vt 0.693700 0.235500
vt 0.694800 0.238200
vt 0.701200 0.279800
vt 0.697000 0.255300
vt 0.700000 0.274400
vt 0.697000 0.267800
vt 0.690500 0.227300
vt 0.694900 0.252600
vt 0.693500 0.248700
vt 0.694800 0.240900
vt 0.693600 0.244800
vt 0.690600 0.307300
vt 0.729200 0.307300
vt 0.725200 0.303100
vt 0.694600 0.303100
vt 0.697400 0.299500
vt 0.699800 0.294700
vt 0.701200 0.283700
vt 0.722400 0.299500
vt 0.720000 0.294700
vt 0.718600 0.283700
vt 0.888200 0.680700
vt 0.888200 0.674600
vt 0.956000 0.692400
vt 0.914100 0.692400
vt 0.989100 0.617900
vt 0.992400 0.630000
vt 0.982900 0.605700
vt 0.979500 0.597700
vt 0.984400 0.666500
vt 0.982000 0.674600
vt 0.982000 0.680700
vt 0.989300 0.654400
vt 0.992400 0.642200
vt 0.887300 0.605700
vt 0.881100 0.617900
vt 0.885800 0.666500
vt 0.877800 0.642200
vt 0.880900 0.654400
vt 0.877800 0.630000
vt 0.979600 0.589600
vt 0.973300 0.546900
vt 0.983600 0.566500
vt 0.983300 0.578000
vt 0.979300 0.555000
vt 0.898300 0.415600
vt 0.918900 0.415600
vt 0.905400 0.429800
vt 0.921200 0.429800
vt 0.909500 0.462500
vt 0.923400 0.462500
vt 0.923400 0.474200
vt 0.946800 0.462500
vt 0.946800 0.474200
vt 0.960700 0.462500
vt 0.960700 0.474200
vt 0.948700 0.490100
vt 0.964100 0.490100
vt 0.954900 0.509800
vt 0.973200 0.509800
vt 0.896900 0.546900
vt 0.890700 0.597700
vt 0.909500 0.474200
vt 0.921500 0.490100
vt 0.906100 0.490100
vt 0.915200 0.509800
vt 0.896900 0.509800
vt 0.890600 0.589600
vt 0.886600 0.566500
vt 0.886900 0.578000
vt 0.890900 0.555000
vt 0.337300 0.544400
vt 0.336300 0.546500
vt 0.335200 0.542600
vt 0.333600 0.546100
vt 0.310000 0.598900
vt 0.312800 0.601500
vt 0.308700 0.601500
vt 0.312000 0.592900
vt 0.322300 0.605200
vt 0.339200 0.585200
vt 0.325200 0.577100
vt 0.348100 0.560600
vt 0.332200 0.557800
vt 0.340300 0.553800
vt 0.336700 0.552800
vt 0.338100 0.550500
vt 0.336700 0.548700
vt 0.334200 0.549900
vt 0.332200 0.537200
vt 0.338400 0.540500
vt 0.340300 0.551100
vt 0.339200 0.543200
vt 0.344000 0.548700
vt 0.342500 0.550500
vt 0.344000 0.552800
vt 0.346500 0.549900
vt 0.347100 0.546100
vt 0.344300 0.546500
vt 0.343400 0.544400
vt 0.345500 0.542600
vt 0.341500 0.543200
vt 0.342200 0.540500
vt 0.348100 0.534400
vt 0.339200 0.509900
vt 0.325200 0.517900
vt 0.322300 0.489800
vt 0.312000 0.502200
vt 0.312800 0.492900
vt 0.310000 0.495500
vt 0.308800 0.493100
vt 0.306500 0.493600
vt 0.304400 0.492700
vt 0.306300 0.496200
vt 0.302700 0.494800
vt 0.294200 0.491900
vt 0.300500 0.491700
vt 0.299700 0.476700
vt 0.300300 0.487900
vt 0.308500 0.485600
vt 0.310300 0.487100
vt 0.306100 0.485400
vt 0.302900 0.488500
vt 0.303000 0.490800
vt 0.310500 0.491500
vt 0.311000 0.489300
vt 0.302200 0.484500
vt 0.304100 0.486500
vt 0.305600 0.482800
vt 0.309400 0.483200
vt 0.312500 0.485500
vt 0.313700 0.489100
vt 0.305600 0.611600
vt 0.306200 0.608700
vt 0.309400 0.611200
vt 0.299700 0.618300
vt 0.330600 0.615100
vt 0.350300 0.591600
vt 0.360700 0.562900
vt 0.360700 0.532300
vt 0.350300 0.503500
vt 0.330600 0.480100
vt 0.304100 0.464800
vt 0.274000 0.459500
vt 0.273900 0.472200
vt 0.273900 0.488300
vt 0.248200 0.476700
vt 0.253700 0.491900
vt 0.246200 0.486200
vt 0.243500 0.483600
vt 0.247100 0.489900
vt 0.244800 0.489800
vt 0.244200 0.487400
vt 0.242400 0.485700
vt 0.239700 0.482800
vt 0.236100 0.484300
vt 0.225500 0.489800
vt 0.233900 0.487400
vt 0.233700 0.491200
vt 0.236000 0.490600
vt 0.237300 0.492800
vt 0.236200 0.488100
vt 0.239900 0.485200
vt 0.237600 0.486100
vt 0.235700 0.494500
vt 0.208300 0.543300
vt 0.209100 0.540500
vt 0.210100 0.544500
vt 0.205300 0.540500
vt 0.215600 0.537200
vt 0.199800 0.534400
vt 0.222700 0.517900
vt 0.208700 0.509900
vt 0.235900 0.502200
vt 0.239100 0.496300
vt 0.239500 0.494000
vt 0.242000 0.493700
vt 0.244000 0.492200
vt 0.245900 0.493500
vt 0.242900 0.495900
vt 0.199800 0.560600
vt 0.200500 0.546100
vt 0.201000 0.549900
vt 0.203500 0.552800
vt 0.203600 0.548700
vt 0.205100 0.550400
vt 0.203300 0.546500
vt 0.206100 0.543300
vt 0.204200 0.544500
vt 0.202000 0.542600
vt 0.239600 0.600800
vt 0.243600 0.602400
vt 0.236400 0.603800
vt 0.237600 0.601900
vt 0.235700 0.599900
vt 0.233700 0.603200
vt 0.235900 0.592900
vt 0.225500 0.605200
vt 0.222700 0.577100
vt 0.208700 0.585200
vt 0.215600 0.557800
vt 0.207200 0.553800
vt 0.207200 0.551000
vt 0.210700 0.548700
vt 0.210900 0.552800
vt 0.209300 0.550400
vt 0.213400 0.549900
vt 0.213900 0.546100
vt 0.212300 0.542600
vt 0.211100 0.546500
vt 0.243800 0.464800
vt 0.217300 0.480100
vt 0.197700 0.503500
vt 0.187200 0.532300
vt 0.187200 0.562900
vt 0.197700 0.591600
vt 0.217300 0.615100
vt 0.243800 0.630300
vt 0.248200 0.618300
vt 0.274000 0.635700
vt 0.273900 0.622800
vt 0.304100 0.630300
vt 0.300300 0.606500
vt 0.294200 0.603100
vt 0.300500 0.602700
vt 0.303300 0.603700
vt 0.303200 0.605800
vt 0.304300 0.607700
vt 0.302200 0.609800
vt 0.273900 0.606700
vt 0.253700 0.603100
vt 0.246200 0.608200
vt 0.243500 0.610800
vt 0.243800 0.606800
vt 0.242200 0.608300
vt 0.247100 0.604500
vt 0.244400 0.604600
vt 0.245900 0.600800
vt 0.242900 0.598500
vt 0.239100 0.598100
vt 0.241800 0.601000
vt 0.236100 0.610100
vt 0.239700 0.611500
vt 0.240000 0.608800
vt 0.237900 0.607900
vt 0.236600 0.606100
vt 0.233900 0.607000
vt 0.494200 0.825700
vt 0.504900 0.811400
vt 0.488300 0.847800
vt 0.500500 0.794600
vt 0.504900 0.777900
vt 0.570600 0.825700
vt 0.557200 0.829800
vt 0.562100 0.811400
vt 0.542100 0.818900
vt 0.566500 0.794600
vt 0.562100 0.777900
vt 0.533500 0.761200
vt 0.517000 0.765700
vt 0.550000 0.765700
vt 0.562900 0.847500
vt 0.557200 0.865300
vt 0.532800 0.847500
vt 0.523500 0.818900
vt 0.508400 0.829800
vt 0.502600 0.847500
vt 0.508400 0.865300
vt 0.523500 0.876200
vt 0.542100 0.876200
vt 0.532400 0.891800
vt 0.570600 0.869800
vt 0.554500 0.885900
vt 0.576500 0.847800
vt 0.510400 0.885900
vt 0.494200 0.869800
vt 0.456000 0.251000
vt 0.452300 0.182200
vt 0.454400 0.220500
vt 0.458200 0.197500
vt 0.467300 0.179400
vt 0.475000 0.185700
vt 0.485000 0.162800
vt 0.475800 0.167100
vt 0.476800 0.144500
vt 0.473700 0.155900
vt 0.443600 0.174700
vt 0.433300 0.203300
vt 0.441100 0.206700
vt 0.430100 0.231300
vt 0.436200 0.232300
vt 0.431300 0.259200
vt 0.436200 0.251000
vt 0.467300 0.259200
vt 0.465400 0.225200
vt 0.468000 0.206700
vt 0.308300 0.608500
vt 0.310800 0.605100
vt 0.310000 0.607100
vt 0.312500 0.608900
vt 0.313700 0.605200
vt 0.310200 0.603000
vt 0.306600 0.601100
vt 0.304600 0.601900
vt 0.302700 0.599600
vt 0.306300 0.598200
vt 0.901800 0.392300
vt 0.968400 0.392300
vt 0.916200 0.404800
vt 0.954000 0.404800
vt 0.951200 0.415600
vt 0.949000 0.429800
vt 0.964800 0.429800
vt 0.971900 0.415600
vt 0.980200 0.404800
vt 0.989400 0.392300
vt 0.989400 0.349200
vt 0.968400 0.349800
vt 0.901800 0.349800
vt 0.880700 0.349200
vt 0.880700 0.392300
vt 0.890000 0.404800
vt 0.986500 0.996000
vt 0.672100 0.996100
vt 0.986900 0.984100
vt 0.672000 0.984400
vt 0.581500 0.996100
vt 0.581500 0.984400
vt 0.672000 0.974200
vt 0.581400 0.974200
vt 0.672000 0.962400
vt 0.581400 0.962400
vt 0.671900 0.951100
vt 0.581400 0.951100
vt 0.671900 0.938400
vt 0.581300 0.938400
vt 0.671800 0.924100
vt 0.581300 0.924100
vt 0.671800 0.909000
vt 0.581300 0.909000
vt 0.671800 0.894000
vt 0.581200 0.893900
vt 0.989400 0.974200
vt 0.992700 0.962300
vt 0.995400 0.948000
vt 0.995400 0.937800
vt 0.995300 0.922400
vt 0.995300 0.905500
vt 0.995300 0.895800
vt 0.995300 0.878900
vt 0.671800 0.878900
vt 0.995300 0.862000
vt 0.671800 0.863800
vt 0.581200 0.878900
vt 0.581200 0.863800
vt 0.671800 0.848700
vt 0.581300 0.848700
vt 0.671800 0.833600
vt 0.581300 0.833600
vt 0.671900 0.818300
vt 0.581300 0.818300
vt 0.671900 0.806100
vt 0.581400 0.806000
vt 0.672000 0.794800
vt 0.581400 0.794700
vt 0.672000 0.783000
vt 0.581400 0.783000
vt 0.672000 0.772800
vt 0.581500 0.772800
vt 0.672100 0.761100
vt 0.581500 0.761100
vt 0.995300 0.852300
vt 0.995300 0.835400
vt 0.995400 0.822900
vt 0.995400 0.809500
vt 0.992800 0.795100
vt 0.989400 0.783000
vt 0.987000 0.773000
vt 0.986500 0.761200
vt 0.014700 0.703700
vt 0.178000 0.703700
vt 0.014700 0.732900
vt 0.178000 0.732900
vt 0.014700 0.766100
vt 0.178000 0.766100
vt 0.014700 0.799300
vt 0.178000 0.799300
vt 0.014700 0.828500
vt 0.178000 0.828500
vt 0.014700 0.860100
vt 0.178000 0.860100
vt 0.014700 0.893900
vt 0.178000 0.893900
vt 0.014700 0.925500
vt 0.178000 0.925500
vt 0.014700 0.958700
vt 0.178000 0.958700
vt 0.014700 0.991900
vt 0.178000 0.991900
vt 0.014700 0.412500
vt 0.178000 0.412500
vt 0.014700 0.444200
vt 0.178000 0.444200
vt 0.014700 0.477900
vt 0.178000 0.477900
vt 0.014700 0.509500
vt 0.178000 0.509500
vt 0.014700 0.541200
vt 0.178000 0.541200
vt 0.014700 0.574900
vt 0.178000 0.574900
vt 0.014700 0.606600
vt 0.178000 0.606600
vt 0.014700 0.638300
vt 0.178000 0.638300
vt 0.014700 0.672000
vt 0.178000 0.672000
vt 0.292900 0.798600
vt 0.288300 0.785900
vt 0.317300 0.784500
vt 0.265200 0.790000
vt 0.265200 0.803500
vt 0.242000 0.785900
vt 0.237400 0.798600
vt 0.221700 0.774100
vt 0.213000 0.784500
vt 0.206600 0.756100
vt 0.194800 0.762900
vt 0.198500 0.734100
vt 0.185200 0.736400
vt 0.198500 0.710600
vt 0.185200 0.708200
vt 0.206600 0.688500
vt 0.194800 0.681700
vt 0.221700 0.670500
vt 0.213000 0.660100
vt 0.242000 0.658700
vt 0.283400 0.772300
vt 0.308600 0.774100
vt 0.265200 0.775500
vt 0.247000 0.772300
vt 0.231000 0.763100
vt 0.219100 0.748900
vt 0.212800 0.731600
vt 0.212800 0.713100
vt 0.219100 0.695700
vt 0.231000 0.681600
vt 0.247000 0.672300
vt 0.265200 0.669100
vt 0.265200 0.654600
vt 0.283400 0.672300
vt 0.288300 0.658700
vt 0.299400 0.681600
vt 0.308600 0.670500
vt 0.311200 0.695700
vt 0.323800 0.688500
vt 0.317500 0.713100
vt 0.331800 0.710600
vt 0.317500 0.731600
vt 0.331800 0.734100
vt 0.311200 0.748900
vt 0.323800 0.756100
vt 0.299400 0.763100
vt 0.237400 0.646000
vt 0.265200 0.641100
vt 0.292900 0.646000
vt 0.317300 0.660100
vt 0.335500 0.681700
vt 0.345100 0.708200
vt 0.345100 0.736400
vt 0.335500 0.762900
vt 0.965100 0.021700
vt 0.989100 0.020400
vt 0.965100 0.030600
vt 0.989100 0.011000
vt 0.965100 0.014500
vt 0.989100 0.007500
vt 0.965100 0.011800
vt 0.989100 0.031900
vt 0.989100 0.041300
vt 0.965100 0.037800
vt 0.989100 0.044800
vt 0.965100 0.040600
vt 0.995100 0.037800
vt 0.995100 0.030600
vt 0.995100 0.021700
vt 0.995100 0.014500
vt 0.995100 0.011800
vt 0.995100 0.040600
vt 0.959100 0.018000
vt 0.959100 0.016100
vt 0.959100 0.023000
vt 0.959100 0.029300
vt 0.959100 0.034300
vt 0.959100 0.036300
vt 0.901100 0.030600
vt 0.901100 0.021700
vt 0.901100 0.014500
vt 0.901100 0.011800
vt 0.901100 0.037800
vt 0.901100 0.040600
s 1
usemtl toolgun
f 2002/1796/1755 2003/1797/1756 2004/1797/1757
f 2005/1798/1758 2006/1799/1759 2007/1800/1760
f 2008/1801/1761 2007/1800/1760 2006/1799/1759
f 2009/1802/1762 2010/1803/1763 2011/1804/1764
f 2012/1805/1765 2009/1802/1762 2011/1804/1764
f 2013/1806/1766 2014/1807/1767 2010/1803/1763
f 2015/1808/1768 2014/1807/1767 2013/1806/1766
f 2010/1803/1763 2014/1807/1767 2016/1809/1769
f 2011/1804/1764 2010/1803/1763 2017/1810/1770
f 2017/1810/1770 2010/1803/1763 2016/1809/1769
f 2018/1811/1771 2011/1804/1764 2017/1810/1770
f 2019/1812/1772 2013/1806/1766 2010/1803/1763
f 2020/1813/1773 2013/1806/1766 2019/1812/1772
f 2021/1814/1774 2022/1815/1775 2023/1816/1776
f 2024/1817/1777 2022/1815/1775 2025/1818/1778
f 2022/1815/1775 2024/1817/1777 2026/1819/1779
f 2026/1819/1779 2023/1816/1776 2022/1815/1775
f 2023/1816/1776 2026/1819/1779 2027/1820/1780
f 2028/1821/1781 2029/1822/1782 2030/1823/1783
f 2029/1822/1782 2028/1821/1781 2031/1824/1784
f 2031/1824/1784 2032/1825/1785 2025/1818/1778
f 2032/1825/1785 2031/1824/1784 2028/1821/1781
f 2033/1826/1786 2025/1818/1778 2032/1825/1785
f 2024/1817/1777 2025/1818/1778 2034/1827/1787
f 2033/1826/1786 2034/1827/1787 2025/1818/1778
f 2024/1817/1777 2034/1827/1787 2035/1828/1788
f 2035/1828/1788 2026/1819/1779 2024/1817/1777
f 2036/1829/1789 2027/1820/1780 2026/1819/1779
f 2026/1819/1779 2035/1828/1788 2036/1829/1789
f 2027/1820/1780 2037/1830/1790 2023/1816/1776
f 2027/1820/1780 2036/1829/1789 2037/1830/1790
f 2021/1814/1774 2023/1816/1776 2038/1831/1791
f 2023/1816/1776 2037/1830/1790 2038/1831/1791
f 2038/1831/1791 2039/1832/1792 2021/1814/1774
f 2022/1815/1775 2021/1814/1774 2039/1832/1792
f 2039/1832/1792 2025/1818/1778 2022/1815/1775
f 2025/1818/1778 2039/1832/1792 2031/1824/1784
f 2040/1833/1793 2041/1834/1794 2042/1835/1795
f 2043/1836/1796 2042/1835/1795 2041/1834/1794
f 2041/1834/1794 2044/1837/1797 2043/1836/1796
f 2045/1838/1798 2044/1837/1797 2037/1830/1790
f 2045/1838/1798 2043/1836/1796 2044/1837/1797
f 2046/1839/1799 2037/1830/1790 2036/1829/1789
f 2037/1830/1790 2046/1839/1799 2045/1838/1798
f 2043/1836/1796 2045/1838/1798 2046/1839/1799
f 2047/1840/1800 2036/1829/1789 2035/1828/1788
f 2036/1829/1789 2047/1840/1800 2046/1839/1799
f 2048/1841/1801 2035/1828/1788 2034/1827/1787
f 2035/1828/1788 2048/1841/1801 2047/1840/1800
f 2034/1827/1787 2049/1842/1802 2048/1841/1801
f 2033/1826/1786 2050/1843/1803 2034/1827/1787
f 2049/1842/1802 2034/1827/1787 2050/1843/1803
f 2050/1843/1803 2033/1826/1786 2051/1844/1804
f 2032/1825/1785 2051/1844/1804 2033/1826/1786
f 2051/1844/1804 2032/1825/1785 2052/1845/1805
f 2028/1821/1781 2052/1845/1805 2032/1825/1785
f 2042/1835/1795 2043/1836/1796 2053/1846/1806
f 2046/1839/1799 2053/1846/1806 2043/1836/1796
f 2053/1846/1806 2046/1839/1799 2047/1840/1800
f 2054/1847/1807 2047/1840/1800 2048/1841/1801
f 2047/1840/1800 2054/1847/1807 2053/1846/1806
f 2055/1848/1808 2053/1846/1806 2054/1847/1807
f 2053/1846/1806 2055/1848/1808 2042/1835/1795
f 2056/1849/1809 2042/1835/1795 2055/1848/1808
f 2042/1835/1795 2056/1849/1809 2040/1833/1793
f 2057/1850/1810 2040/1833/1793 2056/1849/1809
f 2030/1823/1783 2058/1851/1811 2028/1821/1781
f 2052/1845/1805 2028/1821/1781 2058/1851/1811
f 2058/1851/1811 2030/1823/1783 2059/1852/1812
f 2060/1853/1813 2059/1852/1812 2030/1823/1783
f 2059/1852/1812 2060/1853/1813 2061/1854/1814
f 2062/1855/1815 2061/1854/1814 2060/1853/1813
f 2061/1854/1814 2062/1855/1815 2063/1856/1816
f 2064/1857/1817 2063/1856/1816 2062/1855/1815
f 2063/1856/1816 2064/1857/1817 2065/1858/1818
f 2066/1859/1819 2065/1858/1818 2064/1857/1817
f 2057/1850/1810 2067/1860/1820 2066/1859/1819
f 2065/1858/1818 2066/1859/1819 2067/1860/1820
f 2067/1860/1820 2057/1850/1810 2068/1861/1821
f 2056/1849/1809 2068/1861/1821 2057/1850/1810
f 2055/1848/1808 2069/1862/1822 2056/1849/1809
f 2068/1861/1821 2056/1849/1809 2069/1862/1822
f 2054/1847/1807 2070/1863/1823 2055/1848/1808
f 2069/1862/1822 2055/1848/1808 2070/1863/1823
f 2048/1841/1801 2071/1864/1824 2054/1847/1807
f 2071/1864/1824 2048/1841/1801 2049/1842/1802
f 2070/1863/1823 2054/1847/1807 2071/1864/1824
f 2044/1837/1797 2072/1865/1825 2037/1830/1790
f 2072/1865/1825 2073/1866/1826 2037/1830/1790
f 2037/1830/1790 2073/1866/1826 2038/1831/1791
f 2044/1837/1797 2041/1834/1794 2074/1867/1827
f 2074/1867/1827 2072/1865/1825 2044/1837/1797
f 2041/1834/1794 2040/1833/1793 2075/1868/1828
f 2075/1868/1828 2074/1867/1827 2041/1834/1794
f 2074/1867/1827 2075/1868/1828 2072/1865/1825
f 2076/1869/1829 2075/1868/1828 2040/1833/1793
f 2066/1859/1819 2076/1869/1829 2057/1850/1810
f 2040/1833/1793 2057/1850/1810 2076/1869/1829
f 2064/1857/1817 2077/1870/1830 2066/1859/1819
f 2076/1869/1829 2066/1859/1819 2077/1870/1830
f 2077/1870/1830 2064/1857/1817 2078/1871/1831
f 2062/1855/1815 2078/1871/1831 2064/1857/1817
f 2060/1853/1813 2079/1872/1832 2062/1855/1815
f 2078/1871/1831 2062/1855/1815 2079/1872/1832
f 2080/1873/1833 2030/1823/1783 2029/1822/1782
f 2030/1823/1783 2080/1873/1833 2060/1853/1813
f 2079/1872/1832 2060/1853/1813 2080/1873/1833
f 2081/1874/1834 2072/1865/1825 2075/1868/1828
f 2075/1868/1828 2076/1869/1829 2081/1874/1834
f 2077/1870/1830 2081/1874/1834 2076/1869/1829
f 2078/1871/1831 2082/1875/1835 2077/1870/1830
f 2081/1874/1834 2077/1870/1830 2082/1875/1835
f 2079/1872/1832 2083/1876/1836 2078/1871/1831
f 2082/1875/1835 2078/1871/1831 2083/1876/1836
f 2083/1876/1836 2073/1866/1826 2082/1875/1835
f 2080/1873/1833 2084/1877/1837 2079/1872/1832
f 2083/1876/1836 2079/1872/1832 2084/1877/1837
f 2029/1822/1782 2085/1878/1838 2080/1873/1833
f 2084/1877/1837 2080/1873/1833 2085/1878/1838
f 2085/1878/1838 2029/1822/1782 2086/1879/1839
f 2086/1879/1839 2031/1824/1784 2039/1832/1792
f 2031/1824/1784 2086/1879/1839 2029/1822/1782
f 2039/1832/1792 2038/1831/1791 2086/1879/1839
f 2086/1879/1839 2087/1880/1840 2085/1878/1838
f 2087/1880/1840 2086/1879/1839 2038/1831/1791
f 2085/1878/1838 2088/1881/1841 2084/1877/1837
f 2088/1881/1841 2085/1878/1838 2087/1880/1840
f 2038/1831/1791 2073/1866/1826 2088/1881/1841
f 2087/1880/1840 2038/1831/1791 2088/1881/1841
f 2089/1882/1842 2084/1877/1837 2088/1881/1841
f 2088/1881/1841 2073/1866/1826 2089/1882/1842
f 2084/1877/1837 2089/1882/1842 2083/1876/1836
f 2073/1866/1826 2083/1876/1836 2089/1882/1842
f 2072/1865/1825 2081/1874/1834 2090/1883/1843
f 2082/1875/1835 2090/1883/1843 2081/1874/1834
f 2090/1883/1843 2082/1875/1835 2073/1866/1826
f 2090/1883/1843 2073/1866/1826 2072/1865/1825
f 2091/1884/1844 2092/1885/1845 2093/1886/1846
f 2094/1887/1847 2091/1884/1844 2093/1886/1846
f 2092/1885/1845 2091/1884/1844 2095/1888/1848
f 2093/1886/1846 2092/1885/1845 2096/1889/1849
f 2092/1885/1845 2095/1888/1848 2096/1889/1849
f 2097/1890/1850 2093/1886/1846 2096/1889/1849
f 2093/1886/1846 2097/1890/1850 2098/1891/1851
f 2099/1892/1852 2098/1891/1851 2097/1890/1850
f 2098/1891/1851 2099/1892/1852 2100/1893/1853
f 2101/1894/1854 2100/1893/1853 2099/1892/1852
f 2102/1895/1855 2096/1889/1849 2095/1888/1848
f 2103/1896/1856 2093/1886/1846 2098/1891/1851
f 2093/1886/1846 2103/1896/1856 2094/1887/1847
f 2103/1896/1856 2098/1891/1851 2104/1897/1857
f 2100/1893/1853 2104/1897/1857 2098/1891/1851
f 2104/1897/1857 2100/1893/1853 2105/1898/1858
f 2106/1899/1859 2105/1898/1858 2100/1893/1853
f 2100/1893/1853 2101/1894/1854 2106/1899/1859
f 2107/1900/1860 2106/1899/1859 2101/1894/1854
f 2107/1900/1860 2101/1894/1854 2108/1901/1861
f 2101/1894/1854 2099/1892/1852 2109/1902/1862
f 2109/1902/1862 2108/1901/1861 2101/1894/1854
f 2110/1903/1863 2099/1892/1852 2097/1890/1850
f 2110/1903/1863 2109/1902/1862 2099/1892/1852
f 2096/1889/1849 2111/1904/1864 2097/1890/1850
f 2097/1890/1850 2111/1904/1864 2110/1903/1863
f 2112/1905/1865 2111/1904/1864 2096/1889/1849
f 2102/1895/1855 2112/1905/1865 2096/1889/1849
f 2102/1895/1855 2095/1888/1848 2113/1906/1866
f 2112/1905/1865 2102/1895/1855 2113/1906/1866
f 2112/1905/1865 2113/1906/1866 2114/1907/1867
f 2112/1905/1865 2114/1907/1867 2111/1904/1864
f 2115/1908/1868 2114/1907/1867 2113/1906/1866
f 2113/1906/1866 2116/1909/1869 2115/1908/1868
f 2117/1910/1870 2116/1909/1869 2113/1906/1866
f 2117/1910/1870 2095/1888/1848 2091/1884/1844
f 2095/1888/1848 2117/1910/1870 2113/1906/1866
f 2117/1910/1870 2118/1911/1871 2116/1909/1869
f 2118/1911/1871 2091/1884/1844 2094/1887/1847
f 2117/1910/1870 2091/1884/1844 2118/1911/1871
f 2118/1911/1871 2119/1912/1872 2116/1909/1869
f 2118/1911/1871 2094/1887/1847 2119/1912/1872
f 2120/1913/1873 2116/1909/1869 2119/1912/1872
f 2120/1913/1873 2115/1908/1868 2116/1909/1869
f 2119/1912/1872 2121/1914/1874 2120/1913/1873
f 2122/1915/1875 2119/1912/1872 2094/1887/1847
f 2119/1912/1872 2122/1915/1875 2121/1914/1874
f 2123/1916/1876 2121/1914/1874 2122/1915/1875
f 2121/1914/1874 2123/1916/1876 2124/1917/1877
f 2125/1918/1878 2124/1917/1877 2123/1916/1876
f 2124/1917/1877 2125/1918/1878 2126/1919/1879
f 2127/1920/1880 2126/1919/1879 2125/1918/1878
f 2128/1921/1881 2126/1919/1879 2127/1920/1880
f 2129/1922/1882 2128/1921/1881 2127/1920/1880
f 2130/1923/1883 2128/1921/1881 2129/1922/1882
f 2131/1924/1884 2128/1921/1881 2130/1923/1883
f 2130/1923/1883 2132/1925/1885 2131/1924/1884
f 2133/1926/1886 2131/1924/1884 2132/1925/1885
f 2134/1927/1887 2129/1922/1882 2127/1920/1880
f 2135/1928/1888 2129/1922/1882 2134/1927/1887
f 2136/1929/1889 2137/1930/1890 2138/1931/1891
f 2134/1927/1887 2139/1932/1892 2135/1928/1888
f 2139/1932/1892 2138/1931/1891 2137/1930/1890
f 2137/1930/1890 2135/1928/1888 2139/1932/1892
f 2139/1932/1892 2134/1927/1887 2140/1933/1893
f 2127/1920/1880 2140/1933/1893 2134/1927/1887
f 2125/1918/1878 2141/1934/1894 2127/1920/1880
f 2140/1933/1893 2127/1920/1880 2141/1934/1894
f 2123/1916/1876 2142/1935/1895 2125/1918/1878
f 2141/1934/1894 2125/1918/1878 2142/1935/1895
f 2142/1935/1895 2123/1916/1876 2143/1936/1896
f 2122/1915/1875 2143/1936/1896 2123/1916/1876
f 2144/1937/1897 2094/1887/1847 2103/1896/1856
f 2094/1887/1847 2144/1937/1897 2122/1915/1875
f 2143/1936/1896 2122/1915/1875 2144/1937/1897
f 2103/1896/1856 2145/1938/1898 2144/1937/1897
f 2144/1937/1897 2146/1939/1899 2143/1936/1896
f 2146/1939/1899 2144/1937/1897 2145/1938/1898
f 2143/1936/1896 2147/1940/1900 2142/1935/1895
f 2147/1940/1900 2143/1936/1896 2146/1939/1899
f 2148/1941/1901 2142/1935/1895 2147/1940/1900
f 2142/1935/1895 2148/1941/1901 2141/1934/1894
f 2141/1934/1894 2149/1942/1902 2140/1933/1893
f 2149/1942/1902 2141/1934/1894 2148/1941/1901
f 2150/1943/1903 2140/1933/1893 2149/1942/1902
f 2140/1933/1893 2150/1943/1903 2139/1932/1892
f 2138/1931/1891 2139/1932/1892 2150/1943/1903
f 2151/1797/1904 2152/1796/1905 2153/1797/1906
f 2115/1908/1868 2120/1913/1873 2154/1944/1907
f 2155/1945/1908 2120/1913/1873 2121/1914/1874
f 2121/1914/1874 2124/1917/1877 2155/1945/1908
f 2155/1945/1908 2154/1944/1907 2120/1913/1873
f 2154/1944/1907 2155/1945/1908 2156/1946/1909
f 2157/1947/1910 2156/1946/1909 2155/1945/1908
f 2157/1947/1910 2155/1945/1908 2124/1917/1877
f 2156/1946/1909 2157/1947/1910 2158/1948/1911
f 2156/1946/1909 2159/1949/1912 2154/1944/1907
f 2156/1946/1909 2158/1948/1911 2159/1949/1912
f 2154/1944/1907 2160/1950/1913 2115/1908/1868
f 2160/1950/1913 2154/1944/1907 2159/1949/1912
f 2114/1907/1867 2115/1908/1868 2160/1950/1913
f 2160/1950/1913 2159/1949/1912 2161/1951/1914
f 2161/1951/1914 2162/1952/1915 2160/1950/1913
f 2162/1952/1915 2111/1904/1864 2114/1907/1867
f 2114/1907/1867 2160/1950/1913 2162/1952/1915
f 2162/1952/1915 2161/1951/1914 2163/1953/1916
f 2163/1953/1916 2164/1954/1917 2162/1952/1915
f 2111/1904/1864 2162/1952/1915 2164/1954/1917
f 2164/1954/1917 2110/1903/1863 2111/1904/1864
f 2165/1955/1918 2133/1926/1886 2132/1925/1885
f 2133/1926/1886 2165/1955/1918 2158/1948/1911
f 2166/1956/1919 2159/1949/1912 2158/1948/1911
f 2166/1956/1919 2158/1948/1911 2165/1955/1918
f 2159/1949/1912 2166/1956/1919 2167/1957/1920
f 2167/1957/1920 2161/1951/1914 2159/1949/1912
f 2161/1951/1914 2167/1957/1920 2168/1958/1921
f 2168/1958/1921 2163/1953/1916 2161/1951/1914
f 2163/1953/1916 2168/1958/1921 2169/1959/1922
f 2164/1954/1917 2163/1953/1916 2170/1960/1923
f 2169/1959/1922 2170/1960/1923 2163/1953/1916
f 2110/1903/1863 2164/1954/1917 2171/1961/1924
f 2170/1960/1923 2171/1961/1924 2164/1954/1917
f 2172/1962/1925 2169/1959/1922 2168/1958/1921
f 2168/1958/1921 2173/1963/1926 2172/1962/1925
f 2173/1963/1926 2168/1958/1921 2167/1957/1920
f 2167/1957/1920 2174/1964/1927 2173/1963/1926
f 2174/1964/1927 2167/1957/1920 2166/1956/1919
f 2166/1956/1919 2165/1955/1918 2174/1964/1927
f 2165/1955/1918 2132/1925/1885 2175/1965/1928
f 2165/1955/1918 2175/1965/1928 2174/1964/1927
f 2176/1966/1929 2172/1962/1925 2173/1963/1926
f 2177/1967/1930 2173/1963/1926 2174/1964/1927
f 2173/1963/1926 2177/1967/1930 2176/1966/1929
f 2174/1964/1927 2178/1968/1931 2177/1967/1930
f 2175/1965/1928 2178/1968/1931 2174/1964/1927
f 2175/1965/1928 2179/1969/1932 2178/1968/1931
f 2178/1968/1931 2179/1969/1932 2180/1970/1933
f 2180/1970/1933 2177/1967/1930 2178/1968/1931
f 2181/1971/1934 2180/1970/1933 2179/1969/1932
f 2180/1970/1933 2181/1971/1934 2182/1972/1935
f 2183/1973/1936 2182/1972/1935 2181/1971/1934
f 2184/1974/1937 2176/1966/1929 2177/1967/1930
f 2182/1972/1935 2184/1974/1937 2180/1970/1933
f 2177/1967/1930 2180/1970/1933 2184/1974/1937
f 2157/1947/1910 2124/1917/1877 2185/1975/1938
f 2185/1975/1938 2158/1948/1911 2157/1947/1910
f 2158/1948/1911 2185/1975/1938 2133/1926/1886
f 2131/1924/1884 2133/1926/1886 2185/1975/1938
f 2131/1924/1884 2185/1975/1938 2128/1921/1881
f 2126/1919/1879 2128/1921/1881 2185/1975/1938
f 2126/1919/1879 2185/1975/1938 2124/1917/1877
f 2186/1976/1939 2187/1977/1940 2188/1978/1941
f 2187/1977/1940 2189/1979/1942 2188/1978/1941
f 2188/1978/1941 2189/1979/1942 2190/1980/1943
f 2191/1981/1944 2192/1981/1945 2187/1977/1940
f 2193/1977/1946 2194/1976/1947 2192/1981/1945
f 2192/1981/1945 2194/1976/1947 2187/1977/1940
f 2195/1982/1948 2189/1979/1942 2187/1977/1940
f 2194/1976/1947 2195/1982/1948 2187/1977/1940
f 2196/1983/1949 2189/1979/1942 2195/1982/1948
f 2197/1978/1950 2198/1984/1951 2199/1980/1952
f 2197/1978/1950 2199/1980/1952 2194/1976/1947
f 2198/1984/1951 2197/1978/1950 2200/1985/1953
f 2194/1976/1947 2200/1985/1953 2197/1978/1950
f 2193/1977/1946 2201/1986/1954 2194/1976/1947
f 2200/1985/1953 2194/1976/1947 2201/1986/1954
f 2201/1986/1954 2193/1977/1946 2202/1987/1955
f 2192/1981/1945 2202/1987/1955 2193/1977/1946
f 2191/1981/1944 2203/1987/1956 2192/1981/1945
f 2202/1987/1955 2192/1981/1945 2203/1987/1956
f 2187/1977/1940 2204/1986/1957 2191/1981/1944
f 2203/1987/1956 2191/1981/1944 2204/1986/1957
f 2204/1986/1957 2187/1977/1940 2205/1985/1958
f 2186/1976/1939 2205/1985/1958 2187/1977/1940
f 2188/1978/1941 2206/1984/1959 2186/1976/1939
f 2205/1985/1958 2186/1976/1939 2206/1984/1959
f 2206/1984/1959 2188/1978/1941 2207/1988/1960
f 2190/1980/1943 2207/1988/1960 2188/1978/1941
f 2189/1979/1942 2208/1989/1961 2190/1980/1943
f 2207/1988/1960 2190/1980/1943 2208/1989/1961
f 2209/1990/1962 2195/1982/1948 2210/1990/1963
f 2210/1990/1963 2195/1982/1948 2211/1983/1964
f 2199/1980/1952 2211/1983/1964 2194/1976/1947
f 2211/1983/1964 2195/1982/1948 2194/1976/1947
f 2212/1982/1965 2210/1990/1963 2211/1983/1964
f 2213/1979/1966 2211/1983/1964 2199/1980/1952
f 2208/1989/1961 2189/1979/1942 2214/1991/1967
f 2196/1983/1949 2214/1991/1967 2189/1979/1942
f 2195/1982/1948 2215/1992/1968 2196/1983/1949
f 2214/1991/1967 2196/1983/1949 2215/1992/1968
f 2209/1990/1962 2216/1993/1969 2195/1982/1948
f 2215/1992/1968 2195/1982/1948 2216/1993/1969
f 2210/1990/1963 2217/1993/1970 2209/1990/1962
f 2216/1993/1969 2209/1990/1962 2217/1993/1970
f 2217/1993/1970 2210/1990/1963 2218/1992/1971
f 2212/1982/1965 2218/1992/1971 2210/1990/1963
f 2211/1983/1964 2219/1991/1972 2212/1982/1965
f 2218/1992/1971 2212/1982/1965 2219/1991/1972
f 2213/1979/1966 2220/1989/1973 2211/1983/1964
f 2219/1991/1972 2211/1983/1964 2220/1989/1973
f 2199/1980/1952 2221/1988/1974 2213/1979/1966
f 2221/1988/1974 2199/1980/1952 2198/1984/1951
f 2220/1989/1973 2213/1979/1966 2221/1988/1974
f 2222/1994/1975 2223/1995/1811 2224/1996/1976
f 2224/1996/1976 2223/1995/1811 2225/1994/1823
f 2226/1997/1802 2224/1996/1976 2225/1994/1823
f 2227/1996/1977 2226/1997/1802 2225/1994/1823
f 2228/1997/1978 2224/1996/1976 2226/1997/1802
f 2229/1995/1979 2225/1994/1823 2230/1998/1980
f 2225/1994/1823 2223/1995/1811 2231/1999/1981
f 2230/1998/1980 2225/1994/1823 2231/1999/1981
f 2231/1999/1981 2223/1995/1811 2232/2000/1982
f 2232/2000/1982 2223/1995/1811 2233/1998/1983
f 2234/2000/1984 2230/1998/1980 2231/1999/1981
f 2235/1999/1985 2231/1999/1981 2232/2000/1982
f 2236/2001/1986 2237/2002/1987 2238/2003/1988
f 2238/2003/1988 2237/2002/1987 2239/2004/1989
f 2240/2005/1990 2238/2003/1988 2239/2004/1989
f 2241/2006/1991 2239/2004/1989 2242/2007/1992
f 2239/2004/1989 2237/2002/1987 2242/2007/1992
f 2242/2007/1992 2237/2002/1987 2243/2008/1993
f 2243/2008/1993 2237/2002/1987 2244/2009/1994
f 2245/2010/1995 2242/2007/1992 2243/2008/1993
f 2246/2011/1996 2247/2011/1997 2248/2012/1998
f 2249/2012/1999 2248/2012/1998 2247/2011/1997
f 2250/2013/2000 2251/2014/1999 2252/2015/2001
f 2251/2014/1999 2253/2016/2002 2252/2015/2001
f 2252/2015/2001 2253/2016/2002 2254/2017/2003
f 2253/2016/2002 2255/2018/2004 2254/2017/2003
f 2256/2019/2005 2254/2017/2003 2255/2018/2004
f 2255/2018/2004 2257/2018/2006 2256/2019/2005
f 2258/2019/2007 2256/2019/2005 2257/2018/2006
f 2259/2020/2008 2253/2016/2002 2251/2014/1999
f 2260/2021/2009 2261/2022/2010 2262/2023/2011
f 2263/2024/2008 2261/2022/2010 2253/2016/2002
f 2263/2024/2008 2262/2023/2011 2261/2022/2010
f 2264/2025/2012 2253/2016/2002 2261/2022/2010
f 2255/2018/2004 2253/2016/2002 2265/2026/2013
f 2264/2025/2012 2265/2026/2013 2253/2016/2002
f 2257/2018/2006 2255/2018/2004 2266/2026/2014
f 2265/2026/2013 2266/2026/2014 2255/2018/2004
f 2266/2026/2014 2267/2027/2015 2257/2018/2006
f 2258/2019/2007 2257/2018/2006 2267/2027/2015
f 2266/2026/2014 2265/2026/2013 2267/2027/2015
f 2265/2026/2013 2264/2025/2012 2268/2027/2016
f 2268/2027/2016 2267/2027/2015 2265/2026/2013
f 2267/2027/2015 2268/2027/2016 2258/2019/2007
f 2256/2019/2005 2258/2019/2007 2268/2027/2016
f 2254/2017/2003 2256/2019/2005 2269/2028/2017
f 2268/2027/2016 2269/2028/2017 2256/2019/2005
f 2269/2028/2017 2268/2027/2016 2264/2025/2012
f 2254/2017/2003 2269/2028/2017 2270/2029/2001
f 2271/2030/2018 2270/2029/2001 2269/2028/2017
f 2270/2029/2001 2271/2030/2018 2272/2031/2019
f 2273/2032/2020 2272/2031/2019 2271/2030/2018
f 2264/2025/2012 2274/2033/2021 2269/2028/2017
f 2274/2033/2021 2275/2034/2022 2276/2035/2020
f 2269/2028/2017 2274/2033/2021 2276/2035/2020
f 2277/2036/2023 2269/2028/2017 2276/2035/2020
f 2278/2037/2024 2279/2038/2025 2280/2039/2026
f 2281/2040/2027 2282/2041/2028 2283/2042/2029
f 2282/2041/2028 2281/2040/2027 2284/2043/2030
f 2285/2044/2031 2284/2043/2030 2281/2040/2027
f 2286/2045/2032 2279/2038/2025 2285/2044/2031
f 2285/2044/2031 2281/2040/2027 2286/2045/2032
f 2279/2038/2025 2286/2045/2032 2287/2046/2033
f 2287/2046/2033 2280/2039/2026 2279/2038/2025
f 2287/2046/2033 2288/2047/1905 2280/2039/2026
f 2280/2039/2026 2289/2048/1904 2278/2037/2024
f 2280/2039/2026 2288/2047/1905 2289/2048/1904
f 2290/2049/2034 2278/2037/2024 2289/2048/1904
f 2290/2049/2034 2291/2050/2035 2278/2037/2024
f 2292/2051/2036 2278/2037/2024 2291/2050/2035
f 2292/2051/2036 2293/2052/2037 2278/2037/2024
f 2279/2038/2025 2278/2037/2024 2293/2052/2037
f 2293/2052/2037 2285/2044/2031 2279/2038/2025
f 2284/2043/2030 2294/2053/2038 2282/2041/2028
f 2295/2054/2039 2296/2055/2040 2297/2056/2041
f 2298/2057/2042 2297/2056/2041 2296/2055/2040
f 2297/2056/2041 2298/2057/2042 2299/2058/2043
f 2300/2059/2044 2299/2058/2043 2298/2057/2042
f 2299/2058/2043 2300/2059/2044 2283/2042/2029
f 2281/2040/2027 2283/2042/2029 2300/2059/2044
f 2300/2059/2044 2286/2045/2032 2281/2040/2027
f 2301/2060/2045 2287/2046/2033 2286/2045/2032
f 2298/2057/2042 2301/2060/2045 2300/2059/2044
f 2286/2045/2032 2300/2059/2044 2301/2060/2045
f 2302/2061/2046 2288/2047/1905 2287/2046/2033
f 2287/2046/2033 2301/2060/2045 2302/2061/2046
f 2301/2060/2045 2298/2057/2042 2303/2062/2047
f 2296/2055/2040 2303/2062/2047 2298/2057/2042
f 2303/2062/2047 2302/2061/2046 2301/2060/2045
f 2304/2063/2048 2305/2041/2049 2294/2053/2038
f 2306/2064/2050 2282/2041/2028 2294/2053/2038
f 2306/2064/2050 2294/2053/2038 2305/2041/2049
f 2282/2041/2028 2306/2064/2050 2307/2065/2051
f 2307/2065/2051 2283/2042/2029 2282/2041/2028
f 2283/2042/2029 2308/2066/2052 2299/2058/2043
f 2283/2042/2029 2307/2065/2051 2308/2066/2052
f 2299/2058/2043 2309/2067/2053 2297/2056/2041
f 2309/2067/2053 2299/2058/2043 2308/2066/2052
f 2310/2068/2054 2297/2056/2041 2309/2067/2053
f 2297/2056/2041 2310/2068/2054 2295/2054/2039
f 2311/2069/2055 2295/2054/2039 2310/2068/2054
f 2305/2041/2049 2304/2063/2048 2312/2040/2056
f 2313/2044/2057 2312/2040/2056 2304/2063/2048
f 2312/2040/2056 2314/2042/2058 2305/2041/2049
f 2305/2041/2049 2315/2065/2059 2306/2064/2050
f 2315/2065/2059 2305/2041/2049 2314/2042/2058
f 2316/2070/2060 2307/2065/2051 2306/2064/2050
f 2316/2070/2060 2306/2064/2050 2315/2065/2059
f 2307/2065/2051 2316/2070/2060 2317/2071/2061
f 2317/2071/2061 2308/2066/2052 2307/2065/2051
f 2308/2066/2052 2318/2072/2062 2309/2067/2053
f 2308/2066/2052 2317/2071/2061 2318/2072/2062
f 2309/2067/2053 2319/2073/2063 2310/2068/2054
f 2319/2073/2063 2309/2067/2053 2318/2072/2062
f 2310/2068/2054 2320/2074/2064 2311/2069/2055
f 2320/2074/2064 2310/2068/2054 2319/2073/2063
f 2321/2075/2065 2311/2069/2055 2320/2074/2064
f 2322/2058/2066 2314/2042/2058 2323/2059/2067
f 2312/2040/2056 2323/2059/2067 2314/2042/2058
f 2314/2042/2058 2322/2058/2066 2324/2066/2068
f 2314/2042/2058 2324/2066/2068 2315/2065/2059
f 2325/2071/2069 2315/2065/2059 2324/2066/2068
f 2315/2065/2059 2325/2071/2069 2316/2070/2060
f 2326/2076/2070 2317/2071/2061 2316/2070/2060
f 2326/2076/2070 2316/2070/2060 2325/2071/2069
f 2317/2071/2061 2326/2076/2070 2327/2077/2071
f 2327/2077/2071 2318/2072/2062 2317/2071/2061
f 2318/2072/2062 2328/2078/2072 2319/2073/2063
f 2318/2072/2062 2327/2077/2071 2328/2078/2072
f 2319/2073/2063 2329/2079/2073 2320/2074/2064
f 2329/2079/2073 2319/2073/2063 2328/2078/2072
f 2320/2074/2064 2330/2080/2074 2321/2075/2065
f 2330/2080/2074 2320/2074/2064 2329/2079/2073
f 2331/2081/2075 2321/2075/2065 2330/2080/2074
f 2321/2075/2065 2331/2081/2075 2332/2082/2076
f 2333/2083/2077 2332/2082/2076 2331/2081/2075
f 2330/2080/2074 2334/2084/2078 2331/2081/2075
f 2329/2079/2073 2335/2085/2079 2330/2080/2074
f 2334/2084/2078 2330/2080/2074 2335/2085/2079
f 2328/2078/2072 2336/2086/1765 2329/2079/2073
f 2335/2085/2079 2329/2079/2073 2336/2086/1765
f 2328/2078/2072 2337/2087/2080 2336/2086/1765
f 2337/2087/2080 2328/2078/2072 2327/2077/2071
f 2338/2088/2081 2327/2077/2071 2326/2076/2070
f 2327/2077/2071 2338/2088/2081 2337/2087/2080
f 2338/2088/2081 2326/2076/2070 2339/2077/2082
f 2325/2071/2069 2339/2077/2082 2326/2076/2070
f 2324/2066/2068 2340/2072/2083 2325/2071/2069
f 2339/2077/2082 2325/2071/2069 2340/2072/2083
f 2341/2067/2084 2324/2066/2068 2322/2058/2066
f 2324/2066/2068 2341/2067/2084 2340/2072/2083
f 2322/2058/2066 2342/2056/2085 2341/2067/2084
f 2323/2059/2067 2343/2057/2086 2322/2058/2066
f 2342/2056/2085 2322/2058/2066 2343/2057/2086
f 2343/2057/2086 2344/2055/2087 2342/2056/2085
f 2345/2054/2088 2342/2056/2085 2344/2055/2087
f 2346/2068/2089 2341/2067/2084 2342/2056/2085
f 2342/2056/2085 2345/2054/2088 2346/2068/2089
f 2347/2073/2090 2340/2072/2083 2341/2067/2084
f 2341/2067/2084 2346/2068/2089 2347/2073/2090
f 2340/2072/2083 2348/2078/2091 2339/2077/2082
f 2340/2072/2083 2347/2073/2090 2348/2078/2091
f 2339/2077/2082 2349/2087/2092 2338/2088/2081
f 2349/2087/2092 2339/2077/2082 2348/2078/2091
f 2350/2089/2093 2337/2087/2080 2338/2088/2081
f 2350/2089/2093 2338/2088/2081 2349/2087/2092
f 2337/2087/2080 2350/2089/2093 2351/2090/2094
f 2351/2090/2094 2336/2086/1765 2337/2087/2080
f 2352/2069/2095 2346/2068/2089 2345/2054/2088
f 2346/2068/2089 2352/2069/2095 2353/2074/2096
f 2353/2074/2096 2347/2073/2090 2346/2068/2089
f 2354/2079/2097 2348/2078/2091 2347/2073/2090
f 2347/2073/2090 2353/2074/2096 2354/2079/2097
f 2348/2078/2091 2355/2086/1773 2349/2087/2092
f 2348/2078/2091 2354/2079/2097 2355/2086/1773
f 2349/2087/2092 2356/2090/2098 2350/2089/2093
f 2356/2090/2098 2349/2087/2092 2355/2086/1773
f 2357/2091/2099 2351/2090/2094 2350/2089/2093
f 2357/2091/2099 2350/2089/2093 2356/2090/2098
f 2358/2075/2100 2353/2074/2096 2352/2069/2095
f 2353/2074/2096 2358/2075/2100 2359/2080/2101
f 2359/2080/2101 2354/2079/2097 2353/2074/2096
f 2360/2085/2102 2355/2086/1773 2354/2079/2097
f 2354/2079/2097 2359/2080/2101 2360/2085/2102
f 2333/2083/2077 2361/2081/2103 2332/2082/2076
f 2358/2075/2100 2332/2082/2076 2361/2081/2103
f 2361/2081/2103 2359/2080/2101 2358/2075/2100
f 2362/2084/2104 2360/2085/2102 2359/2080/2101
f 2359/2080/2101 2361/2081/2103 2362/2084/2104
f 2361/2081/2103 2333/2083/2077 2363/2092/1767
f 2363/2092/1767 2362/2084/2104 2361/2081/2103
f 2302/2061/2046 2303/2062/2047 2364/2093/2105
f 2364/2093/2105 2365/2094/2106 2302/2061/2046
f 2364/2093/2105 2366/2061/2107 2365/2094/2106
f 2288/2047/1905 2302/2061/2046 2365/2094/2106
f 2344/2055/2087 2343/2057/2086 2367/2062/2108
f 2366/2061/2107 2364/2093/2105 2367/2062/2108
f 2367/2062/2108 2368/2095/2109 2344/2055/2087
f 2368/2095/2109 2367/2062/2108 2364/2093/2105
f 2303/2062/2047 2296/2055/2040 2368/2095/2109
f 2368/2095/2109 2364/2093/2105 2303/2062/2047
f 2344/2055/2087 2369/2096/2110 2345/2054/2088
f 2296/2055/2040 2295/2054/2039 2369/2096/2110
f 2369/2096/2110 2368/2095/2109 2296/2055/2040
f 2369/2096/2110 2344/2055/2087 2368/2095/2109
f 2345/2054/2088 2370/2097/2111 2352/2069/2095
f 2370/2097/2111 2345/2054/2088 2369/2096/2110
f 2370/2097/2111 2369/2096/2110 2295/2054/2039
f 2295/2054/2039 2311/2069/2055 2370/2097/2111
f 2311/2069/2055 2321/2075/2065 2371/2098/2112
f 2332/2082/2076 2371/2098/2112 2321/2075/2065
f 2332/2082/2076 2358/2075/2100 2371/2098/2112
f 2371/2098/2112 2352/2069/2095 2370/2097/2111
f 2352/2069/2095 2371/2098/2112 2358/2075/2100
f 2371/2098/2112 2370/2097/2111 2311/2069/2055
f 2372/2099/1769 2363/2092/1767 2333/2083/2077
f 2331/2081/2075 2373/2092/2113 2333/2083/2077
f 2373/2092/2113 2331/2081/2075 2334/2084/2078
f 2372/2099/1769 2333/2083/2077 2373/2092/2113
f 2374/2047/2114 2365/2094/2106 2366/2061/2107
f 2367/2062/2108 2375/2060/2115 2366/2061/2107
f 2343/2057/2086 2323/2059/2067 2375/2060/2115
f 2375/2060/2115 2367/2062/2108 2343/2057/2086
f 2366/2061/2107 2376/2046/2116 2374/2047/2114
f 2376/2046/2116 2366/2061/2107 2375/2060/2115
f 2376/2046/2116 2377/2039/2117 2374/2047/2114
f 2374/2047/2114 2377/2039/2117 2378/2048/2118
f 2378/2048/2118 2377/2039/2117 2379/2037/2119
f 2379/2037/2119 2380/2049/2120 2378/2048/2118
f 2380/2049/2120 2379/2037/2119 2381/2050/2121
f 2382/2051/2122 2381/2050/2121 2379/2037/2119
f 2382/2051/2122 2379/2037/2119 2383/2052/2123
f 2379/2037/2119 2377/2039/2117 2384/2038/2124
f 2384/2038/2124 2383/2052/2123 2379/2037/2119
f 2383/2052/2123 2384/2038/2124 2313/2044/2057
f 2376/2046/2116 2384/2038/2124 2377/2039/2117
f 2385/2045/2125 2375/2060/2115 2323/2059/2067
f 2375/2060/2115 2385/2045/2125 2376/2046/2116
f 2384/2038/2124 2376/2046/2116 2385/2045/2125
f 2323/2059/2067 2312/2040/2056 2385/2045/2125
f 2385/2045/2125 2313/2044/2057 2384/2038/2124
f 2313/2044/2057 2385/2045/2125 2312/2040/2056
f 2386/2100/2126 2387/2101/2127 2388/2102/2128
f 2389/2103/2129 2388/2102/2128 2387/2101/2127
f 2387/2101/2127 2390/2104/2130 2389/2103/2129
f 2391/2105/2131 2389/2103/2129 2390/2104/2130
f 2392/2106/1885 2393/2107/2132 2394/2108/1928
f 2392/2106/1885 2395/2109/1883 2396/2110/2133
f 2392/2106/1885 2396/2110/2133 2393/2107/2132
f 2397/2111/2134 2393/2107/2132 2396/2110/2133
f 2397/2111/2134 2396/2110/2133 2398/2112/2135
f 2399/2113/2136 2400/2114/2137 2401/2115/2138
f 2400/2114/2137 2399/2113/2136 2402/2116/2139
f 2403/2117/2140 2402/2116/2139 2399/2113/2136
f 2403/2117/2140 2404/2118/2141 2402/2116/2139
f 2404/2118/2141 2403/2117/2140 2398/2112/2135
f 2405/2119/2142 2398/2112/2135 2396/2110/2133
f 2405/2119/2142 2404/2118/2141 2398/2112/2135
f 2406/2120/2143 2396/2110/2133 2395/2109/1883
f 2396/2110/2133 2406/2120/2143 2405/2119/2142
f 2395/2109/1883 2407/2121/2144 2406/2120/2143
f 2407/2121/2144 2395/2109/1883 2408/2122/2145
f 2409/2123/2146 2402/2116/2139 2404/2118/2141
f 2410/2124/2147 2406/2120/2143 2407/2121/2144
f 2410/2124/2147 2411/2125/2148 2406/2120/2143
f 2409/2123/2146 2411/2125/2148 2402/2116/2139
f 2405/2119/2142 2412/2126/2149 2404/2118/2141
f 2409/2123/2146 2404/2118/2141 2412/2126/2149
f 2409/2123/2146 2412/2126/2149 2411/2125/2148
f 2412/2126/2149 2405/2119/2142 2406/2120/2143
f 2412/2126/2149 2406/2120/2143 2411/2125/2148
f 2402/2116/2139 2413/2127/2150 2400/2114/2137
f 2413/2127/2150 2402/2116/2139 2411/2125/2148
f 2414/2128/2151 2400/2114/2137 2413/2127/2150
f 2400/2114/2137 2414/2128/2151 2415/2129/2152
f 2415/2129/2152 2401/2115/2138 2400/2114/2137
f 2416/2130/2153 2415/2129/2152 2414/2128/2151
f 2415/2129/2152 2416/2130/2153 2417/2131/2154
f 2418/2132/2155 2417/2131/2154 2416/2130/2153
f 2417/2131/2154 2418/2132/2155 2419/2133/2156
f 2420/2134/2157 2419/2133/2156 2418/2132/2155
f 2419/2133/2156 2420/2134/2157 2421/2135/2158
f 2422/2136/2159 2421/2135/2158 2420/2134/2157
f 2421/2135/2158 2422/2136/2159 2423/2137/2160
f 2424/2138/2161 2423/2137/2160 2422/2136/2159
f 2425/2139/2162 2426/2140/2048 2427/2141/2163
f 2428/2142/2164 2427/2141/2163 2426/2140/2048
f 2426/2140/2048 2429/2143/2038 2428/2142/2164
f 2429/2143/2038 2430/2144/2030 2428/2142/2164
f 2430/2144/2030 2431/2145/2165 2428/2142/2164
f 2423/2137/2160 2424/2138/2161 2432/2146/2166
f 2428/2142/2164 2431/2145/2165 2432/2146/2166
f 2432/2146/2166 2433/2147/2167 2423/2137/2160
f 2433/2147/2167 2432/2146/2166 2431/2145/2165
f 2434/2148/2168 2423/2137/2160 2433/2147/2167
f 2423/2137/2160 2434/2148/2168 2421/2135/2158
f 2421/2135/2158 2435/2149/2169 2419/2133/2156
f 2435/2149/2169 2421/2135/2158 2434/2148/2168
f 2419/2133/2156 2436/2150/2170 2417/2131/2154
f 2436/2150/2170 2419/2133/2156 2435/2149/2169
f 2417/2131/2154 2437/2151/2171 2415/2129/2152
f 2437/2151/2171 2417/2131/2154 2436/2150/2170
f 2401/2115/2138 2415/2129/2152 2437/2151/2171
f 2432/2146/2166 2438/2152/2172 2428/2142/2164
f 2427/2141/2163 2428/2142/2164 2438/2152/2172
f 2438/2152/2172 2432/2146/2166 2424/2138/2161
f 2439/2153/2173 2440/2154/2174 2430/2144/2030
f 2431/2145/2165 2430/2144/2030 2440/2154/2174
f 2433/2147/2167 2431/2145/2165 2441/2155/2175
f 2440/2154/2174 2441/2155/2175 2431/2145/2165
f 2434/2148/2168 2433/2147/2167 2442/2156/2176
f 2441/2155/2175 2442/2156/2176 2433/2147/2167
f 2442/2156/2176 2443/2157/2177 2434/2148/2168
f 2435/2149/2169 2434/2148/2168 2443/2157/2177
f 2436/2150/2170 2435/2149/2169 2444/2158/2178
f 2443/2157/2177 2444/2158/2178 2435/2149/2169
f 2437/2151/2171 2436/2150/2170 2445/2159/2179
f 2444/2158/2178 2445/2159/2179 2436/2150/2170
f 2401/2115/2138 2437/2151/2171 2446/2160/2180
f 2445/2159/2179 2446/2160/2180 2437/2151/2171
f 2446/2160/2180 2447/2161/2181 2401/2115/2138
f 2399/2113/2136 2401/2115/2138 2447/2161/2181
f 2403/2117/2140 2399/2113/2136 2448/2162/2182
f 2448/2162/2182 2398/2112/2135 2403/2117/2140
f 2447/2161/2181 2448/2162/2182 2399/2113/2136
f 2449/2163/2183 2450/2164/2184 2451/2165/2185
f 2452/2166/2186 2449/2163/2183 2451/2165/2185
f 2453/2167/2187 2452/2166/2186 2451/2165/2185
f 2454/2168/2188 2455/2169/2189 2456/2170/2190
f 2455/2169/2189 2457/2171/2130 2456/2170/2190
f 2456/2170/2190 2457/2171/2130 2458/2172/2191
f 2459/2173/2192 2458/2172/2191 2457/2171/2130
f 2460/2174/2193 2457/2171/2130 2455/2169/2189
f 2461/2175/2194 2457/2171/2130 2460/2174/2193
f 2462/2176/2195 2461/2175/2194 2460/2174/2193
f 2463/2177/2196 2458/2172/2191 2459/2173/2192
f 2464/2178/2197 2458/2172/2191 2463/2177/2196
f 2465/2179/2198 2463/2177/2196 2459/2173/2192
f 2466/2180/2199 2465/2179/2198 2459/2173/2192
f 2467/2181/2200 2465/2179/2198 2466/2180/2199
f 2467/2181/2200 2468/2182/2201 2465/2179/2198
f 2469/2183/2202 2465/2179/2198 2468/2182/2201
f 2468/2182/2201 2470/2184/2203 2469/2183/2202
f 2471/2185/2204 2469/2183/2202 2470/2184/2203
f 2470/2184/2203 2472/2186/2205 2471/2185/2204
f 2473/2187/2206 2471/2185/2204 2472/2186/2205
f 2472/2186/2205 2474/2188/2207 2473/2187/2206
f 2475/2189/2208 2473/2187/2206 2474/2188/2207
f 2474/2188/2207 2476/2190/2209 2475/2189/2208
f 2477/2191/2210 2475/2189/2208 2476/2190/2209
f 2476/2190/2209 2478/2192/2211 2477/2191/2210
f 2479/2193/2212 2477/2191/2210 2478/2192/2211
f 2478/2192/2211 2480/2194/2213 2479/2193/2212
f 2481/2195/2214 2479/2193/2212 2480/2194/2213
f 2480/2194/2213 2482/2196/2215 2481/2195/2214
f 2483/2197/2216 2481/2195/2214 2482/2196/2215
f 2482/2196/2215 2484/2198/2217 2483/2197/2216
f 2485/2199/2218 2483/2197/2216 2484/2198/2217
f 2484/2198/2217 2486/2200/2219 2485/2199/2218
f 2487/2201/2220 2485/2199/2218 2486/2200/2219
f 2486/2200/2219 2488/2202/2221 2487/2201/2220
f 2489/2203/2222 2487/2201/2220 2488/2202/2221
f 2488/2202/2221 2490/2204/2223 2489/2203/2222
f 2491/2205/2224 2489/2203/2222 2490/2204/2223
f 2490/2204/2223 2492/2206/2225 2491/2205/2224
f 2493/2207/2226 2491/2205/2224 2492/2206/2225
f 2492/2206/2225 2494/2208/2227 2493/2207/2226
f 2495/2209/2228 2493/2207/2226 2494/2208/2227
f 2494/2208/2227 2496/2210/2229 2495/2209/2228
f 2497/2211/2230 2495/2209/2228 2496/2210/2229
f 2496/2210/2229 2498/2212/2231 2497/2211/2230
f 2499/2213/2232 2497/2211/2230 2498/2212/2231
f 2498/2212/2231 2500/2214/2233 2499/2213/2232
f 2501/2215/2234 2499/2213/2232 2500/2214/2233
f 2500/2214/2233 2502/2216/2235 2501/2215/2234
f 2503/2217/2236 2501/2215/2234 2502/2216/2235
f 2503/2217/2236 2502/2216/2235 2504/2218/2237
f 2505/2219/2238 2503/2217/2236 2504/2218/2237
f 2504/2218/2237 2506/2220/2239 2505/2219/2238
f 2507/2221/2240 2505/2219/2238 2506/2220/2239
f 2506/2220/2239 2508/2222/2241 2507/2221/2240
f 2506/2220/2239 2509/2223/2242 2508/2222/2241
f 2506/2220/2239 2504/2218/2237 2509/2223/2242
f 2510/2224/2243 2508/2222/2241 2509/2223/2242
f 2509/2223/2242 2504/2218/2237 2511/2225/2244
f 2509/2223/2242 2511/2225/2244 2510/2224/2243
f 2512/2226/2245 2510/2224/2243 2511/2225/2244
f 2504/2218/2237 2513/2227/2246 2511/2225/2244
f 2504/2218/2237 2502/2216/2235 2513/2227/2246
f 2514/2228/2247 2507/2221/2240 2508/2222/2241
f 2515/2229/2248 2516/2230/2132 2517/2231/1932
f 2517/2231/1932 2516/2230/2132 2518/2232/1934
f 2516/2230/2132 2519/2233/2249 2518/2232/1934
f 2520/2234/2250 2519/2233/2249 2516/2230/2132
f 2519/2233/2249 2520/2234/2250 2511/2225/2244
f 2512/2226/2245 2511/2225/2244 2520/2234/2250
f 2520/2234/2250 2521/2234/1906 2512/2226/2245
f 2522/2226/2251 2512/2226/2245 2521/2234/1906
f 2521/2234/1906 2523/2235/2252 2522/2226/2251
f 2523/2235/2252 2521/2234/1906 2524/2236/2253
f 2525/2237/2254 2522/2226/2251 2523/2235/2252
f 2526/2238/2255 2518/2232/1934 2519/2233/2249
f 2527/2239/1905 2528/2240/2256 2529/2241/2257
f 2527/2239/1905 2529/2241/2257 2521/2234/1906
f 2530/2242/2258 2531/2243/2259 2532/2244/2260
f 2533/2245/2261 2531/2243/2259 2530/2242/2258
f 2533/2245/2261 2534/2246/2262 2531/2243/2259
f 2535/2247/2263 2531/2243/2259 2534/2246/2262
f 2534/2246/2262 2536/2248/2264 2535/2247/2263
f 2537/2249/2265 2535/2247/2263 2536/2248/2264
f 2537/2249/2265 2536/2248/2264 2538/2250/2266
f 2539/2251/2267 2538/2250/2266 2536/2248/2264
f 2540/2252/2268 2539/2251/2267 2528/2240/2256
f 2538/2250/2266 2539/2251/2267 2540/2252/2268
f 2541/2253/2269 2528/2240/2256 2539/2251/2267
f 2541/2253/2269 2529/2241/2257 2528/2240/2256
f 2542/2254/2270 2521/2234/1906 2529/2241/2257
f 2529/2241/2257 2541/2253/2269 2542/2254/2270
f 2524/2236/2253 2521/2234/1906 2543/2255/2271
f 2543/2255/2271 2521/2234/1906 2542/2254/2270
f 2543/2255/2271 2544/2256/2272 2524/2236/2253
f 2545/2257/2273 2524/2236/2253 2544/2256/2272
f 2524/2236/2253 2545/2257/2273 2523/2235/2252
f 2544/2256/2272 2543/2255/2271 2546/2258/2274
f 2546/2258/2274 2542/2254/2270 2541/2253/2269
f 2542/2254/2270 2546/2258/2274 2543/2255/2271
f 2547/2259/2275 2548/2260/2276 2531/2243/2259
f 2531/2243/2259 2548/2260/2276 2532/2244/2260
f 2549/2261/2277 2550/2262/2278 2548/2260/2276
f 2551/2263/2279 2552/2264/2280 2550/2262/2278
f 2553/2265/2281 2554/2266/2282 2552/2264/2280
f 2555/2267/2283 2556/2268/2284 2557/2269/2285
f 2558/2270/2286 2556/2268/2284 2555/2267/2283
f 2559/2271/2287 2556/2268/2284 2558/2270/2286
f 2559/2271/2287 2560/2272/2288 2556/2268/2284
f 2554/2266/2282 2560/2272/2288 2561/2273/2289
f 2561/2273/2289 2560/2272/2288 2559/2271/2287
f 2562/2274/2290 2554/2266/2282 2561/2273/2289
f 2563/2275/2291 2554/2266/2282 2562/2274/2290
f 2552/2264/2280 2554/2266/2282 2563/2275/2291
f 2564/2276/2292 2552/2264/2280 2563/2275/2291
f 2550/2262/2278 2552/2264/2280 2565/2277/2293
f 2565/2277/2293 2552/2264/2280 2564/2276/2292
f 2566/2278/2294 2550/2262/2278 2565/2277/2293
f 2567/2279/2295 2550/2262/2278 2566/2278/2294
f 2532/2244/2260 2548/2260/2276 2568/2280/2296
f 2568/2280/2296 2548/2260/2276 2550/2262/2278
f 2568/2280/2296 2550/2262/2278 2567/2279/2295
f 2569/2281/2297 2556/2268/2284 2560/2272/2288
f 2570/2282/2298 2560/2272/2288 2554/2266/2282
f 2571/2283/2299 2572/2284/2300 2573/2285/2301
f 2572/2284/2300 2574/2286/2302 2573/2285/2301
f 2573/2285/2301 2574/2286/2302 2575/2287/2303
f 2575/2287/2303 2574/2286/2302 2576/2288/2304
f 2576/2288/2304 2574/2286/2302 2577/2289/2305
f 2578/2290/2306 2520/2234/2250 2516/2230/2132
f 2579/2291/2307 2578/2290/2306 2516/2230/2132
f 2579/2291/2307 2580/2292/2308 2578/2290/2306
f 2574/2286/2302 2578/2290/2306 2580/2292/2308
f 2580/2292/2308 2581/2293/2309 2574/2286/2302
f 2581/2293/2309 2577/2289/2305 2574/2286/2302
f 2582/2294/2310 2577/2289/2305 2581/2293/2309
f 2583/2295/2311 2574/2286/2302 2572/2284/2300
f 2584/2296/2036 2574/2286/2302 2583/2295/2311
f 2585/2297/2312 2584/2296/2036 2583/2295/2311
f 2586/2298/2313 2585/2297/2312 2583/2295/2311
f 2587/2299/2314 2588/2300/2315 2589/2301/2316
f 2588/2300/2315 2587/2299/2314 2590/2302/2317
f 2591/2303/2318 2590/2302/2317 2587/2299/2314
f 2590/2302/2317 2591/2303/2318 2592/2304/2319
f 2593/2305/2320 2592/2304/2319 2591/2303/2318
f 2592/2304/2319 2593/2305/2320 2594/2306/2321
f 2595/2307/2322 2594/2306/2321 2593/2305/2320
f 2594/2306/2321 2595/2307/2322 2596/2308/2323
f 2597/2309/2324 2596/2308/2323 2595/2307/2322
f 2596/2308/2323 2597/2309/2324 2598/2310/2325
f 2599/2311/2326 2598/2310/2325 2597/2309/2324
f 2598/2310/2325 2599/2311/2326 2600/2312/2327
f 2601/2313/2328 2600/2312/2327 2599/2311/2326
f 2600/2312/2327 2601/2313/2328 2602/2314/2329
f 2603/2315/2330 2604/2316/2331 2589/2301/2316
f 2604/2316/2331 2603/2315/2330 2605/2317/2332
f 2589/2301/2316 2606/2318/2333 2587/2299/2314
f 2606/2318/2333 2589/2301/2316 2604/2316/2331
f 2607/2319/2334 2587/2299/2314 2606/2318/2333
f 2587/2299/2314 2607/2319/2334 2591/2303/2318
f 2591/2303/2318 2608/2320/2335 2593/2305/2320
f 2608/2320/2335 2591/2303/2318 2607/2319/2334
f 2593/2305/2320 2609/2321/2336 2595/2307/2322
f 2609/2321/2336 2593/2305/2320 2608/2320/2335
f 2595/2307/2322 2610/2322/2337 2597/2309/2324
f 2610/2322/2337 2595/2307/2322 2609/2321/2336
f 2611/2323/2338 2597/2309/2324 2610/2322/2337
f 2597/2309/2324 2611/2323/2338 2599/2311/2326
f 2612/2324/2339 2599/2311/2326 2611/2323/2338
f 2599/2311/2326 2612/2324/2339 2601/2313/2328
f 2613/2325/2340 2601/2313/2328 2612/2324/2339
f 2601/2313/2328 2613/2325/2340 2614/2326/2341
f 2614/2326/2341 2602/2314/2329 2601/2313/2328
f 2615/2327/2342 2614/2326/2341 2613/2325/2340
f 2614/2326/2341 2615/2327/2342 2616/2328/2343
f 2617/2329/2344 2616/2328/2343 2615/2327/2342
f 2616/2328/2343 2617/2329/2344 2618/2330/2345
f 2619/2331/2346 2618/2330/2345 2617/2329/2344
f 2618/2330/2345 2619/2331/2346 2620/2332/2347
f 2621/2333/2348 2620/2332/2347 2619/2331/2346
f 2620/2332/2347 2621/2333/2348 2622/2334/2349
f 2623/2335/2350 2622/2334/2349 2621/2333/2348
f 2622/2334/2349 2623/2335/2350 2624/2336/2351
f 2625/2337/2352 2624/2336/2351 2623/2335/2350
f 2624/2336/2351 2625/2337/2352 2626/2338/2353
f 2627/2339/2354 2626/2338/2353 2625/2337/2352
f 2626/2338/2353 2627/2339/2354 2628/2340/2355
f 2629/2341/2356 2628/2340/2355 2627/2339/2354
f 2628/2340/2355 2629/2341/2356 2630/2342/2357
f 2630/2342/2357 2605/2317/2332 2603/2315/2330
f 2605/2317/2332 2630/2342/2357 2629/2341/2356
f 2618/2330/2345 2631/2343/2358 2616/2328/2343
f 2620/2332/2347 2632/2344/2359 2618/2330/2345
f 2631/2343/2358 2618/2330/2345 2632/2344/2359
f 2622/2334/2349 2633/2345/2360 2620/2332/2347
f 2632/2344/2359 2620/2332/2347 2633/2345/2360
f 2624/2336/2351 2634/2346/2361 2622/2334/2349
f 2633/2345/2360 2622/2334/2349 2634/2346/2361
f 2626/2338/2353 2635/2347/2362 2624/2336/2351
f 2634/2346/2361 2624/2336/2351 2635/2347/2362
f 2628/2340/2355 2636/2348/2363 2626/2338/2353
f 2635/2347/2362 2626/2338/2353 2636/2348/2363
f 2630/2342/2357 2637/2349/2364 2628/2340/2355
f 2636/2348/2363 2628/2340/2355 2637/2349/2364
f 2603/2315/2330 2638/2350/2365 2630/2342/2357
f 2637/2349/2364 2630/2342/2357 2638/2350/2365
f 2638/2350/2365 2603/2315/2330 2639/2351/2366
f 2639/2351/2366 2589/2301/2316 2588/2300/2315
f 2589/2301/2316 2639/2351/2366 2603/2315/2330
f 2638/2350/2365 2640/2352/2367 2637/2349/2364
f 2640/2352/2367 2638/2350/2365 2641/2353/2368
f 2639/2351/2366 2641/2353/2368 2638/2350/2365
f 2642/2354/2369 2637/2349/2364 2640/2352/2367
f 2637/2349/2364 2642/2354/2369 2636/2348/2363
f 2636/2348/2363 2643/2355/2370 2635/2347/2362
f 2643/2355/2370 2636/2348/2363 2642/2354/2369
f 2635/2347/2362 2644/2356/2371 2634/2346/2361
f 2644/2356/2371 2635/2347/2362 2643/2355/2370
f 2634/2346/2361 2645/2357/2372 2633/2345/2360
f 2645/2357/2372 2634/2346/2361 2644/2356/2371
f 2633/2345/2360 2646/2358/2373 2632/2344/2359
f 2646/2358/2373 2633/2345/2360 2645/2357/2372
f 2647/2359/2374 2632/2344/2359 2646/2358/2373
f 2632/2344/2359 2647/2359/2374 2631/2343/2358
f 2648/2360/2375 2631/2343/2358 2647/2359/2374
f 2602/2314/2329 2614/2326/2341 2649/2361/2376
f 2631/2343/2358 2648/2360/2375 2649/2361/2376
f 2616/2328/2343 2649/2361/2376 2614/2326/2341
f 2649/2361/2376 2616/2328/2343 2631/2343/2358
f 2649/2361/2376 2650/2362/2377 2602/2314/2329
f 2650/2362/2377 2649/2361/2376 2648/2360/2375
f 2648/2360/2375 2651/2363/2378 2650/2362/2377
f 2647/2359/2374 2652/2364/2379 2648/2360/2375
f 2651/2363/2378 2648/2360/2375 2652/2364/2379
f 2646/2358/2373 2653/2365/2380 2647/2359/2374
f 2652/2364/2379 2647/2359/2374 2653/2365/2380
f 2645/2357/2372 2654/2366/2381 2646/2358/2373
f 2653/2365/2380 2646/2358/2373 2654/2366/2381
f 2654/2366/2381 2645/2357/2372 2655/2367/2382
f 2644/2356/2371 2655/2367/2382 2645/2357/2372
f 2643/2355/2370 2656/2368/2383 2644/2356/2371
f 2655/2367/2382 2644/2356/2371 2656/2368/2383
f 2642/2354/2369 2657/2369/2384 2643/2355/2370
f 2656/2368/2383 2643/2355/2370 2657/2369/2384
f 2640/2352/2367 2658/2370/2385 2642/2354/2369
f 2657/2369/2384 2642/2354/2369 2658/2370/2385
f 2659/2371/2386 2602/2314/2329 2650/2362/2377
f 2602/2314/2329 2659/2371/2386 2600/2312/2327
f 2659/2371/2386 2660/2372/2387 2661/2373/2388
f 2661/2373/2388 2600/2312/2327 2659/2371/2386
f 2600/2312/2327 2661/2373/2388 2598/2310/2325
f 2660/2372/2387 2659/2371/2386 2662/2374/2389
f 2650/2362/2377 2662/2374/2389 2659/2371/2386
f 2662/2374/2389 2650/2362/2377 2651/2363/2378
f 2598/2310/2325 2663/2375/2390 2596/2308/2323
f 2663/2375/2390 2598/2310/2325 2661/2373/2388
f 2664/2376/2391 2596/2308/2323 2663/2375/2390
f 2596/2308/2323 2664/2376/2391 2594/2306/2321
f 2594/2306/2321 2665/2377/2392 2592/2304/2319
f 2665/2377/2392 2594/2306/2321 2664/2376/2391
f 2592/2304/2319 2666/2378/2393 2590/2302/2317
f 2666/2378/2393 2592/2304/2319 2665/2377/2392
f 2590/2302/2317 2667/2379/2394 2588/2300/2315
f 2667/2379/2394 2590/2302/2317 2666/2378/2393
f 2641/2353/2368 2639/2351/2366 2668/2380/2395
f 2588/2300/2315 2668/2380/2395 2639/2351/2366
f 2668/2380/2395 2588/2300/2315 2667/2379/2394
f 2658/2370/2385 2640/2352/2367 2669/2381/2396
f 2641/2353/2368 2669/2381/2396 2640/2352/2367
f 2669/2381/2396 2641/2353/2368 2670/2382/2397
f 2668/2380/2395 2670/2382/2397 2641/2353/2368
f 2667/2379/2394 2671/2383/2398 2668/2380/2395
f 2670/2382/2397 2668/2380/2395 2671/2383/2398
f 2666/2378/2393 2672/2384/2399 2667/2379/2394
f 2671/2383/2398 2667/2379/2394 2672/2384/2399
f 2665/2377/2392 2673/2385/2400 2666/2378/2393
f 2672/2384/2399 2666/2378/2393 2673/2385/2400
f 2673/2385/2400 2665/2377/2392 2674/2386/2401
f 2664/2376/2391 2674/2386/2401 2665/2377/2392
f 2663/2375/2390 2675/2387/2402 2664/2376/2391
f 2674/2386/2401 2664/2376/2391 2675/2387/2402
f 2676/2388/2403 2661/2373/2388 2660/2372/2387
f 2661/2373/2388 2676/2388/2403 2663/2375/2390
f 2675/2387/2402 2663/2375/2390 2676/2388/2403
f 2677/2389/2404 2678/2390/2405 2679/2391/2406
f 2525/2237/2254 2679/2391/2406 2678/2390/2405
f 2523/2235/2252 2680/2392/2407 2525/2237/2254
f 2680/2392/2407 2523/2235/2252 2545/2257/2273
f 2681/2393/2408 2679/2391/2406 2525/2237/2254
f 2680/2392/2407 2681/2393/2408 2525/2237/2254
f 2679/2391/2406 2681/2393/2408 2682/2394/2409
f 2682/2394/2409 2681/2393/2408 2683/2395/2410
f 2681/2393/2408 2684/2396/2411 2683/2395/2410
f 2556/2268/2284 2685/2397/2412 2557/2269/2285
f 2683/2395/2410 2684/2396/2411 2685/2397/2412
f 2686/2398/2413 2557/2269/2285 2685/2397/2412
f 2686/2398/2413 2685/2397/2412 2684/2396/2411
f 2687/2399/2414 2685/2397/2412 2556/2268/2284
f 2688/2400/2415 2687/2399/2414 2556/2268/2284
f 2689/2401/2416 2690/2402/2292 2691/2403/2417
f 2691/2403/2417 2692/2404/2418 2689/2401/2416
f 2693/2405/2294 2689/2401/2416 2692/2404/2418
f 2692/2404/2418 2694/2406/2419 2693/2405/2294
f 2695/2407/2420 2693/2405/2294 2694/2406/2419
f 2694/2406/2419 2696/2408/2421 2695/2407/2420
f 2697/2409/2422 2695/2407/2420 2696/2408/2421
f 2696/2408/2421 2698/2410/2423 2697/2409/2422
f 2699/2411/2424 2697/2409/2422 2698/2410/2423
f 2698/2410/2423 2700/2412/2425 2699/2411/2424
f 2701/2413/2426 2699/2411/2424 2700/2412/2425
f 2700/2412/2425 2702/2414/2427 2701/2413/2426
f 2703/2415/2428 2701/2413/2426 2702/2414/2427
f 2703/2415/2428 2702/2414/2427 2704/2416/2429
f 2704/2416/2429 2702/2414/2427 2705/2417/2264
f 2706/2418/2430 2705/2417/2264 2702/2414/2427
f 2707/2419/2431 2705/2417/2264 2706/2418/2430
f 2707/2419/2431 2708/2420/2432 2705/2417/2264
f 2709/2421/2267 2705/2417/2264 2708/2420/2432
f 2708/2420/2432 2710/2422/2433 2709/2421/2267
f 2711/2423/2434 2709/2421/2267 2710/2422/2433
f 2711/2423/2434 2710/2422/2433 2712/2424/2435
f 2713/2425/2436 2712/2424/2435 2710/2422/2433
f 2712/2424/2435 2713/2425/2436 2714/2426/2437
f 2715/2427/2438 2714/2426/2437 2713/2425/2436
f 2714/2426/2437 2715/2427/2438 2716/2428/2439
f 2717/2429/2440 2716/2428/2439 2715/2427/2438
f 2717/2429/2440 2718/2430/2441 2716/2428/2439
f 2719/2431/2442 2716/2428/2439 2718/2430/2441
f 2718/2430/2441 2720/2432/2443 2719/2431/2442
f 2721/2433/2408 2719/2431/2442 2720/2432/2443
f 2720/2432/2443 2722/2434/2444 2721/2433/2408
f 2723/2435/2445 2721/2433/2408 2722/2434/2444
f 2722/2434/2444 2724/2436/2446 2723/2435/2445
f 2725/2437/2447 2723/2435/2445 2724/2436/2446
f 2724/2436/2446 2726/2438/2448 2725/2437/2447
f 2727/2439/2449 2725/2437/2447 2726/2438/2448
f 2726/2438/2448 2728/2440/2450 2727/2439/2449
f 2729/2441/2451 2727/2439/2449 2728/2440/2450
f 2728/2440/2450 2730/2442/2452 2729/2441/2451
f 2731/2443/2453 2729/2441/2451 2730/2442/2452
f 2730/2442/2452 2732/2444/2454 2731/2443/2453
f 2733/2445/2455 2731/2443/2453 2732/2444/2454
f 2732/2444/2454 2734/2446/2456 2733/2445/2455
f 2735/2447/2457 2733/2445/2455 2734/2446/2456
f 2734/2446/2456 2736/2448/2458 2735/2447/2457
f 2737/2449/2459 2735/2447/2457 2736/2448/2458
f 2736/2448/2458 2738/2450/2460 2737/2449/2459
f 2739/2451/2461 2737/2449/2459 2738/2450/2460
f 2690/2402/2292 2739/2451/2461 2740/2452/2462
f 2740/2452/2462 2691/2403/2417 2690/2402/2292
f 2738/2450/2460 2740/2452/2462 2739/2451/2461
f 2741/2453/2463 2742/2454/2387 2743/2455/2464
f 2744/2456/2383 2745/2457/2465 2746/2458/2466
f 2746/2458/2466 2745/2457/2465 2747/2459/2467
f 2747/2459/2467 2748/2456/2398 2742/2454/2387
f 2745/2457/2465 2748/2456/2398 2747/2459/2467
f 2748/2456/2398 2749/1988/2400 2742/2454/2387
f 2742/2454/2387 2749/1988/2400 2743/2455/2464
f 2743/2455/2464 2749/1988/2400 2750/2459/2401
f 2751/1988/2381 2746/2458/2466 2747/2459/2467
f 2752/2458/2468 2749/1988/2400 2748/2456/2398
f 2753/2460/2469 2748/2456/2398 2745/2457/2465
f 2754/2460/2385 2753/2460/2469 2745/2457/2465
f 2755/2457/2470 2748/2456/2398 2753/2460/2469
f 2756/2453/2471 2747/2459/2467 2742/2454/2387
f 2757/2454/2472 2756/2453/2471 2742/2454/2387
f 2758/2455/2473 2747/2459/2467 2756/2453/2471
f 2759/2461/2474 2760/2462/2475 2761/2463/2476
f 2762/2464/2477 2763/2465/2478 2764/2466/2479
f 2764/2466/2479 2763/2465/2478 2760/2462/2475
f 2763/2465/2478 2765/2464/2480 2760/2462/2475
f 2761/2463/2476 2760/2462/2475 2766/2467/2481
f 2760/2462/2475 2765/2464/2480 2766/2467/2481
f 2767/2467/2482 2761/2463/2476 2766/2467/2481
f 2768/2468/2483 2764/2466/2479 2760/2462/2475
f 2769/2469/2484 2765/2464/2480 2763/2465/2478
f 2770/2469/2485 2769/2469/2484 2763/2465/2478
f 2771/2465/2486 2765/2464/2480 2769/2469/2484
f 2765/2464/2480 2772/2470/2487 2773/2466/2488
f 2772/2470/2487 2765/2464/2480 2774/2471/2489
f 2771/2465/2486 2774/2471/2489 2765/2464/2480
f 2769/2469/2484 2775/2472/2490 2771/2465/2486
f 2774/2471/2489 2771/2465/2486 2775/2472/2490
f 2770/2469/2485 2776/2472/2491 2769/2469/2484
f 2775/2472/2490 2769/2469/2484 2776/2472/2491
f 2776/2472/2491 2770/2469/2485 2777/2471/2492
f 2763/2465/2478 2777/2471/2492 2770/2469/2485
f 2762/2464/2477 2778/2470/2493 2763/2465/2478
f 2777/2471/2492 2763/2465/2478 2778/2470/2493
f 2764/2466/2479 2779/2473/2494 2762/2464/2477
f 2778/2470/2493 2762/2464/2477 2779/2473/2494
f 2779/2473/2494 2764/2466/2479 2780/2474/2495
f 2768/2468/2483 2780/2474/2495 2764/2466/2479
f 2760/2462/2475 2781/2475/2496 2768/2468/2483
f 2780/2474/2495 2768/2468/2483 2781/2475/2496
f 2759/2461/2474 2782/2476/2497 2760/2462/2475
f 2781/2475/2496 2760/2462/2475 2782/2476/2497
f 2782/2476/2497 2759/2461/2474 2783/2477/2498
f 2761/2463/2476 2783/2477/2498 2759/2461/2474
f 2767/2467/2482 2784/2478/2499 2761/2463/2476
f 2783/2477/2498 2761/2463/2476 2784/2478/2499
f 2766/2467/2481 2785/2478/2500 2767/2467/2482
f 2784/2478/2499 2767/2467/2482 2785/2478/2500
f 2785/2478/2500 2766/2467/2481 2786/2477/2501
f 2787/2463/2502 2786/2477/2501 2766/2467/2481
f 2786/2477/2501 2787/2463/2502 2788/2476/2503
f 2789/2461/2504 2788/2476/2503 2787/2463/2502
f 2787/2463/2502 2766/2467/2481 2789/2461/2504
f 2788/2476/2503 2789/2461/2504 2790/2475/2505
f 2791/2462/2506 2790/2475/2505 2789/2461/2504
f 2790/2475/2505 2791/2462/2506 2792/2474/2507
f 2765/2464/2480 2793/2468/2508 2766/2467/2481
f 2766/2467/2481 2793/2468/2508 2789/2461/2504
f 2789/2461/2504 2793/2468/2508 2791/2462/2506
f 2793/2468/2508 2792/2474/2507 2791/2462/2506
f 2773/2466/2488 2793/2468/2508 2765/2464/2480
f 2773/2466/2488 2794/2473/2509 2793/2468/2508
f 2792/2474/2507 2793/2468/2508 2794/2473/2509
f 2794/2473/2509 2773/2466/2488 2772/2470/2487
f 2795/2479/2510 2796/2480/2511 2797/2481/2512
f 2798/2482/2513 2797/2481/2512 2796/2480/2511
f 2797/2481/2512 2799/2483/2514 2795/2479/2510
f 2799/2483/2514 2800/2484/2515 2795/2479/2510
f 2799/2483/2514 2797/2481/2512 2801/2485/1861
f 2797/2481/2512 2798/2482/2513 2802/2486/1860
f 2802/2486/1860 2801/2485/1861 2797/2481/2512
f 2803/2487/1859 2802/2486/1860 2798/2482/2513
f 2803/2487/1859 2798/2482/2513 2804/2488/1858
f 2805/2489/2516 2804/2488/1858 2798/2482/2513
f 2798/2482/2513 2796/2480/2511 2805/2489/2516
f 2795/2479/2510 2806/2490/2517 2796/2480/2511
f 2800/2484/2515 2806/2490/2517 2795/2479/2510
f 2806/2490/2517 2805/2489/2516 2796/2480/2511
f 2800/2484/2515 2807/2491/2518 2806/2490/2517
f 2808/2492/2519 2806/2490/2517 2807/2491/2518
f 2809/2493/2520 2808/2492/2519 2807/2491/2518
f 2810/2494/2521 2808/2492/2519 2809/2493/2520
f 2810/2494/2521 2809/2493/2520 2811/2495/2522
f 2812/2496/2523 2811/2495/2522 2809/2493/2520
f 2812/2496/2523 2809/2493/2520 2813/2497/2524
f 2814/2498/2525 2813/2497/2524 2809/2493/2520
f 2814/2498/2525 2809/2493/2520 2807/2491/2518
f 2813/2497/2524 2814/2498/2525 2815/2499/2526
f 2816/2500/2527 2814/2498/2525 2807/2491/2518
f 2816/2500/2527 2815/2499/2526 2814/2498/2525
f 2817/2501/2528 2818/2502/2529 2819/2503/2530
f 2820/2504/2531 2821/2505/2532 2822/2506/2533
f 2822/2506/2533 2821/2505/2532 2823/2507/2534
f 2823/2507/2534 2824/2508/2535 2818/2502/2529
f 2821/2505/2532 2824/2508/2535 2823/2507/2534
f 2818/2502/2529 2825/2509/2536 2819/2503/2530
f 2824/2508/2535 2825/2509/2536 2818/2502/2529
f 2819/2503/2530 2825/2509/2536 2826/2510/2537
f 2827/2511/2538 2822/2506/2533 2823/2507/2534
f 2828/2512/2539 2825/2509/2536 2824/2508/2535
f 2829/2513/2540 2824/2508/2535 2821/2505/2532
f 2830/2514/2541 2829/2513/2540 2821/2505/2532
f 2831/2515/2542 2824/2508/2535 2829/2513/2540
f 2832/2516/2543 2823/2507/2534 2818/2502/2529
f 2833/2517/2544 2832/2516/2543 2818/2502/2529
f 2834/2518/2545 2823/2507/2534 2832/2516/2543
f 2835/2519/2546 2836/2520/2547 2837/2521/2548
f 2837/2521/2548 2838/2522/2549 2835/2519/2546
f 2838/2522/2549 2837/2521/2548 2839/2523/2550
f 2840/2524/2551 2839/2523/2550 2837/2521/2548
f 2839/2523/2550 2840/2524/2551 2841/2525/2552
f 2842/2526/2553 2841/2525/2552 2840/2524/2551
f 2840/2524/2551 2837/2521/2548 2842/2526/2553
f 2836/2520/2547 2843/2527/2554 2837/2521/2548
f 2837/2521/2548 2843/2527/2554 2842/2526/2553
f 2844/2528/2555 2843/2527/2554 2836/2520/2547
f 2842/2526/2553 2843/2527/2554 2845/2529/2556
f 2845/2529/2556 2843/2527/2554 2846/2530/2557
f 2841/2525/2552 2847/2531/2558 2839/2523/2550
f 2847/2531/2558 2841/2525/2552 2848/2532/2559
f 2849/2533/2560 2848/2532/2559 2841/2525/2552
f 2841/2525/2552 2842/2526/2553 2849/2533/2560
f 2850/2534/2561 2842/2526/2553 2845/2529/2556
f 2850/2534/2561 2849/2533/2560 2842/2526/2553
f 2849/2533/2560 2850/2534/2561 2851/2535/2562
f 2845/2529/2556 2851/2535/2562 2850/2534/2561
f 2846/2530/2557 2852/2536/2563 2845/2529/2556
f 2851/2535/2562 2845/2529/2556 2852/2536/2563
f 2843/2527/2554 2853/2537/2564 2846/2530/2557
f 2852/2536/2563 2846/2530/2557 2853/2537/2564
f 2853/2537/2564 2843/2527/2554 2854/2538/2565
f 2844/2528/2555 2854/2538/2565 2843/2527/2554
f 2836/2520/2547 2855/2539/2566 2844/2528/2555
f 2854/2538/2565 2844/2528/2555 2855/2539/2566
f 2855/2539/2566 2836/2520/2547 2856/2540/2567
f 2856/2540/2567 2835/2519/2546 2838/2522/2549
f 2835/2519/2546 2856/2540/2567 2836/2520/2547
f 2848/2532/2559 2849/2533/2560 2857/2541/2568
f 2851/2535/2562 2857/2541/2568 2849/2533/2560
f 2857/2541/2568 2851/2535/2562 2858/2542/2569
f 2852/2536/2563 2858/2542/2569 2851/2535/2562
f 2853/2537/2564 2859/2543/2570 2852/2536/2563
f 2858/2542/2569 2852/2536/2563 2859/2543/2570
f 2854/2538/2565 2860/2544/2571 2853/2537/2564
f 2859/2543/2570 2853/2537/2564 2860/2544/2571
f 2855/2539/2566 2861/2545/2572 2854/2538/2565
f 2860/2544/2571 2854/2538/2565 2861/2545/2572
f 2861/2545/2572 2855/2539/2566 2862/2546/2573
f 2856/2540/2567 2862/2546/2573 2855/2539/2566
f 2838/2522/2549 2863/2547/2574 2856/2540/2567
f 2862/2546/2573 2856/2540/2567 2863/2547/2574
f 2864/2548/2575 2839/2523/2550 2847/2531/2558
f 2839/2523/2550 2864/2548/2575 2838/2522/2549
f 2863/2547/2574 2838/2522/2549 2864/2548/2575
f 2865/2258/2436 2866/2253/2576 2867/2254/2577
f 2867/2254/2577 2868/2255/2578 2865/2258/2436
f 2869/2256/2579 2865/2258/2436 2868/2255/2578
f 2870/2245/2580 2871/2243/2581 2872/2246/2582
f 2873/2247/2583 2872/2246/2582 2871/2243/2581
f 2872/2246/2582 2873/2247/2583 2874/2248/2584
f 2875/2249/2585 2874/2248/2584 2873/2247/2583
f 2875/2249/2585 2876/2250/2586 2874/2248/2584
f 2877/2251/2587 2874/2248/2584 2876/2250/2586
f 2878/2252/2588 2877/2251/2587 2876/2250/2586
f 2866/2253/2576 2877/2251/2587 2879/2240/2589
f 2878/2252/2588 2879/2240/2589 2877/2251/2587
f 2866/2253/2576 2879/2240/2589 2880/2241/2590
f 2880/2241/2590 2867/2254/2577 2866/2253/2576
f 2867/2254/2577 2881/2234/2591 2868/2255/2578
f 2867/2254/2577 2880/2241/2590 2881/2234/2591
f 2868/2255/2578 2882/2236/2592 2869/2256/2579
f 2868/2255/2578 2881/2234/2591 2882/2236/2592
f 2883/2257/2593 2869/2256/2579 2882/2236/2592
f 2882/2236/2592 2884/2235/2594 2883/2257/2593
f 2882/2236/2592 2881/2234/2591 2884/2235/2594
f 2885/2392/2595 2883/2257/2593 2884/2235/2594
f 2886/2239/2596 2880/2241/2590 2879/2240/2589
f 2886/2239/2596 2881/2234/2591 2880/2241/2590
f 2881/2234/2591 2887/2226/2597 2884/2235/2594
f 2884/2235/2594 2888/2237/2598 2885/2392/2595
f 2888/2237/2598 2884/2235/2594 2887/2226/2597
f 2887/2226/2597 2881/2234/2591 2889/2226/2599
f 2890/2234/2600 2889/2226/2599 2881/2234/2591
f 2888/2237/2598 2891/2390/2601 2892/2391/2602
f 2893/2389/2603 2892/2391/2602 2891/2390/2601
f 2894/2393/2443 2888/2237/2598 2892/2391/2602
f 2885/2392/2595 2888/2237/2598 2894/2393/2443
f 2892/2391/2602 2895/2394/2604 2894/2393/2443
f 2895/2394/2604 2896/2395/2605 2894/2393/2443
f 2897/2396/2606 2894/2393/2443 2896/2395/2605
f 2896/2395/2605 2898/2397/2607 2897/2396/2606
f 2899/2398/2608 2897/2396/2606 2898/2397/2607
f 2899/2398/2608 2898/2397/2607 2900/2269/2609
f 2898/2397/2607 2901/2268/2610 2900/2269/2609
f 2900/2269/2609 2901/2268/2610 2902/2267/2611
f 2902/2267/2611 2901/2268/2610 2903/2270/2612
f 2903/2270/2612 2901/2268/2610 2904/2271/2613
f 2905/2399/2614 2901/2268/2610 2898/2397/2607
f 2906/2400/2615 2901/2268/2610 2905/2399/2614
f 2907/2211/2616 2908/2210/2617 2909/2209/2618
f 2908/2210/2617 2907/2211/2616 2910/2212/2619
f 2911/2213/2620 2910/2212/2619 2907/2211/2616
f 2910/2212/2619 2911/2213/2620 2912/2214/2621
f 2913/2215/2622 2912/2214/2621 2911/2213/2620
f 2912/2214/2621 2913/2215/2622 2914/2216/2623
f 2915/2217/2624 2914/2216/2623 2913/2215/2622
f 2915/2217/2624 2916/2218/2625 2914/2216/2623
f 2917/2219/2626 2916/2218/2625 2915/2217/2624
f 2916/2218/2625 2917/2219/2626 2918/2220/2627
f 2919/2221/2628 2918/2220/2627 2917/2219/2626
f 2918/2220/2627 2919/2221/2628 2920/2222/2629
f 2918/2220/2627 2920/2222/2629 2921/2223/2630
f 2918/2220/2627 2921/2223/2630 2916/2218/2625
f 2922/2224/2631 2921/2223/2630 2920/2222/2629
f 2889/2226/2599 2890/2234/2600 2923/2225/2632
f 2916/2218/2625 2921/2223/2630 2923/2225/2632
f 2921/2223/2630 2922/2224/2631 2923/2225/2632
f 2889/2226/2599 2923/2225/2632 2922/2224/2631
f 2924/2233/1761 2923/2225/2632 2890/2234/2600
f 2914/2216/2623 2916/2218/2625 2925/2227/2633
f 2925/2227/2633 2916/2218/2625 2923/2225/2632
f 2926/2228/2634 2920/2222/2629 2919/2221/2628
f 2927/2229/2635 2928/2231/1888 2929/2230/2636
f 2890/2234/2600 2929/2230/2636 2924/2233/1761
f 2924/2233/1761 2929/2230/2636 2930/2232/1890
f 2930/2232/1890 2929/2230/2636 2928/2231/1888
f 2931/2238/2637 2924/2233/1761 2930/2232/1890
f 2932/2290/2638 2929/2230/2636 2890/2234/2600
f 2933/2291/2147 2929/2230/2636 2932/2290/2638
f 2933/2291/2147 2932/2290/2638 2934/2292/2639
f 2935/2286/2121 2934/2292/2639 2932/2290/2638
f 2934/2292/2639 2935/2286/2121 2936/2293/2640
f 2936/2293/2640 2935/2286/2121 2937/2289/2641
f 2938/2294/2151 2936/2293/2640 2937/2289/2641
f 2939/2284/2642 2940/2285/2643 2935/2286/2121
f 2941/2283/2644 2940/2285/2643 2939/2284/2642
f 2942/2287/2645 2935/2286/2121 2940/2285/2643
f 2943/2288/2155 2935/2286/2121 2942/2287/2645
f 2937/2289/2641 2935/2286/2121 2943/2288/2155
f 2944/2295/2163 2939/2284/2642 2935/2286/2121
f 2945/2296/2646 2944/2295/2163 2935/2286/2121
f 2946/2297/2647 2944/2295/2163 2945/2296/2646
f 2947/2298/2057 2944/2295/2163 2946/2297/2647
f 2948/2164/2648 2949/2163/2649 2950/2165/2650
f 2949/2163/2649 2951/2167/2651 2950/2165/2650
f 2952/2166/2652 2951/2167/2651 2949/2163/2649
f 2952/2166/2652 2953/2549/2653 2951/2167/2651
f 2953/2549/2653 2952/2166/2652 2954/2550/2654
f 2949/2163/2649 2954/2550/2654 2952/2166/2652
f 2948/2164/2648 2955/2551/2655 2949/2163/2649
f 2954/2550/2654 2949/2163/2649 2955/2551/2655
f 2950/2165/2650 2956/2552/2656 2948/2164/2648
f 2955/2551/2655 2948/2164/2648 2956/2552/2656
f 2951/2167/2651 2957/2553/2657 2950/2165/2650
f 2957/2553/2657 2951/2167/2651 2953/2549/2653
f 2956/2552/2656 2950/2165/2650 2957/2553/2657
f 2958/2554/2658 2959/2555/2659 2960/2556/2660
f 2961/2557/2661 2960/2556/2660 2959/2555/2659
f 2962/2558/2662 2959/2555/2659 2963/2559/2663
f 2961/2557/2661 2959/2555/2659 2964/2560/2664
f 2964/2560/2664 2959/2555/2659 2962/2558/2662
f 2960/2556/2660 2961/2557/2661 2965/2561/2665
f 2964/2560/2664 2965/2561/2665 2961/2557/2661
f 2960/2556/2660 2966/2562/2666 2958/2554/2658
f 2965/2561/2665 2966/2562/2666 2960/2556/2660
f 2958/2554/2658 2966/2562/2666 2967/2563/2667
f 2958/2554/2658 2967/2563/2667 2959/2555/2659
f 2963/2559/2663 2959/2555/2659 2967/2563/2667
f 2967/2563/2667 2966/2562/2666 2968/2564/2668
f 2967/2563/2667 2968/2564/2668 2963/2559/2663
f 2969/2565/2669 2963/2559/2663 2968/2564/2668
f 2966/2562/2666 2970/2566/2670 2968/2564/2668
f 2965/2561/2665 2964/2560/2664 2971/2567/2597
f 2962/2558/2662 2971/2567/2597 2964/2560/2664
f 2972/2568/2671 2966/2562/2666 2965/2561/2665
f 2965/2561/2665 2971/2567/2597 2972/2568/2671
f 2973/2569/2672 2966/2562/2666 2972/2568/2671
f 2974/2570/2673 2973/2569/2672 2972/2568/2671
f 2975/2571/2674 2972/2568/2671 2971/2567/2597
f 2976/2572/2254 2962/2558/2662 2963/2559/2663
f 2976/2572/2254 2977/2573/2675 2962/2558/2662
f 2969/2565/2669 2978/2574/2676 2963/2559/2663
f 2978/2574/2676 2976/2572/2254 2963/2559/2663
f 2968/2564/2668 2979/2575/2677 2969/2565/2669
f 2978/2574/2676 2969/2565/2669 2979/2575/2677
f 2968/2564/2668 2980/2576/2678 2979/2575/2677
f 2970/2566/2670 2980/2576/2678 2968/2564/2668
f 2981/2577/2247 2980/2576/2678 2970/2566/2670
f 2979/2575/2677 2982/2578/2679 2978/2574/2676
f 2976/2572/2254 2978/2574/2676 2982/2578/2679
f 2983/2579/2680 2979/2575/2677 2980/2576/2678
f 2979/2575/2677 2983/2579/2680 2982/2578/2679
f 2984/2580/2681 2982/2578/2679 2983/2579/2680
f 2985/2581/2682 2986/2582/2683 2987/2583/2684
f 2987/2583/2684 2988/2584/2685 2985/2581/2682
f 2989/2585/2686 2985/2581/2682 2988/2584/2685
f 2988/2584/2685 2990/2586/2687 2989/2585/2686
f 2991/2587/2688 2989/2585/2686 2990/2586/2687
f 2990/2586/2687 2992/2588/2607 2991/2587/2688
f 2993/2589/2412 2991/2587/2688 2992/2588/2607
f 2992/2588/2607 2994/2590/2689 2993/2589/2412
f 2995/2591/2690 2993/2589/2412 2994/2590/2689
f 2994/2590/2689 2996/2592/2604 2995/2591/2690
f 2997/2593/2691 2995/2591/2690 2996/2592/2604
f 2996/2592/2604 2998/2594/2602 2997/2593/2691
f 2999/2595/2406 2997/2593/2691 2998/2594/2602
f 2998/2594/2602 3000/2596/2692 2999/2595/2406
f 3001/2597/2404 2999/2595/2406 3000/2596/2692
f 3000/2596/2692 3002/2598/2693 3001/2597/2404
f 2977/2573/2675 3001/2597/2404 3002/2598/2693
f 3002/2598/2693 2962/2558/2662 2977/2573/2675
f 3003/2599/2694 3004/2600/2695 3005/2601/2696
f 3005/2601/2696 3006/2602/2697 3003/2599/2694
f 3007/2603/2698 3003/2599/2694 3006/2602/2697
f 3006/2602/2697 3008/2604/2699 3007/2603/2698
f 3009/2605/2700 3007/2603/2698 3008/2604/2699
f 3008/2604/2699 3010/2606/2701 3009/2605/2700
f 3011/2607/2280 3009/2605/2700 3010/2606/2701
f 3010/2606/2701 3012/2608/2702 3011/2607/2280
f 3013/2609/2703 3011/2607/2280 3012/2608/2702
f 3012/2608/2702 3014/2610/2704 3013/2609/2703
f 3015/2611/2705 3013/2609/2703 3014/2610/2704
f 3014/2610/2704 3016/2612/2706 3015/2611/2705
f 3017/2613/2298 3015/2611/2705 3016/2612/2706
f 3016/2612/2706 3018/2614/2707 3017/2613/2298
f 3019/2615/2708 3017/2613/2298 3018/2614/2707
f 2986/2582/2683 3019/2615/2708 3020/2616/2709
f 3020/2616/2709 2987/2583/2684 2986/2582/2683
f 3018/2614/2707 3020/2616/2709 3019/2615/2708
f 3021/2617/1905 3022/2618/2106 3023/2619/2256
f 3022/2618/2106 3024/2620/2114 3023/2619/2256
f 3025/2621/2710 3023/2619/2256 3024/2620/2114
f 3025/2621/2710 3026/2622/2711 3023/2619/2256
f 3027/2623/2712 3023/2619/2256 3026/2622/2711
f 3026/2622/2711 3028/2624/2713 3027/2623/2712
f 3029/2625/2714 3027/2623/2712 3028/2624/2713
f 3028/2624/2713 3030/2626/2715 3029/2625/2714
f 3031/2627/2265 3029/2625/2714 3030/2626/2715
f 3031/2627/2265 3030/2626/2715 3032/2628/2716
f 3032/2628/2716 3030/2626/2715 3033/2629/2717
f 3034/2630/2718 3033/2629/2717 3030/2626/2715
f 3035/2631/2719 3033/2629/2717 3034/2630/2718
f 3035/2631/2719 3036/2632/2720 3033/2629/2717
f 3037/2633/2721 3033/2629/2717 3036/2632/2720
f 3036/2632/2720 3038/2634/2722 3037/2633/2721
f 3004/2600/2695 3037/2633/2721 3038/2634/2722
f 3038/2634/2722 3005/2601/2696 3004/2600/2695
f 3039/2635/1891 3040/2636/2723 3041/2637/2637
f 3040/2636/2723 3042/2638/1901 3041/2637/2637
f 3042/2638/1901 3043/2639/1898 3041/2637/2637
f 3044/2640/2724 3043/2639/1898 3042/2638/1901
f 3045/2641/1900 3044/2640/2724 3042/2638/1901
f 3046/2642/2725 3042/2638/1901 3040/2636/2723
f 3047/2643/2726 3048/2644/2727 3043/2639/1898
f 3049/2645/2728 3043/2639/1898 3048/2644/2727
f 3043/2639/1898 3050/2646/1929 3041/2637/2637
f 3050/2646/1929 3043/2639/1898 3049/2645/2728
f 3041/2637/2637 3050/2646/1929 3051/2647/2729
f 3050/2646/1929 3052/2648/2730 3051/2647/2729
f 3052/2648/2730 3053/2649/2731 3051/2647/2729
f 3054/2650/2732 3051/2647/2729 3053/2649/2731
f 3055/2651/2733 3052/2648/2730 3050/2646/1929
f 3056/2652/1922 3050/2646/1929 3049/2645/2728
f 3057/2653/2734 3056/2652/1922 3049/2645/2728
f 3058/2654/1925 3050/2646/1929 3056/2652/1922
f 2904/2271/2613 2901/2268/2610 3059/2272/2707
f 3060/2282/2735 3061/2266/2736 3059/2272/2707
f 3062/2265/2737 3063/2264/2701 3061/2266/2736
f 3064/2263/2738 3065/2262/2739 3063/2264/2701
f 3066/2281/2740 3059/2272/2707 2901/2268/2610
f 3059/2272/2707 3061/2266/2736 3067/2273/2741
f 2904/2271/2613 3059/2272/2707 3067/2273/2741
f 3067/2273/2741 3061/2266/2736 3068/2274/2458
f 3068/2274/2458 3061/2266/2736 3069/2275/2742
f 3061/2266/2736 3063/2264/2701 3069/2275/2742
f 3069/2275/2742 3063/2264/2701 3070/2276/2743
f 3063/2264/2701 3065/2262/2739 3071/2277/2417
f 3070/2276/2743 3063/2264/2701 3071/2277/2417
f 3071/2277/2417 3065/2262/2739 3072/2278/2418
f 3072/2278/2418 3065/2262/2739 3073/2279/2744
f 3073/2279/2744 3065/2262/2739 3074/2280/2745
f 3074/2280/2745 3065/2262/2739 3075/2260/2746
f 3075/2260/2746 2871/2243/2581 3076/2244/2747
f 3074/2280/2745 3075/2260/2746 3076/2244/2747
f 3076/2244/2747 2871/2243/2581 3077/2242/2748
f 2870/2245/2580 3077/2242/2748 2871/2243/2581
f 3078/2259/2749 2871/2243/2581 3075/2260/2746
f 3079/2261/2750 3075/2260/2746 3065/2262/2739
f 3080/2655/2751 3081/2656/2752 3082/2657/2753
f 3081/2656/2752 3083/2658/2754 3082/2657/2753
f 3082/2657/2753 3083/2658/2754 3084/2659/2755
f 3085/2660/2756 3082/2657/2753 3084/2659/2755
f 3086/2661/2757 3082/2657/2753 3085/2660/2756
f 3087/2662/2758 3088/2663/2759 3089/2664/2760
f 3088/2663/2759 3090/2665/2761 3089/2664/2760
f 3084/2659/2755 3091/2666/2229 3090/2665/2761
f 3090/2665/2761 3091/2666/2229 3089/2664/2760
f 3083/2658/2754 3092/2667/2762 3084/2659/2755
f 3092/2667/2762 3091/2666/2229 3084/2659/2755
f 3092/2667/2762 3083/2658/2754 3093/2668/2763
f 3094/2669/2764 3093/2668/2763 3083/2658/2754
f 3095/2670/2199 3093/2668/2763 3094/2669/2764
f 3096/2671/2765 3090/2665/2761 3088/2663/2759
f 3097/2672/2227 3089/2664/2760 3091/2666/2229
f 3098/2673/2766 3089/2664/2760 3097/2672/2227
f 3099/2674/2767 3100/2675/2768 3101/2676/2769
f 3101/2676/2769 3102/2677/2770 3092/2667/2762
f 3100/2675/2768 3102/2677/2770 3101/2676/2769
f 3103/2678/2771 3092/2667/2762 3102/2677/2770
f 3104/2679/2772 3092/2667/2762 3103/2678/2771
f 3105/2680/2773 3092/2667/2762 3104/2679/2772
f 3105/2680/2773 3104/2679/2772 3106/2681/2774
f 3105/2680/2773 3106/2681/2774 3107/2682/2775
f 3108/2683/2776 3107/2682/2775 3106/2681/2774
f 3109/2684/2777 3102/2677/2770 3100/2675/2768
f 3110/2685/2778 3106/2681/2774 3111/2686/2779
f 3111/2686/2779 3106/2681/2774 3112/2687/2780
f 3112/2687/2780 3106/2681/2774 3104/2679/2772
f 3113/2688/2781 3111/2686/2779 3112/2687/2780
f 3114/2689/1759 3115/2690/2782 3116/2691/2783
f 3114/2689/1759 3116/2691/2783 3117/2692/2784
f 3117/2692/2784 3116/2691/2783 3118/2693/2785
f 3118/2693/2785 3116/2691/2783 3119/2694/2786
f 3119/2694/2786 3116/2691/2783 3120/2695/2787
f 3120/2695/2787 3116/2691/2783 3105/2680/2773
f 3121/2696/2788 3105/2680/2773 3116/2691/2783
f 3122/2697/2789 3092/2667/2762 3105/2680/2773
f 3122/2697/2789 3105/2680/2773 3121/2696/2788
f 3091/2666/2229 3092/2667/2762 3123/2698/2231
f 3123/2698/2231 3092/2667/2762 3122/2697/2789
f 3124/2176/2790 3125/2174/2791 3126/2175/2792
f 3127/2171/2726 3126/2175/2792 3125/2174/2791
f 3128/2169/1858 3127/2171/2726 3125/2174/2791
f 3129/2168/2793 3130/2170/2517 3128/2169/1858
f 3130/2170/2517 3127/2171/2726 3128/2169/1858
f 3130/2170/2517 3131/2178/2794 3127/2171/2726
f 3127/2171/2726 3131/2178/2794 3132/2173/2129
f 3131/2178/2794 3133/2179/2795 3132/2173/2129
f 3132/2173/2129 3133/2179/2795 3134/2180/2128
f 3134/2180/2128 3133/2179/2795 3135/2181/2796
f 3135/2181/2796 3133/2179/2795 3136/2182/2797
f 3137/2183/2798 3136/2182/2797 3133/2179/2795
f 3136/2182/2797 3137/2183/2798 3138/2184/2799
f 3139/2185/2800 3138/2184/2799 3137/2183/2798
f 3138/2184/2799 3139/2185/2800 3140/2186/2801
f 3141/2187/2802 3140/2186/2801 3139/2185/2800
f 3140/2186/2801 3141/2187/2802 3142/2188/2777
f 3143/2189/2803 3142/2188/2777 3141/2187/2802
f 3142/2188/2777 3143/2189/2803 3144/2190/2804
f 3145/2191/2805 3144/2190/2804 3143/2189/2803
f 3144/2190/2804 3145/2191/2805 3146/2192/2806
f 3147/2177/2807 3133/2179/2795 3131/2178/2794
f 3148/2172/2808 3131/2178/2794 3130/2170/2517
f 3149/2193/2809 3146/2192/2806 3145/2191/2805
f 3146/2192/2806 3149/2193/2809 3150/2194/2772
f 3151/2195/2810 3150/2194/2772 3149/2193/2809
f 3150/2194/2772 3151/2195/2810 3152/2196/2811
f 3153/2197/2812 3152/2196/2811 3151/2195/2810
f 3152/2196/2811 3153/2197/2812 3154/2198/2813
f 3155/2199/2814 3154/2198/2813 3153/2197/2812
f 3154/2198/2813 3155/2199/2814 3156/2200/2815
f 3157/2201/2816 3156/2200/2815 3155/2199/2814
f 3156/2200/2815 3157/2201/2816 3158/2202/2778
f 3159/2203/2817 3158/2202/2778 3157/2201/2816
f 3158/2202/2778 3159/2203/2817 3160/2204/2774
f 3161/2205/2818 3160/2204/2774 3159/2203/2817
f 3160/2204/2774 3161/2205/2818 3162/2206/2819
f 3163/2207/2820 3162/2206/2819 3161/2205/2818
f 2909/2209/2618 3164/2208/2821 3163/2207/2820
f 3164/2208/2821 2909/2209/2618 2908/2210/2617
f 3162/2206/2819 3163/2207/2820 3164/2208/2821
f 3165/2699/2526 3166/2700/2822 3167/2701/2823
f 3168/2702/2524 3165/2699/2526 3167/2701/2823
f 3169/2703/2824 3170/2704/2803 3171/2705/2825
f 3171/2705/2825 3170/2704/2803 3172/2706/2810
f 3170/2704/2803 3173/2707/2826 3172/2706/2810
f 3173/2707/2826 3166/2700/2822 3172/2706/2810
f 3167/2701/2823 3166/2700/2822 3173/2707/2826
f 3174/2708/2827 3167/2701/2823 3173/2707/2826
f 3175/2709/2807 3167/2701/2823 3174/2708/2827
f 3176/2710/2828 3173/2707/2826 3170/2704/2803
f 3177/2711/2802 3176/2710/2828 3170/2704/2803
f 3166/2700/2822 3178/2712/2829 3172/2706/2810
f 3179/2713/2210 3178/2712/2829 3166/2700/2822
f 3180/2714/2830 3179/2713/2210 3166/2700/2822
f 3181/2715/2831 3179/2713/2210 3180/2714/2830
f 3182/2716/2832 3181/2715/2831 3180/2714/2830
f 3183/2717/2833 3179/2713/2210 3181/2715/2831
f 3184/2718/2834 3172/2706/2810 3185/2719/2835
f 3186/2720/2836 3184/2718/2834 3185/2719/2835
f 3187/2721/2837 3184/2718/2834 3186/2720/2836
f 3188/2722/2817 3186/2720/2836 3185/2719/2835
f 3189/2723/2838 3190/2724/2839 3191/2725/2840
f 3192/2726/2841 3191/2725/2840 3190/2724/2839
f 3191/2725/2840 3192/2726/2841 3193/2727/2232
f 3194/2728/2842 3193/2727/2232 3192/2726/2841
f 3194/2728/2842 3195/2729/2843 3193/2727/2232
f 3194/2728/2842 3196/2730/2844 3195/2729/2843
f 3197/2731/2845 3195/2729/2843 3196/2730/2844
f 3196/2730/2844 3198/2732/2846 3197/2731/2845
f 3199/2733/2847 3197/2731/2845 3198/2732/2846
f 3197/2731/2845 3199/2733/2847 3200/2734/2848
f 3197/2731/2845 3200/2734/2848 3195/2729/2843
f 3201/2735/2618 3200/2734/2848 3199/2733/2847
f 3200/2734/2848 3201/2735/2618 3202/2736/2849
f 3203/2737/2850 3202/2736/2849 3201/2735/2618
f 3203/2737/2850 3185/2719/2835 3202/2736/2849
f 3185/2719/2835 3172/2706/2810 3204/2738/2851
f 3185/2719/2835 3204/2738/2851 3202/2736/2849
f 3204/2738/2851 3172/2706/2810 3205/2739/2852
f 3178/2712/2829 3205/2739/2852 3172/2706/2810
f 3206/2740/2853 3193/2727/2232 3195/2729/2843
f 3195/2729/2843 3207/2741/2854 3206/2740/2853
f 3207/2741/2854 3195/2729/2843 3200/2734/2848
f 3200/2734/2848 3202/2736/2849 3207/2741/2854
f 3208/2742/2855 3206/2740/2853 3207/2741/2854
f 3209/2743/2856 3207/2741/2854 3202/2736/2849
f 3207/2741/2854 3209/2743/2856 3208/2742/2855
f 3202/2736/2849 3204/2738/2851 3209/2743/2856
f 3210/2744/2857 3208/2742/2855 3209/2743/2856
f 3209/2743/2856 3204/2738/2851 3210/2744/2857
f 3211/2745/2858 3204/2738/2851 3205/2739/2852
f 3212/2746/2859 3204/2738/2851 3211/2745/2858
f 3213/2747/2860 3212/2746/2859 3211/2745/2858
f 3214/2748/2861 3204/2738/2851 3212/2746/2859
f 3215/2749/2862 3216/2750/2863 3217/2751/2864
f 3218/2752/2865 3217/2751/2864 3216/2750/2863
f 3219/2753/2866 3220/2754/2867 3221/2755/2868
f 3219/2753/2866 3222/2756/2869 3220/2754/2867
f 3223/2757/2870 3220/2754/2867 3222/2756/2869
f 3223/2757/2870 3222/2756/2869 3224/2758/2871
f 3225/2759/2872 3224/2758/2871 3222/2756/2869
f 3224/2758/2871 3225/2759/2872 3226/2760/2873
f 3227/2761/2874 3226/2760/2873 3225/2759/2872
f 3226/2760/2873 3227/2761/2874 3228/2762/2875
f 3229/2763/2876 3228/2762/2875 3227/2761/2874
f 3229/2763/2876 3230/2764/2877 3228/2762/2875
f 3231/2765/2878 3216/2750/2863 3230/2764/2877
f 3230/2764/2877 3229/2763/2876 3231/2765/2878
f 3231/2765/2878 3232/2766/2879 3216/2750/2863
f 3218/2752/2865 3216/2750/2863 3232/2766/2879
f 3229/2763/2876 3227/2761/2874 3232/2766/2879
f 3232/2766/2879 3231/2765/2878 3229/2763/2876
f 3218/2752/2865 3232/2766/2879 3233/2767/2880
f 3218/2752/2865 3233/2767/2880 3217/2751/2864
f 3227/2761/2874 3233/2767/2880 3232/2766/2879
f 3217/2751/2864 3234/2768/2881 3215/2749/2862
f 3217/2751/2864 3233/2767/2880 3234/2768/2881
f 3235/2769/2882 3228/2762/2875 3230/2764/2877
f 3215/2749/2862 3236/2770/2883 3216/2750/2863
f 3216/2750/2863 3236/2770/2883 3230/2764/2877
f 3236/2770/2883 3215/2749/2862 3234/2768/2881
f 3236/2770/2883 3237/2771/2884 3230/2764/2877
f 3230/2764/2877 3237/2771/2884 3235/2769/2882
f 3235/2769/2882 3238/2772/2885 3228/2762/2875
f 3235/2769/2882 3237/2771/2884 3238/2772/2885
f 3239/2773/2886 3226/2760/2873 3228/2762/2875
f 3239/2773/2886 3228/2762/2875 3238/2772/2885
f 3239/2773/2886 3240/2774/2887 3226/2760/2873
f 3237/2771/2884 3240/2774/2887 3238/2772/2885
f 3239/2773/2886 3238/2772/2885 3240/2774/2887
f 3241/2775/2888 3226/2760/2873 3240/2774/2887
f 3240/2774/2887 3237/2771/2884 3241/2775/2888
f 3242/2776/2889 3241/2775/2888 3237/2771/2884
f 3242/2776/2889 3237/2771/2884 3243/2777/2890
f 3243/2777/2890 3237/2771/2884 3236/2770/2883
f 3241/2775/2888 3242/2776/2889 3244/2778/2891
f 3243/2777/2890 3244/2778/2891 3242/2776/2889
f 3243/2777/2890 3245/2779/2892 3244/2778/2891
f 3245/2779/2892 3243/2777/2890 3236/2770/2883
f 3246/2780/2893 3244/2778/2891 3245/2779/2892
f 3234/2768/2881 3246/2780/2893 3236/2770/2883
f 3245/2779/2892 3236/2770/2883 3246/2780/2893
f 3246/2780/2893 3247/2781/2894 3244/2778/2891
f 3244/2778/2891 3247/2781/2894 3241/2775/2888
f 3247/2781/2894 3226/2760/2873 3241/2775/2888
f 3246/2780/2893 3234/2768/2881 3247/2781/2894
f 3233/2767/2880 3247/2781/2894 3234/2768/2881
f 3247/2781/2894 3233/2767/2880 3248/2782/2895
f 3249/2783/2896 3248/2782/2895 3233/2767/2880
f 3248/2782/2895 3249/2783/2896 3250/2784/2897
f 3251/2785/2898 3250/2784/2897 3249/2783/2896
f 3250/2784/2897 3251/2785/2898 3252/2786/2899
f 3253/2787/2900 3252/2786/2899 3251/2785/2898
f 3253/2787/2900 3254/2788/2901 3252/2786/2899
f 3254/2788/2901 3253/2787/2900 3255/2789/2902
f 3255/2789/2902 3256/2790/2903 3254/2788/2901
f 3253/2787/2900 3251/2785/2898 3257/2791/2904
f 3257/2791/2904 3255/2789/2902 3253/2787/2900
f 3255/2789/2902 3257/2791/2904 3256/2790/2903
f 3258/2792/2905 3256/2790/2903 3257/2791/2904
f 3251/2785/2898 3259/2793/2906 3257/2791/2904
f 3258/2792/2905 3257/2791/2904 3259/2793/2906
f 3258/2792/2905 3259/2793/2906 3260/2794/2907
f 3258/2792/2905 3260/2794/2907 3256/2790/2903
f 3259/2793/2906 3261/2795/2908 3260/2794/2907
f 3262/2796/2909 3260/2794/2907 3261/2795/2908
f 3263/2797/2910 3264/2798/2911 3265/2799/2912
f 3265/2799/2912 3264/2798/2911 3266/2800/2913
f 3266/2800/2913 3264/2798/2911 3254/2788/2901
f 3256/2790/2903 3266/2800/2913 3254/2788/2901
f 3267/2801/2914 3256/2790/2903 3260/2794/2907
f 3260/2794/2907 3262/2796/2909 3267/2801/2914
f 3266/2800/2913 3267/2801/2914 3262/2796/2909
f 3267/2801/2914 3266/2800/2913 3256/2790/2903
f 3254/2788/2901 3264/2798/2911 3268/2802/2915
f 3268/2802/2915 3252/2786/2899 3254/2788/2901
f 3268/2802/2915 3264/2798/2911 3269/2803/2916
f 3268/2802/2915 3269/2803/2916 3252/2786/2899
f 3262/2796/2909 3270/2804/2917 3266/2800/2913
f 3262/2796/2909 3261/2795/2908 3270/2804/2917
f 3271/2805/2918 3265/2799/2912 3266/2800/2913
f 3271/2805/2918 3266/2800/2913 3270/2804/2917
f 3265/2799/2912 3271/2805/2918 3272/2806/2919
f 3265/2799/2912 3272/2806/2919 3263/2797/2910
f 3270/2804/2917 3261/2795/2908 3272/2806/2919
f 3270/2804/2917 3272/2806/2919 3271/2805/2918
f 3263/2797/2910 3273/2807/2920 3264/2798/2911
f 3273/2807/2920 3263/2797/2910 3272/2806/2919
f 3272/2806/2919 3261/2795/2908 3273/2807/2920
f 3261/2795/2908 3250/2784/2897 3273/2807/2920
f 3274/2808/2921 3264/2798/2911 3273/2807/2920
f 3264/2798/2911 3274/2808/2921 3269/2803/2916
f 3273/2807/2920 3250/2784/2897 3274/2808/2921
f 3275/2809/2922 3252/2786/2899 3269/2803/2916
f 3275/2809/2922 3269/2803/2916 3274/2808/2921
f 3275/2809/2922 3274/2808/2921 3250/2784/2897
f 3275/2809/2922 3250/2784/2897 3252/2786/2899
f 3276/2810/2923 3277/2811/2924 3278/2812/2925
f 3223/2757/2870 3279/2813/2926 3278/2812/2925
f 3278/2812/2925 3279/2813/2926 3276/2810/2923
f 3223/2757/2870 3280/2814/2927 3279/2813/2926
f 3280/2814/2927 3223/2757/2870 3281/2815/2928
f 3224/2758/2871 3281/2815/2928 3223/2757/2870
f 3226/2760/2873 3282/2816/2929 3224/2758/2871
f 3281/2815/2928 3224/2758/2871 3282/2816/2929
f 3247/2781/2894 3283/2817/2930 3226/2760/2873
f 3282/2816/2929 3226/2760/2873 3283/2817/2930
f 3283/2817/2930 3247/2781/2894 3284/2818/2545
f 3248/2782/2895 3284/2818/2545 3247/2781/2894
f 3250/2784/2897 3285/2819/2931 3248/2782/2895
f 3284/2818/2545 3248/2782/2895 3285/2819/2931
f 3261/2795/2908 3286/2820/2932 3250/2784/2897
f 3285/2819/2931 3250/2784/2897 3286/2820/2932
f 3286/2820/2932 3261/2795/2908 3287/2821/2933
f 3261/2795/2908 3259/2793/2906 3288/2822/2934
f 3288/2822/2934 3287/2821/2933 3261/2795/2908
f 3289/2823/2935 3288/2822/2934 3259/2793/2906
f 3288/2822/2934 3289/2823/2935 3290/2824/2936
f 3291/2825/2937 3290/2824/2936 3289/2823/2935
f 3290/2824/2936 3291/2825/2937 3292/2826/2938
f 3293/2827/2939 3290/2824/2936 3292/2826/2938
f 3294/2828/2940 3292/2826/2938 3291/2825/2937
f 3294/2828/2940 3295/2829/2941 3292/2826/2938
f 3296/2830/2942 3292/2826/2938 3295/2829/2941
f 3293/2827/2939 3292/2826/2938 3297/2831/2943
f 3296/2830/2942 3297/2831/2943 3292/2826/2938
f 3293/2827/2939 3298/2832/2944 3290/2824/2936
f 3293/2827/2939 3297/2831/2943 3298/2832/2944
f 3299/2833/2945 3290/2824/2936 3298/2832/2944
f 3300/2834/2946 3290/2824/2936 3299/2833/2945
f 3301/2835/2947 3300/2834/2946 3299/2833/2945
f 3302/2836/2948 3300/2834/2946 3301/2835/2947
f 3302/2836/2948 3301/2835/2947 3303/2837/2949
f 3303/2837/2949 3304/2838/2950 3302/2836/2948
f 3303/2837/2949 3305/2839/2951 3304/2838/2950
f 3305/2839/2951 3303/2837/2949 3301/2835/2947
f 3295/2829/2941 3306/2840/2952 3296/2830/2942
f 3296/2830/2942 3306/2840/2952 3297/2831/2943
f 3306/2840/2952 3298/2832/2944 3297/2831/2943
f 3305/2839/2951 3306/2840/2952 3304/2838/2950
f 3304/2838/2950 3306/2840/2952 3295/2829/2941
f 3298/2832/2944 3306/2840/2952 3299/2833/2945
f 3299/2833/2945 3307/2841/2953 3301/2835/2947
f 3307/2841/2953 3299/2833/2945 3306/2840/2952
f 3307/2841/2953 3306/2840/2952 3305/2839/2951
f 3305/2839/2951 3301/2835/2947 3307/2841/2953
f 3308/2842/2954 3302/2836/2948 3304/2838/2950
f 3308/2842/2954 3300/2834/2946 3302/2836/2948
f 3309/2843/2955 3310/2844/2956 3311/2845/2957
f 3310/2844/2956 3309/2843/2955 3312/2846/2958
f 3310/2844/2956 3312/2846/2958 3313/2847/2959
f 3314/2848/2960 3313/2847/2959 3312/2846/2958
f 3313/2847/2959 3314/2848/2960 3315/2849/2961
f 3316/2850/2962 3315/2849/2961 3314/2848/2960
f 3315/2849/2961 3316/2850/2962 3317/2851/2963
f 3300/2834/2946 3317/2851/2963 3316/2850/2962
f 3308/2842/2954 3318/2852/2964 3300/2834/2946
f 3317/2851/2963 3300/2834/2946 3318/2852/2964
f 3304/2838/2950 3319/2853/2965 3308/2842/2954
f 3318/2852/2964 3308/2842/2954 3319/2853/2965
f 3319/2853/2965 3304/2838/2950 3320/2854/2966
f 3320/2854/2966 3304/2838/2950 3295/2829/2941
f 3319/2853/2965 3320/2854/2966 3318/2852/2964
f 3295/2829/2941 3294/2828/2940 3321/2855/2967
f 3321/2855/2967 3320/2854/2966 3295/2829/2941
f 3294/2828/2940 3291/2825/2937 3322/2856/2968
f 3322/2856/2968 3321/2855/2967 3294/2828/2940
f 3321/2855/2967 3322/2856/2968 3320/2854/2966
f 3291/2825/2937 3317/2851/2963 3322/2856/2968
f 3323/2857/2969 3317/2851/2963 3318/2852/2964
f 3323/2857/2969 3318/2852/2964 3320/2854/2966
f 3323/2857/2969 3320/2854/2966 3322/2856/2968
f 3323/2857/2969 3322/2856/2968 3317/2851/2963
f 3324/2858/2970 3314/2848/2960 3325/2859/2971
f 3326/2860/2972 3324/2858/2970 3325/2859/2971
f 3327/2861/2973 3324/2858/2970 3326/2860/2972
f 3326/2860/2972 3328/2862/2974 3327/2861/2973
f 3329/2863/2975 3327/2861/2973 3328/2862/2974
f 3325/2859/2971 3330/2864/2976 3326/2860/2972
f 3328/2862/2974 3326/2860/2972 3330/2864/2976
f 3328/2862/2974 3330/2864/2976 3329/2863/2975
f 3330/2864/2976 3331/2865/2977 3329/2863/2975
f 3331/2865/2977 3312/2846/2958 3309/2843/2955
f 3309/2843/2955 3311/2845/2957 3331/2865/2977
f 3330/2864/2976 3325/2859/2971 3332/2866/2978
f 3332/2866/2978 3331/2865/2977 3330/2864/2976
f 3333/2867/2979 3332/2866/2978 3325/2859/2971
f 3325/2859/2971 3314/2848/2960 3333/2867/2979
f 3332/2866/2978 3333/2867/2979 3331/2865/2977
f 3333/2867/2979 3314/2848/2960 3312/2846/2958
f 3312/2846/2958 3331/2865/2977 3333/2867/2979
f 3334/2868/2980 3335/2869/2981 3336/2870/2982
f 3337/2871/2983 3334/2868/2980 3336/2870/2982
f 3337/2871/2983 3338/2872/2984 3334/2868/2980
f 3338/2872/2984 3337/2871/2983 3339/2873/2985
f 3336/2870/2982 3339/2873/2985 3337/2871/2983
f 3338/2872/2984 3339/2873/2985 3340/2874/2986
f 3341/2875/2987 3340/2874/2986 3339/2873/2985
f 3340/2874/2986 3341/2875/2987 3342/2876/2988
f 3343/2877/2989 3342/2876/2988 3341/2875/2987
f 3324/2858/2970 3344/2878/2990 3343/2877/2989
f 3342/2876/2988 3343/2877/2989 3344/2878/2990
f 3324/2858/2970 3345/2879/2991 3344/2878/2990
f 3345/2879/2991 3324/2858/2970 3327/2861/2973
f 3329/2863/2975 3346/2880/2992 3327/2861/2973
f 3345/2879/2991 3327/2861/2973 3346/2880/2992
f 3311/2845/2957 3347/2881/2993 3331/2865/2977
f 3331/2865/2977 3347/2881/2993 3329/2863/2975
f 3329/2863/2975 3347/2881/2993 3346/2880/2992
f 3348/2882/2994 3344/2878/2990 3345/2879/2991
f 3346/2880/2992 3347/2881/2993 3349/2883/2995
f 3349/2883/2995 3347/2881/2993 3348/2882/2994
f 3348/2882/2994 3345/2879/2991 3349/2883/2995
f 3346/2880/2992 3349/2883/2995 3345/2879/2991
f 3348/2882/2994 3350/2884/2996 3344/2878/2990
f 3350/2884/2996 3348/2882/2994 3347/2881/2993
f 3350/2884/2996 3351/2885/2997 3344/2878/2990
f 3313/2847/2959 3344/2878/2990 3351/2885/2997
f 3310/2844/2956 3313/2847/2959 3352/2886/2998
f 3352/2886/2998 3311/2845/2957 3310/2844/2956
f 3352/2886/2998 3313/2847/2959 3351/2885/2997
f 3347/2881/2993 3353/2887/2999 3350/2884/2996
f 3351/2885/2997 3350/2884/2996 3353/2887/2999
f 3351/2885/2997 3353/2887/2999 3352/2886/2998
f 3311/2845/2957 3352/2886/2998 3353/2887/2999
f 3353/2887/2999 3347/2881/2993 3311/2845/2957
f 3290/2824/2936 3354/2888/3000 3288/2822/2934
f 3287/2821/2933 3288/2822/2934 3354/2888/3000
f 3300/2834/2946 3355/2889/2532 3290/2824/2936
f 3354/2888/3000 3290/2824/2936 3355/2889/2532
f 3316/2850/2962 3356/2890/3001 3300/2834/2946
f 3355/2889/2532 3300/2834/2946 3356/2890/3001
f 3314/2848/2960 3357/2891/3002 3316/2850/2962
f 3356/2890/3001 3316/2850/2962 3357/2891/3002
f 3324/2858/2970 3358/2892/2542 3314/2848/2960
f 3357/2891/3002 3314/2848/2960 3358/2892/2542
f 3343/2877/2989 3359/2893/2535 3324/2858/2970
f 3358/2892/2542 3324/2858/2970 3359/2893/2535
f 3341/2875/2987 3360/2894/3003 3343/2877/2989
f 3359/2893/2535 3343/2877/2989 3360/2894/3003
f 3360/2894/3003 3341/2875/2987 3361/2895/2536
f 3362/2896/3004 3361/2895/2536 3341/2875/2987
f 3361/2895/2536 3362/2896/3004 3363/2897/3005
f 3364/2898/3006 3363/2897/3005 3362/2896/3004
f 3365/2899/3007 3279/2813/2926 3280/2814/2927
f 3279/2813/2926 3365/2899/3007 3364/2898/3006
f 3363/2897/3005 3364/2898/3006 3365/2899/3007
f 3366/2900/3008 3367/2901/3009 3368/2902/3010
f 3368/2902/3010 3369/2903/3011 3366/2900/3008
f 3370/2904/3012 3366/2900/3008 3369/2903/3011
f 3370/2904/3012 3369/2903/3011 3371/2905/3013
f 3277/2811/2924 3276/2810/2923 3371/2905/3013
f 3279/2813/2926 3367/2901/3009 3372/2906/3014
f 3372/2906/3014 3371/2905/3013 3276/2810/2923
f 3366/2900/3008 3370/2904/3012 3372/2906/3014
f 3366/2900/3008 3372/2906/3014 3367/2901/3009
f 3371/2905/3013 3372/2906/3014 3370/2904/3012
f 3276/2810/2923 3279/2813/2926 3372/2906/3014
f 3364/2898/3006 3373/2907/3015 3279/2813/2926
f 3367/2901/3009 3279/2813/2926 3373/2907/3015
f 3362/2896/3004 3374/2908/3016 3364/2898/3006
f 3373/2907/3015 3364/2898/3006 3374/2908/3016
f 3362/2896/3004 3375/2909/3017 3374/2908/3016
f 3375/2909/3017 3362/2896/3004 3376/2910/3018
f 3375/2909/3017 3376/2910/3018 3377/2911/3019
f 3336/2870/2982 3335/2869/2981 3378/2912/3020
f 3378/2912/3020 3335/2869/2981 3377/2911/3019
f 3378/2912/3020 3377/2911/3019 3376/2910/3018
f 3379/2913/3021 3374/2908/3016 3375/2909/3017
f 3379/2913/3021 3375/2909/3017 3380/2914/3022
f 3380/2914/3022 3335/2869/2981 3379/2913/3021
f 3377/2911/3019 3380/2914/3022 3375/2909/3017
f 3377/2911/3019 3335/2869/2981 3380/2914/3022
f 3381/2915/3023 3379/2913/3021 3335/2869/2981
f 3379/2913/3021 3381/2915/3023 3374/2908/3016
f 3381/2915/3023 3382/2916/3024 3374/2908/3016
f 3340/2874/2986 3374/2908/3016 3382/2916/3024
f 3383/2917/3025 3334/2868/2980 3338/2872/2984
f 3338/2872/2984 3340/2874/2986 3383/2917/3025
f 3383/2917/3025 3340/2874/2986 3382/2916/3024
f 3382/2916/3024 3384/2918/3026 3383/2917/3025
f 3384/2918/3026 3335/2869/2981 3334/2868/2980
f 3334/2868/2980 3383/2917/3025 3384/2918/3026
f 3335/2869/2981 3384/2918/3026 3381/2915/3023
f 3382/2916/3024 3381/2915/3023 3384/2918/3026
f 3362/2896/3004 3341/2875/2987 3385/2919/3027
f 3386/2920/3028 3362/2896/3004 3385/2919/3027
f 3376/2910/3018 3362/2896/3004 3386/2920/3028
f 3378/2912/3020 3376/2910/3018 3387/2921/3029
f 3386/2920/3028 3387/2921/3029 3376/2910/3018
f 3387/2921/3029 3388/2922/3030 3378/2912/3020
f 3387/2921/3029 3386/2920/3028 3388/2922/3030
f 3385/2919/3027 3388/2922/3030 3386/2920/3028
f 3388/2922/3030 3336/2870/2982 3378/2912/3020
f 3389/2923/3031 3336/2870/2982 3388/2922/3030
f 3388/2922/3030 3385/2919/3027 3389/2923/3031
f 3390/2924/3032 3341/2875/2987 3339/2873/2985
f 3385/2919/3027 3341/2875/2987 3390/2924/3032
f 3339/2873/2985 3336/2870/2982 3390/2924/3032
f 3389/2923/3031 3390/2924/3032 3336/2870/2982
f 3390/2924/3032 3389/2923/3031 3385/2919/3027
f 3391/2925/3033 3392/2926/3034 3393/2927/3035
f 3394/2928/3036 3395/2929/3037 3392/2926/3034
f 3396/2930/3038 3397/2931/3039 3398/2932/3040
f 3398/2932/3040 3399/2933/3041 3392/2926/3034
f 3399/2933/3041 3398/2932/3040 3397/2931/3039
f 3392/2926/3034 3400/2934/3042 3398/2932/3040
f 3401/2935/3043 3400/2934/3042 3392/2926/3034
f 3395/2929/3037 3401/2935/3043 3392/2926/3034
f 3402/2936/3044 3401/2935/3043 3395/2929/3037
f 3403/2937/3045 3402/2936/3044 3395/2929/3037
f 3404/2938/3046 3401/2935/3043 3402/2936/3044
f 3397/2931/3039 3396/2930/3038 3405/2939/3047
f 3405/2939/3047 3396/2930/3038 3406/2940/3048
f 3397/2931/3039 3407/2941/3049 3399/2933/3041
f 3405/2939/3047 3407/2941/3049 3397/2931/3039
f 3406/2940/3048 3407/2941/3049 3405/2939/3047
f 3399/2933/3041 3407/2941/3049 3408/2942/3050
f 3408/2942/3050 3392/2926/3034 3399/2933/3041
f 3408/2942/3050 3407/2941/3049 3409/2943/3051
f 3393/2927/3035 3392/2926/3034 3409/2943/3051
f 3409/2943/3051 3392/2926/3034 3408/2942/3050
f 3409/2943/3051 3407/2941/3049 3410/2944/3052
f 3410/2944/3052 3393/2927/3035 3409/2943/3051
f 3410/2944/3052 3407/2941/3049 3411/2945/3053
f 3411/2945/3053 3393/2927/3035 3410/2944/3052
f 3411/2945/3053 3407/2941/3049 3412/2946/3054
f 3413/2947/3055 3407/2941/3049 3406/2940/3048
f 3412/2946/3054 3407/2941/3049 3413/2947/3055
f 3413/2947/3055 3414/2948/3056 3412/2946/3054
f 3412/2946/3054 3414/2948/3056 3411/2945/3053
f 3414/2948/3056 3393/2927/3035 3411/2945/3053
f 3415/2949/3057 3414/2948/3056 3413/2947/3055
f 3406/2940/3048 3415/2949/3057 3413/2947/3055
f 3396/2930/3038 3415/2949/3057 3406/2940/3048
f 3416/2950/3058 3414/2948/3056 3415/2949/3057
f 3417/2951/3059 3415/2949/3057 3396/2930/3038
f 3418/2952/3060 3393/2927/3035 3414/2948/3056
f 3419/2953/3061 3393/2927/3035 3418/2952/3060
f 3420/2954/3062 3421/2955/3063 3422/2956/3064
f 3422/2956/3064 3421/2955/3063 3423/2957/3065
f 3423/2957/3065 3421/2955/3063 3424/2958/3066
f 3424/2958/3066 3425/2959/3067 3423/2957/3065
f 3425/2959/3067 3424/2958/3066 3426/2960/3068
f 3424/2958/3066 3421/2955/3063 3427/2961/3069
f 3427/2961/3069 3426/2960/3068 3424/2958/3066
f 3426/2960/3068 3427/2961/3069 3428/2962/3070
f 3429/2963/3071 3428/2962/3070 3427/2961/3069
f 3429/2963/3071 3427/2961/3069 3421/2955/3063
f 3428/2962/3070 3429/2963/3071 3430/2964/3072
f 3421/2955/3063 3430/2964/3072 3429/2963/3071
f 3430/2964/3072 3421/2955/3063 3431/2965/3073
f 3432/2966/3074 3421/2955/3063 3420/2954/3062
f 3432/2966/3074 3431/2965/3073 3421/2955/3063
f 3431/2965/3073 3432/2966/3074 3433/2967/3075
f 3434/2968/3076 3433/2967/3075 3432/2966/3074
f 3434/2968/3076 3432/2966/3074 3420/2954/3062
f 3433/2967/3075 3434/2968/3076 3435/2969/3077
f 3436/2970/3078 3434/2968/3076 3420/2954/3062
f 3436/2970/3078 3435/2969/3077 3434/2968/3076
f 3420/2954/3062 3437/2971/3079 3436/2970/3078
f 3435/2969/3077 3436/2970/3078 3437/2971/3079
f 3437/2971/3079 3420/2954/3062 3438/2972/3080
f 3422/2956/3064 3438/2972/3080 3420/2954/3062
f 3439/2973/3081 3423/2957/3065 3425/2959/3067
f 3423/2957/3065 3439/2973/3081 3422/2956/3064
f 3438/2972/3080 3422/2956/3064 3439/2973/3081
f 3440/2955/3082 3441/2966/3083 3442/2963/3084
f 3443/2954/3085 3444/2956/3086 3445/2970/3087
f 3444/2956/3086 3441/2966/3083 3445/2970/3087
f 3446/2957/3081 3441/2966/3083 3444/2956/3086
f 3442/2963/3084 3441/2966/3083 3446/2957/3081
f 3447/2958/3088 3442/2963/3084 3446/2957/3081
f 3448/2961/3089 3442/2963/3084 3447/2958/3088
f 3441/2966/3083 3449/2968/3090 3445/2970/3087
f 3450/2974/3091 3278/2812/2925 3277/2811/2924
f 3277/2811/2924 3371/2905/3013 3450/2974/3091
f 3450/2974/3091 3371/2905/3013 3451/2975/3092
f 3452/2976/3093 3450/2974/3091 3451/2975/3092
f 3278/2812/2925 3450/2974/3091 3453/2977/3094
f 3453/2977/3094 3223/2757/2870 3278/2812/2925
f 3452/2976/3093 3453/2977/3094 3450/2974/3091
f 3220/2754/2867 3223/2757/2870 3454/2978/3095
f 3453/2977/3094 3452/2976/3093 3454/2978/3095
f 3451/2975/3092 3454/2978/3095 3452/2976/3093
f 3454/2978/3095 3223/2757/2870 3453/2977/3094
f 3455/2979/3096 3221/2755/2868 3220/2754/2867
f 3451/2975/3092 3455/2979/3096 3454/2978/3095
f 3220/2754/2867 3454/2978/3095 3455/2979/3096
f 3451/2975/3092 3456/2980/3097 3455/2979/3096
f 3455/2979/3096 3456/2980/3097 3221/2755/2868
f 3371/2905/3013 3456/2980/3097 3451/2975/3092
f 3369/2903/3011 3456/2980/3097 3371/2905/3013
f 3221/2755/2868 3456/2980/3097 3219/2753/2866
f 3369/2903/3011 3368/2902/3010 3457/2981/3098
f 3457/2981/3098 3456/2980/3097 3369/2903/3011
f 3367/2901/3009 3222/2756/2869 3458/2982/3099
f 3368/2902/3010 3367/2901/3009 3458/2982/3099
f 3458/2982/3099 3457/2981/3098 3368/2902/3010
f 3219/2753/2866 3459/2983/3100 3222/2756/2869
f 3458/2982/3099 3222/2756/2869 3459/2983/3100
f 3458/2982/3099 3459/2983/3100 3457/2981/3098
f 3456/2980/3097 3457/2981/3098 3459/2983/3100
f 3459/2983/3100 3219/2753/2866 3456/2980/3097
f 3460/2984/3101 3461/2985/3102 3462/2986/3103
f 3190/2724/2839 3189/2723/2838 3462/2986/3103
f 3462/2986/3103 3463/2987/3104 3190/2724/2839
f 3463/2987/3104 3462/2986/3103 3461/2985/3102
f 3464/2988/3105 3190/2724/2839 3463/2987/3104
f 3190/2724/2839 3464/2988/3105 3192/2726/2841
f 3196/2730/2844 3194/2728/2842 3465/2989/3106
f 3196/2730/2844 3465/2989/3106 3198/2732/2846
f 3192/2726/2841 3465/2989/3106 3194/2728/2842
f 3465/2989/3106 3192/2726/2841 3464/2988/3105
f 3466/2990/2622 3198/2732/2846 3465/2989/3106
f 3465/2989/3106 3464/2988/3105 3466/2990/2622
f 3467/2991/3107 3466/2990/2622 3464/2988/3105
f 3464/2988/3105 3463/2987/3104 3467/2991/3107
f 3463/2987/3104 3461/2985/3102 3468/2992/2626
f 3468/2992/2626 3467/2991/3107 3463/2987/3104
f 3469/2993/3108 3468/2992/2626 3461/2985/3102
f 3469/2993/3108 3461/2985/3102 3470/2994/2634
f 3461/2985/3102 3460/2984/3101 3471/2995/3109
f 3471/2995/3109 3470/2994/2634 3461/2985/3102
f 3472/2996/2670 3471/2995/3109 3460/2984/3101
f 3472/2996/2670 3460/2984/3101 3473/2997/3110
f 3474/2998/2240 3473/2997/3110 3460/2984/3101
f 3475/2999/2238 3462/2986/3103 3189/2723/2838
f 3462/2986/3103 3475/2999/2238 3460/2984/3101
f 3474/2998/2240 3460/2984/3101 3475/2999/2238
f 3476/3000/3111 3477/3001/3112 3478/3002/3046
f 3479/3003/3113 3478/3002/3046 3477/3001/3112
f 3477/3001/3112 3480/3004/3114 3479/3003/3113
f 3481/3005/3115 3479/3003/3113 3480/3004/3114
f 3479/3003/3113 3481/3005/3115 3482/3006/3116
f 3483/3007/3117 3482/3006/3116 3481/3005/3115
f 3482/3006/3116 3483/3007/3117 3484/3008/3118
f 3485/3009/3119 3484/3008/3118 3483/3007/3117
f 3484/3008/3118 3485/3009/3119 3486/3010/3120
f 3487/3011/3121 3486/3010/3120 3485/3009/3119
f 3486/3010/3120 3487/3011/3121 3488/3012/3122
f 3489/3013/3123 3488/3012/3122 3487/3011/3121
f 3488/3012/3122 3489/3013/3123 3490/3014/3124
f 3491/3015/3125 3490/3014/3124 3489/3013/3123
f 3490/3014/3124 3491/3015/3125 3492/3016/3126
f 3493/3017/3127 3492/3016/3126 3491/3015/3125
f 3492/3016/3126 3493/3017/3127 3494/3018/3128
f 3495/3019/3129 3494/3018/3128 3493/3017/3127
f 3482/3006/3116 3496/3020/3130 3479/3003/3113
f 3478/3002/3046 3479/3003/3113 3496/3020/3130
f 3496/3020/3130 3482/3006/3116 3497/3021/3131
f 3484/3008/3118 3497/3021/3131 3482/3006/3116
f 3486/3010/3120 3498/3022/3132 3484/3008/3118
f 3497/3021/3131 3484/3008/3118 3498/3022/3132
f 3488/3012/3122 3499/3023/3038 3486/3010/3120
f 3498/3022/3132 3486/3010/3120 3499/3023/3038
f 3499/3023/3038 3488/3012/3122 3500/3024/3133
f 3490/3014/3124 3500/3024/3133 3488/3012/3122
f 3492/3016/3126 3501/3025/3134 3490/3014/3124
f 3500/3024/3133 3490/3014/3124 3501/3025/3134
f 3494/3018/3128 3502/3026/3135 3492/3016/3126
f 3501/3025/3134 3492/3016/3126 3502/3026/3135
f 3502/3026/3135 3494/3018/3128 3503/3027/3136
f 3494/3018/3128 3495/3019/3129 3504/3028/3137
f 3504/3028/3137 3503/3027/3136 3494/3018/3128
f 3503/3027/3136 3504/3028/3137 3505/3029/3060
f 3506/3030/3138 3505/3029/3060 3504/3028/3137
f 3504/3028/3137 3507/3031/3139 3506/3030/3138
f 3507/3031/3139 3504/3028/3137 3495/3019/3129
f 3508/3032/3140 3506/3030/3138 3507/3031/3139
f 3506/3030/3138 3508/3032/3140 3509/3033/3141
f 3510/3034/3142 3509/3033/3141 3508/3032/3140
f 3509/3033/3141 3510/3034/3142 3511/3035/3143
f 3512/3036/3144 3511/3035/3143 3510/3034/3142
f 3511/3035/3143 3512/3036/3144 3513/3037/3145
f 3514/3038/3146 3513/3037/3145 3512/3036/3144
f 3513/3037/3145 3514/3038/3146 3515/3039/3147
f 3516/3040/3148 3515/3039/3147 3514/3038/3146
f 3515/3039/3147 3516/3040/3148 3517/3041/3149
f 3518/3042/3150 3517/3041/3149 3516/3040/3148
f 3517/3041/3149 3518/3042/3150 3519/3043/3151
f 3520/3044/3152 3519/3043/3151 3518/3042/3150
f 3519/3043/3151 3520/3044/3152 3521/3045/3153
f 3522/3046/3154 3521/3045/3153 3520/3044/3152
f 3521/3045/3153 3522/3046/3154 3523/3047/3112
f 3524/3048/3155 3523/3047/3112 3522/3046/3154
f 3505/3029/3060 3506/3030/3138 3525/3049/3156
f 3509/3033/3141 3525/3049/3156 3506/3030/3138
f 3511/3035/3143 3526/3050/3157 3509/3033/3141
f 3525/3049/3156 3509/3033/3141 3526/3050/3157
f 3513/3037/3145 3527/3051/3158 3511/3035/3143
f 3526/3050/3157 3511/3035/3143 3527/3051/3158
f 3515/3039/3147 3528/3052/3159 3513/3037/3145
f 3527/3051/3158 3513/3037/3145 3528/3052/3159
f 3517/3041/3149 3529/3053/3160 3515/3039/3147
f 3528/3052/3159 3515/3039/3147 3529/3053/3160
f 3529/3053/3160 3517/3041/3149 3530/3054/3037
f 3519/3043/3151 3530/3054/3037 3517/3041/3149
f 3521/3045/3153 3531/3055/3161 3519/3043/3151
f 3530/3054/3037 3519/3043/3151 3531/3055/3161
f 3523/3047/3112 3532/3056/3044 3521/3045/3153
f 3531/3055/3161 3521/3045/3153 3532/3056/3044
f 3533/3057/3162 3534/3058/3163 3535/3059/3164
f 3536/3060/3165 3535/3059/3164 3534/3058/3163
f 3535/3059/3164 3536/3060/3165 3537/3061/3166
f 3538/3062/3167 3537/3061/3166 3536/3060/3165
f 3537/3061/3166 3538/3062/3167 3539/3063/3168
f 3540/3064/3169 3539/3063/3168 3538/3062/3167
f 3539/3063/3168 3540/3064/3169 3541/3065/3170
f 3542/3066/3171 3541/3065/3170 3540/3064/3169
f 3541/3065/3170 3542/3066/3171 3543/3067/3172
f 3544/3068/3173 3543/3067/3172 3542/3066/3171
f 3543/3067/3172 3544/3068/3173 3545/3069/3174
f 3546/3070/2906 3545/3069/3174 3544/3068/3173
f 3545/3069/3174 3546/3070/2906 3547/3071/3175
f 3548/3072/2898 3547/3071/3175 3546/3070/2906
f 3547/3071/3175 3548/3072/2898 3549/3073/3176
f 3550/3074/3177 3549/3073/3176 3548/3072/2898
f 3549/3073/3176 3550/3074/3177 3551/3075/3178
f 3552/3076/3179 3551/3075/3178 3550/3074/3177
f 3553/3077/3178 3554/3078/2880 3555/3079/3180
f 3556/3080/3181 3555/3079/3180 3554/3078/2880
f 3555/3079/3180 3556/3080/3181 3557/3081/3182
f 3558/3082/3183 3557/3081/3182 3556/3080/3181
f 3557/3081/3182 3558/3082/3183 3559/3083/3184
f 3560/3084/3185 3559/3083/3184 3558/3082/3183
f 3559/3083/3184 3560/3084/3185 3561/3085/3186
f 3562/3086/3009 3561/3085/3186 3560/3084/3185
f 3561/3085/3186 3562/3086/3009 3563/3087/3187
f 3564/3088/3188 3563/3087/3187 3562/3086/3009
f 3563/3087/3187 3564/3088/3188 3565/3089/3189
f 3566/3090/3190 3565/3089/3189 3564/3088/3188
f 3565/3089/3189 3566/3090/3190 3567/3091/3191
f 3568/3092/3192 3567/3091/3191 3566/3090/3190
f 3567/3091/3191 3568/3092/3192 3569/3093/3193
f 3569/3093/3193 3570/3094/3194 3533/3057/3162
f 3534/3058/3163 3533/3057/3162 3570/3094/3194
f 3570/3094/3194 3569/3093/3193 3568/3092/3192
f 3571/3095/3195 3572/3096/3196 3573/3097/3197
f 3572/3096/3196 3571/3095/3195 3574/3098/3198
f 3575/3099/2337 3574/3098/3198 3571/3095/3195
f 3574/3098/3198 3575/3099/2337 3576/3100/3199
f 3577/3101/3200 3576/3100/3199 3575/3099/2337
f 3576/3100/3199 3577/3101/3200 3578/3102/3201
f 3579/3103/3202 3578/3102/3201 3577/3101/3200
f 3578/3102/3201 3579/3103/3202 3580/3104/3203
f 3581/3105/3204 3580/3104/3203 3579/3103/3202
f 3580/3104/3203 3581/3105/3204 3582/3106/3205
f 3583/3107/3206 3582/3106/3205 3581/3105/3204
f 3582/3106/3205 3583/3107/3206 3584/3108/3207
f 3585/3109/3208 3584/3108/3207 3583/3107/3206
f 3584/3108/3207 3585/3109/3208 3586/3110/3209
f 3587/3111/3210 3586/3110/3209 3585/3109/3208
f 3586/3110/3209 3587/3111/3210 3588/3112/3211
f 3589/3113/3212 3588/3112/3211 3587/3111/3210
f 3588/3112/3211 3589/3113/3212 3590/3114/3213
f 3572/3096/3196 3591/3115/3214 3592/3116/3215
f 3592/3116/3215 3573/3097/3197 3572/3096/3196
f 3591/3115/3214 3572/3096/3196 3593/3117/3216
f 3574/3098/3198 3593/3117/3216 3572/3096/3196
f 3576/3100/3199 3594/3118/3186 3574/3098/3198
f 3593/3117/3216 3574/3098/3198 3594/3118/3186
f 3578/3102/3201 3595/3119/3217 3576/3100/3199
f 3594/3118/3186 3576/3100/3199 3595/3119/3217
f 3580/3104/3203 3596/3120/3182 3578/3102/3201
f 3595/3119/3217 3578/3102/3201 3596/3120/3182
f 3596/3120/3182 3580/3104/3203 3597/3121/3218
f 3582/3106/3205 3597/3121/3218 3580/3104/3203
f 3584/3108/3207 3598/3122/3219 3582/3106/3205
f 3597/3121/3218 3582/3106/3205 3598/3122/3219
f 3598/3122/3219 3584/3108/3207 3599/3123/3220
f 3586/3110/3209 3599/3123/3220 3584/3108/3207
f 3599/3123/3220 3586/3110/3209 3600/3124/3221
f 3588/3112/3211 3600/3124/3221 3586/3110/3209
f 3600/3124/3221 3588/3112/3211 3601/3125/3222
f 3590/3114/3213 3601/3125/3222 3588/3112/3211
f 3601/3125/3222 3590/3114/3213 3602/3126/3223
f 3603/3127/3224 3602/3126/3223 3590/3114/3213
f 3602/3126/3223 3603/3127/3224 3604/3128/3225
f 3605/3129/3226 3604/3128/3225 3603/3127/3224
f 3604/3128/3225 3605/3129/3226 3606/3130/3168
f 3607/3131/3227 3606/3130/3168 3605/3129/3226
f 3606/3130/3168 3607/3131/3227 3608/3132/3166
f 3609/3133/3228 3608/3132/3166 3607/3131/3227
f 3608/3132/3166 3609/3133/3228 3610/3134/3229
f 3611/3135/3230 3610/3134/3229 3609/3133/3228
f 3610/3134/3229 3611/3135/3230 3612/3136/3231
f 3613/3137/3232 3612/3136/3231 3611/3135/3230
f 3612/3136/3231 3613/3137/3232 3614/3138/3233
f 3615/3139/3234 3614/3138/3233 3613/3137/3232
f 3616/3140/3235 3592/3116/3215 3591/3115/3214
f 3614/3138/3233 3615/3139/3234 3616/3140/3235
f 3592/3116/3215 3616/3140/3235 3615/3139/3234
f 3617/3141/3236 3590/3114/3213 3589/3113/3212
f 3590/3114/3213 3617/3141/3236 3603/3127/3224
f 3618/3142/3237 3603/3127/3224 3617/3141/3236
f 3603/3127/3224 3618/3142/3237 3605/3129/3226
f 3605/3129/3226 3619/3143/3238 3607/3131/3227
f 3619/3143/3238 3605/3129/3226 3618/3142/3237
f 3607/3131/3227 3620/3144/3239 3609/3133/3228
f 3620/3144/3239 3607/3131/3227 3619/3143/3238
f 3609/3133/3228 3621/3145/3240 3611/3135/3230
f 3621/3145/3240 3609/3133/3228 3620/3144/3239
f 3622/3146/3241 3611/3135/3230 3621/3145/3240
f 3611/3135/3230 3622/3146/3241 3613/3137/3232
f 3613/3137/3232 3623/3147/3242 3615/3139/3234
f 3623/3147/3242 3613/3137/3232 3622/3146/3241
f 3573/3097/3197 3592/3116/3215 3624/3148/3243
f 3615/3139/3234 3624/3148/3243 3592/3116/3215
f 3624/3148/3243 3615/3139/3234 3623/3147/3242
f 3625/3149/3244 3626/3150/3245 3627/3151/3246
f 3626/3150/3245 3625/3149/3244 3628/3152/3247
f 3629/3153/3248 3628/3152/3247 3625/3149/3244
f 3628/3152/3247 3629/3153/3248 3630/3154/3249
f 3631/3155/3250 3630/3154/3249 3629/3153/3248
f 3630/3154/3249 3631/3155/3250 3632/3152/3251
f 3633/3153/3252 3632/3152/3251 3631/3155/3250
f 3632/3152/3251 3633/3153/3252 3634/3150/3253
f 3635/3149/3254 3634/3150/3253 3633/3153/3252
f 3634/3150/3253 3635/3149/3254 3636/3156/3255
f 3637/3151/3256 3636/3156/3255 3635/3149/3254
f 3636/3156/3255 3637/3151/3256 3638/3157/3257
f 3639/3158/3258 3638/3157/3257 3637/3151/3256
f 3638/3157/3257 3639/3158/3258 3640/3159/3259
f 3641/3160/3260 3640/3159/3259 3639/3158/3258
f 3640/3159/3259 3641/3160/3260 3642/3157/3261
f 3643/3158/3262 3642/3157/3261 3641/3160/3260
f 3627/3151/3246 3644/3156/3263 3643/3158/3262
f 3644/3156/3263 3627/3151/3246 3626/3150/3245
f 3642/3157/3261 3643/3158/3262 3644/3156/3263
f 3642/3157/3261 3645/3161/3264 3640/3159/3259
f 3644/3156/3263 3646/3162/3265 3642/3157/3261
f 3645/3161/3264 3642/3157/3261 3646/3162/3265
f 3626/3150/3245 3647/3163/3266 3644/3156/3263
f 3646/3162/3265 3644/3156/3263 3647/3163/3266
f 3628/3152/3247 3648/3164/3267 3626/3150/3245
f 3647/3163/3266 3626/3150/3245 3648/3164/3267
f 3648/3164/3267 3628/3152/3247 3649/3165/1991
f 3630/3154/3249 3649/3165/1991 3628/3152/3247
f 3632/3152/3251 3650/3164/3268 3630/3154/3249
f 3649/3165/1991 3630/3154/3249 3650/3164/3268
f 3634/3150/3253 3651/3163/3269 3632/3152/3251
f 3650/3164/3268 3632/3152/3251 3651/3163/3269
f 3636/3156/3255 3652/3162/3270 3634/3150/3253
f 3651/3163/3269 3634/3150/3253 3652/3162/3270
f 3638/3157/3257 3653/3161/1986 3636/3156/3255
f 3652/3162/3270 3636/3156/3255 3653/3161/1986
f 3653/3161/1986 3638/3157/3257 3654/3166/3271
f 3640/3159/3259 3654/3166/3271 3638/3157/3257
f 3654/3166/3271 3640/3159/3259 3645/3161/3264
f 3633/3153/3252 3655/3167/3272 3635/3149/3254
f 3631/3155/3250 3656/3168/3273 3633/3153/3252
f 3655/3167/3272 3633/3153/3252 3656/3168/3273
f 3629/3153/3248 3657/3167/3274 3631/3155/3250
f 3656/3168/3273 3631/3155/3250 3657/3167/3274
f 3625/3149/3244 3658/3169/3275 3629/3153/3248
f 3657/3167/3274 3629/3153/3248 3658/3169/3275
f 3658/3169/3275 3625/3149/3244 3659/3170/3276
f 3627/3151/3246 3659/3170/3276 3625/3149/3244
f 3643/3158/3262 3660/3171/3277 3627/3151/3246
f 3659/3170/3276 3627/3151/3246 3660/3171/3277
f 3641/3160/3260 3661/3172/3278 3643/3158/3262
f 3660/3171/3277 3643/3158/3262 3661/3172/3278
f 3639/3158/3258 3662/3171/3279 3641/3160/3260
f 3661/3172/3278 3641/3160/3260 3662/3171/3279
f 3662/3171/3279 3639/3158/3258 3663/3170/3280
f 3637/3151/3256 3663/3170/3280 3639/3158/3258
f 3635/3149/3254 3664/3169/3281 3637/3151/3256
f 3664/3169/3281 3635/3149/3254 3655/3167/3272
f 3663/3170/3280 3637/3151/3256 3664/3169/3281
f 3663/3170/3280 3665/3173/3282 3662/3171/3279
f 3664/3169/3281 3666/3174/3283 3663/3170/3280
f 3665/3173/3282 3663/3170/3280 3666/3174/3283
f 3655/3167/3272 3667/3175/3284 3664/3169/3281
f 3666/3174/3283 3664/3169/3281 3667/3175/3284
f 3656/3168/3273 3668/3176/2574 3655/3167/3272
f 3667/3175/3284 3655/3167/3272 3668/3176/2574
f 3668/3176/2574 3656/3168/3273 3669/3175/3285
f 3657/3167/3274 3669/3175/3285 3656/3168/3273
f 3658/3169/3275 3670/3174/3286 3657/3167/3274
f 3669/3175/3285 3657/3167/3274 3670/3174/3286
f 3659/3170/3276 3671/3173/3287 3658/3169/3275
f 3670/3174/3286 3658/3169/3275 3671/3173/3287
f 3660/3171/3277 3672/3177/2570 3659/3170/3276
f 3671/3173/3287 3659/3170/3276 3672/3177/2570
f 3661/3172/3278 3673/3178/3288 3660/3171/3277
f 3672/3177/2570 3660/3171/3277 3673/3178/3288
f 3673/3178/3288 3661/3172/3278 3674/3177/3289
f 3662/3171/3279 3674/3177/3289 3661/3172/3278
f 3674/3177/3289 3662/3171/3279 3665/3173/3282
o mesh1
v 0.014261 -0.050746 0.050308
v 0.014261 -0.033292 0.032976
v -0.010337 -0.050746 0.050308
v -0.010337 -0.033292 0.032976
vn 0.0020 0.7021 0.7121
vn 0.0015 0.7048 0.7094
vn -0.0023 0.7033 0.7109
vn -0.0007 0.7051 0.7092
vt 0.006300 0.993700
vt 0.006300 0.008600
vt 0.992100 0.993700
vt 0.992100 0.008600
s 1
usemtl screen
f 3675/3179/3290 3676/3180/3291 3677/3181/3292
f 3678/3182/3293 3677/3181/3292 3676/3180/3291
